card_id,dbf_id,name,set,class,type,collectible,mechanics,text,text_sha256,implementation,playable_ready,verification
CAP_000,127011,SI:7 Slayer,ESCAPEFROM_VIOLET_HOLD,ROGUE,MINION,True,"STEALTH,TRIGGER_VISUAL","Stealth. Whenever a friendly Stealthed minion attacks, give it +2/+2.",8a76687f8e8a1137602757833c125ea52899e10019706ecdcb1ad9611f3f4e76,not_implemented,False,missing
CAP_000e,132827,Slayer,ESCAPEFROM_VIOLET_HOLD,ROGUE,ENCHANTMENT,False,,+2/+2.,6496ac6ee3bdc68621e62fed137957624c2b0bd825dd961051f0d8c2f5e4eb44,not_implemented,False,missing
CAP_001,127028,Silent Strike,ESCAPEFROM_VIOLET_HOLD,ROGUE,SPELL,True,,"Give a minion +3 Attack. If it's Stealthed, deal its Attack damage to a random enemy minion.",8cb685e2f56eb3b153f13d8485b8b5b52584d8068541be9baf13d2065f32d8c4,not_implemented,False,missing
CAP_001e,127029,Silent,ESCAPEFROM_VIOLET_HOLD,ROGUE,ENCHANTMENT,False,,+3 Attack.,9ff6ca718148527a960800a10bab5d2aff98ca656a0f9545a47002e4188f2dd2,not_implemented,False,missing
CAP_002,127041,Follow the Footsteps,ESCAPEFROM_VIOLET_HOLD,ROGUE,SPELL,True,DISCOVER,Discover a Stealth minion. Give it this effect for a turn.,6ce9a595b295b3e638818a4fb810ea278c4f1fabc7c939ae4848f1554345a2c1,not_implemented,False,missing
CAP_002e,127043,Following the Footsteps,ESCAPEFROM_VIOLET_HOLD,ROGUE,ENCHANTMENT,False,"ENCHANTMENT_INVISIBLE,TAG_ONE_TURN_EFFECT","After you play the card, Discover a Stealth minion and give it this effect",8d949491f1cd93c5f8600e346d8094c835192ca29009886bb4849ad913a59b6f,not_implemented,False,missing
CAP_003,127054,SI:7 Supplier,ESCAPEFROM_VIOLET_HOLD,ROGUE,MINION,True,"STEALTH,TRIGGER_VISUAL","Stealth After this attacks, draw a card.",d5d0b82c18e92988f17512831cb8ff44d107ea1abc280585edd47fbc677fd300,not_implemented,False,missing
CAP_004,127055,Disguised Operator,ESCAPEFROM_VIOLET_HOLD,ROGUE,MINION,True,"DEATHRATTLE,RUSH",Can be played on either side. Rush. Deathrattle: Your opponent draws 2 cards.,d0bc0d4edba74aef6034111a8eaa7841f90b58d62c7b8a54bd58ad3c604c1d17,declarative,True,focused_or_regression_tests
CAP_004a,130030,Detected!,ESCAPEFROM_VIOLET_HOLD,ROGUE,SPELL,False,,This was played on the friendly side.,87374bd3fcfdc7c22785183298a64aa1dc8a1fa91748e5a866b0551e692deca9,not_implemented,False,missing
CAP_004b,130031,Disguised!,ESCAPEFROM_VIOLET_HOLD,ROGUE,SPELL,False,,This was played on the enemy side.,5104416a69fc5614dc54f6a2ccaeb9777dc8d0fbc5d0d0bf033dc647b66de370,not_implemented,False,missing
CAP_005,127056,Mathias Shaw,ESCAPEFROM_VIOLET_HOLD,ROGUE,MINION,True,"STEALTH,TRIGGER_VISUAL","Stealth. Whenever a friendly Stealthed minion attacks, reduce the Cost of a random card in your hand by (3).",903c1893a2a8a5bc6ce8fd28f8ddb17446e23a83e5e51b726a6e60d8f428886c,not_implemented,False,missing
CAP_005e4,132832,Stealth 100,ESCAPEFROM_VIOLET_HOLD,ROGUE,ENCHANTMENT,False,,Costs (3) less.,6caafdd3cbb501bd0d8b0de246f1f80df4d752f4fa8c5044bc1d2b8fc9d200e6,not_implemented,False,missing
CAP_006,127073,Tricks of the Trade,ESCAPEFROM_VIOLET_HOLD,ROGUE,SPELL,True,,"Deal $1 damage. If a Stealthed minion attacked while holding this, deal $3 instead.",d87e9a254a3110fde90f18c5906524c8494fa5ba8cf579e700369bbc2cf320cc,not_implemented,False,missing
CAP_101,127013,Follow the Fuse,ESCAPEFROM_VIOLET_HOLD,WARRIOR,SPELL,True,,Deal $2 damage to a random enemy. Give a playable Pirate in your hand this effect for a turn.,03e350989a0eaddaca77e9c477acffc6a51c7b6277db00693301253fcc03d92e,not_implemented,False,missing
CAP_101e,127035,Following the Fuse,ESCAPEFROM_VIOLET_HOLD,WARRIOR,ENCHANTMENT,False,"ENCHANTMENT_INVISIBLE,TAG_ONE_TURN_EFFECT","When played, deal $2 damage to a random enemy. Give a playable Pirate in your hand this effect for a turn.",28238f06d2a7d0a7fb08cf6f98e33ebcb6ab9166507aeec1087dc28d24a96568,not_implemented,False,missing
CAP_101e2,134688,Following the X Player Enchant,ESCAPEFROM_VIOLET_HOLD,NEUTRAL,ENCHANTMENT,False,TAG_ONE_TURN_EFFECT,Player enchant for the Follow the X series of cards,491daa73937bdd1e783497fa5367951f219f0ac2d60b0813db99483846f85614,not_implemented,False,missing
CAP_102,127014,Land Ho!,ESCAPEFROM_VIOLET_HOLD,WARRIOR,SPELL,True,,Draw 2 cards. Summon two 1/1 Cannoneers.,35dc9c80adbc4dce1b8bd48f979a53b88c5606fad409d8040be6b27bd3790053,not_implemented,False,missing
CAP_103,127015,Hand Cannon,ESCAPEFROM_VIOLET_HOLD,WARRIOR,WEAPON,True,TRIGGER_VISUAL,"After your hero attacks, your Cannoneers FIRE!",a1e5ad0bfe91068c8aa958217c6be8d76bc851e6b382ae0ed39f33deeeae0c77,not_implemented,False,missing
CAP_104,127016,Blastpowder Engineer,ESCAPEFROM_VIOLET_HOLD,WARRIOR,MINION,True,AURA,"On your turn, friendly Pirates deal 1 more damage.",73b565a3c96692b0a23d741729cc668330fb551b815def8650a5777a09f5312f,legacy_compatibility,True,focused_or_regression_tests
CAP_105,127017,Hook n' Heave,ESCAPEFROM_VIOLET_HOLD,WARRIOR,SPELL,True,DISCOVER,Discover a Pirate. Summon two 1/1 Cannoneers.,c0b9f7a590f444e12f97550eca2842b6b015b265007f1fb222fdf18cf600a04b,legacy_compatibility,True,focused_or_regression_tests
CAP_105t,127018,Cutlass Cutthroat,ESCAPEFROM_VIOLET_HOLD,WARRIOR,MINION,False,RUSH,Rush,34ebcd9fcba8b65689b051c3005a425f2d253adfaf42ff0f9cf99487762df7de,not_implemented,False,missing
CAP_106,127019,Captain Crowley,ESCAPEFROM_VIOLET_HOLD,WARRIOR,MINION,True,"AURA,BATTLECRY",Your Cannoneers fire an additional shot. Battlecry: Summon two 1/1 Cannoneers.,48d2619df59b83366d2754dcb2a6956800cf12183f310c4a65e4d39c095f69a2,declarative,True,focused_or_regression_tests
CAP_106e,132269,Bombardment,ESCAPEFROM_VIOLET_HOLD,NEUTRAL,ENCHANTMENT,False,,Your Cannoneers fire an additional shot.,2b84068b4c2e395ccdab9f2c7dd20eecd27823b138d9335496ddcec8e1d95bc2,not_implemented,False,missing
CAP_107,127099,Cannonmaster,ESCAPEFROM_VIOLET_HOLD,WARRIOR,MINION,True,BATTLECRY,Battlecry: Get a 1/1 Cannoneer that deals 1 damage to a random enemy at end of turn.,61d674a27e8c052e05e36491e41abc46d486ba0ff5e0297d1b2802946e91a592,declarative,True,focused_or_regression_tests
CAP_107t,127012,Cannoneer,ESCAPEFROM_VIOLET_HOLD,WARRIOR,MINION,False,TRIGGER_VISUAL,"At the end of your turn, deal 1 damage to a random enemy.",4280fa791e98115f020e554a506f43603e99e181c4fa09d0587240e516a6bf9e,legacy_compatibility,True,focused_or_regression_tests
CAP_400,127033,Kabal Conspirator,ESCAPEFROM_VIOLET_HOLD,WARLOCK,MINION,True,DEATHRATTLE,Deathrattle: Put two 3/3 Imp-formants into the enemy deck. They summon for YOU when drawn.,ed3e4ab32ebe4699149bebe07b47f18c5f27e1647907e781f8f5aef08a618e85,not_implemented,False,missing
CAP_400t2t,127024,Imp-formant,ESCAPEFROM_VIOLET_HOLD,WARLOCK,MINION,False,LIFESTEAL,Lifesteal Summoned When Drawn (for your opponent),3572e0c6a7e924cffc1a2b72539114967890e4b7d37676a03b3b5c7e947fc47a,legacy_compatibility,True,focused_or_regression_tests
CAP_401,127037,Corrupt Constable,ESCAPEFROM_VIOLET_HOLD,WARLOCK,MINION,True,BATTLECRY,"Battlecry: If the enemy deck has any Imp-formants, move one to the top and give it +2/+2.",e47a5b0c738cd135747dc90138927c20856794a98879488dca7350486af917a4,not_implemented,False,missing
CAP_401e,127039,Tipped Off,ESCAPEFROM_VIOLET_HOLD,NEUTRAL,ENCHANTMENT,False,,+2/+2.,6496ac6ee3bdc68621e62fed137957624c2b0bd825dd961051f0d8c2f5e4eb44,not_implemented,False,missing
CAP_402,127051,Follow the Evidence,ESCAPEFROM_VIOLET_HOLD,WARLOCK,SPELL,True,,Put a 3/3 Imp-formant into the enemy deck. Give a playable card in your hand this effect for a turn.,275cb4bd5d9a260e638a8552d96f04ea35abbb969b1d6ca422973e231c12e69f,not_implemented,False,missing
CAP_402e,127052,Following the Evidence,ESCAPEFROM_VIOLET_HOLD,WARLOCK,ENCHANTMENT,False,"ENCHANTMENT_INVISIBLE,TAG_ONE_TURN_EFFECT",Shuffle a 3/3 Imp-formant into the enemy deck. Give a playable card in your hand this effect for a turn.,01df3efde6761075eae6639c2a485f03cc0f0d67ec6773a769692bca56fbfb76,not_implemented,False,missing
CAP_403,127057,Frame Job,ESCAPEFROM_VIOLET_HOLD,WARLOCK,SPELL,True,DISCOVER,Destroy two random enemy minions. Discover a minion in the enemy deck to put on top.,2ee5e61291fdf05e696873b18a126103fea362805524f8ae1ecb4383652171bf,not_implemented,False,missing
CAP_404,127058,Harsh Sentence,ESCAPEFROM_VIOLET_HOLD,WARLOCK,SPELL,True,,Enemy minions cost (2) more next turn. Put two 3/3 Imp-formants into the enemy deck.,3c3d1973e510a089fb0c688d5f9454757c254e8dd2db020eefa04c9b433f7b46,declarative,True,focused_or_regression_tests
CAP_404e,127059,Harshing My Vibe,ESCAPEFROM_VIOLET_HOLD,NEUTRAL,ENCHANTMENT,False,,Your minions cost (2) more this turn.,4d0a236cb7003b202767d7c673e081fd7feac88070762c95bd0fb4048bc9146d,not_implemented,False,missing
CAP_405,127067,Godfather Kazakus,ESCAPEFROM_VIOLET_HOLD,WARLOCK,MINION,True,BATTLECRY,Battlecry: Plot a custom sham trial! Then choose the trial's length.,6fcb606c50192e33d66f69b05125029cd6977f56f58ecc83b986a1d6cf42372f,not_implemented,False,missing
CAP_405t1,132837,Detained for Destruction,ESCAPEFROM_VIOLET_HOLD,WARLOCK,SPELL,False,,Force each minion to attack another minion.,f60b59d2dbf29ba143d514e3ff3511273fd7d1035ff6d1fbd5a7c4bdc02e7867,not_implemented,False,missing
CAP_405t2,132849,Convicted for Conspiracy,ESCAPEFROM_VIOLET_HOLD,WARLOCK,SPELL,False,,Take control of a random enemy minion.,154e4170aac6d84c7411a1a4f618dc40b3268214202696a7d19c4814a8f747d1,not_implemented,False,missing
CAP_405t3,132843,Sentenced for Smuggling,ESCAPEFROM_VIOLET_HOLD,WARLOCK,SPELL,False,,Steal 2 cards from your opponent's hand.,1dbeafe7a1e1ad2e998b6499d0bc15837f8142328f4fae73ae97fe7846d0efe4,not_implemented,False,missing
CAP_405t4,132838,Crate of Contraband,ESCAPEFROM_VIOLET_HOLD,WARLOCK,SPELL,False,,Draw 3 cards.,8619e16e844a591fbc178baf6c2f8c48866083de40c725208731b67d5dd8d28d,not_implemented,False,missing
CAP_405t5,132844,Spurious Shiv,ESCAPEFROM_VIOLET_HOLD,WARLOCK,SPELL,False,,Give minions in your hand and battlefield +3/+3.,24b1992132b824ac97fac43f9e57e74ccc7c5faa5f530e4b21ed58653508d6f2,not_implemented,False,missing
CAP_405t5e,132846,Dubious Daggers,ESCAPEFROM_VIOLET_HOLD,NEUTRAL,ENCHANTMENT,False,,+3/+3,0e3f723805a42a1530cff6f20875485a2b6ba6d5a66f1775ce79f3d339510917,not_implemented,False,missing
CAP_405t6,132850,Criminal Contract,ESCAPEFROM_VIOLET_HOLD,WARLOCK,SPELL,False,,Summon three random 3-Cost minions.,5fc06e45df2bdb7636941fa4549dcce55b9c193d3fc33bd1a42a7e003e433854,not_implemented,False,missing
CAP_405t7,132851,Potion of Perjury,ESCAPEFROM_VIOLET_HOLD,WARLOCK,SPELL,False,,Reduce the Cost of minions in your hand by (2).,7afcf0fbd06fa97ce4868c78b869e2cf30de44d529c1392b5596180b557086d8,not_implemented,False,missing
CAP_405t7e,132855,Perjurer,ESCAPEFROM_VIOLET_HOLD,NEUTRAL,ENCHANTMENT,False,,Costs (2) less.,bcd95b4cd2985e2f0c305c5169941206c581bba81e2787cc566ffef3dcc8e018,not_implemented,False,missing
CAP_405t8,132856,Swill of Suggestibility,ESCAPEFROM_VIOLET_HOLD,WARLOCK,SPELL,False,,Restore #12 Health to your hero.,982374c3208ab1909198388d914154702a1c749755d622c20050b54991662130,not_implemented,False,missing
CAP_405t9,132848,Tonic of Tyranny,ESCAPEFROM_VIOLET_HOLD,WARLOCK,SPELL,False,,Summon a Voidlord.,05d2437e71c67935711272e9779239ffe90974da754838170bb801038b5db3c2,not_implemented,False,missing
CAP_405tb1,132829,Rushed Trial,ESCAPEFROM_VIOLET_HOLD,WARLOCK,SPELL,False,,{0} {1},10866a9df5f8be5be75c79314de01412b0b35db060b06fdc333c1d9cd82d73c0,not_implemented,False,missing
CAP_405tb1b,132873,Rushed Trial,ESCAPEFROM_VIOLET_HOLD,WARLOCK,SPELL,False,,The trial finishes immediately!,33638a9e81f46fc8072a6342e065274327c093cecdce9ff34f065488176e9907,not_implemented,False,missing
CAP_405tb2,132830,Grueling Trial,ESCAPEFROM_VIOLET_HOLD,WARLOCK,SPELL,False,,"In 1 turn, {0} {1}",0073e44c12a38c58120431c6658f9808374c30e790e9f2a76e57756c5e36614c,not_implemented,False,missing
CAP_405tb2b,132874,Grueling Trial,ESCAPEFROM_VIOLET_HOLD,WARLOCK,SPELL,False,,The trial finishes at the start of your next turn.,81a749bcedaeef3ba06c6c23c5aeb82b9671220e695543e403bbc770ac0776e2,not_implemented,False,missing
CAP_405tb3,132831,Unending Trial,ESCAPEFROM_VIOLET_HOLD,WARLOCK,SPELL,False,,"In 4 turns, {0} {1}",17c48ce52fe58085904d4632da5270a4fab2c9e6312c381954493142f88ccefc,not_implemented,False,missing
CAP_405tb3b,132875,Unending Trial,ESCAPEFROM_VIOLET_HOLD,WARLOCK,SPELL,False,,The trial finishes in 4 turns.,7c0eaa04bb8d40d20a38e457dc00e0781ef1d1473c57997f6beb8bcfaa8d9d86,not_implemented,False,missing
CAP_406,127090,Kabal Mastermind,ESCAPEFROM_VIOLET_HOLD,WARLOCK,MINION,True,"BATTLECRY,TAUNT","Taunt. Battlecry: Whenever you summon an Imp-formant this game, give it +2/+2.",d6a2c50a1730d3bf4b038c9570c86f84692642cb04656e972c393596ac401d79,not_implemented,False,missing
CAP_406e,134445,Imp-roved Imp-formants,ESCAPEFROM_VIOLET_HOLD,WARLOCK,ENCHANTMENT,False,TRIGGER_VISUAL,"Whenever you summon an Imp-formant this game, give it +2/+2.",6212b37b74775178b21aa1c4b11a764b23794a8e794a831719e71ba11cc8ff59,not_implemented,False,missing
CAP_406e2,134470,Imp-bedded,ESCAPEFROM_VIOLET_HOLD,NEUTRAL,ENCHANTMENT,False,,+2/+2.,6496ac6ee3bdc68621e62fed137957624c2b0bd825dd961051f0d8c2f5e4eb44,not_implemented,False,missing
CAP_407,129888,Wanted Poster,ESCAPEFROM_VIOLET_HOLD,NEUTRAL,SPELL,True,DISCOVER,Discover a minion that costs (5) or more. Give it Prepare.,0848dd0c7ebae704631886fbdc44bd2e54a4ec41a89584d745a4587c5c25b56a,not_implemented,False,missing
CAP_407e,134782,Wanted!,ESCAPEFROM_VIOLET_HOLD,NEUTRAL,ENCHANTMENT,False,ENCHANTMENT_INVISIBLE,Ensure Deck Action tag is set,fbb381c2120cf18180dc2906f7fa0ed1b12abc060f9c90fbd8cdab1a805521fe,not_implemented,False,missing
CAP_800,127060,Sinful Steed,ESCAPEFROM_VIOLET_HOLD,PRIEST,MINION,True,REBORN,Reborn. This is Reborn with full Health and enchantments.,d08a7d157a2c496169682b57b56af60d437c4b3003744a434f191a58b0947a69,legacy_compatibility,True,focused_or_regression_tests
CAP_800e,134669,Neigh!,ESCAPEFROM_VIOLET_HOLD,PRIEST,ENCHANTMENT,False,ENCHANTMENT_INVISIBLE,Reborn. Is Reborn with full Health and enchantments.,dce358bfd14af55bc9832dd382ea93d8bba1167de76a93bf474d0aae0b6f0001,not_implemented,False,missing
CAP_801,127061,Haunt,ESCAPEFROM_VIOLET_HOLD,PRIEST,SPELL,True,,"Give a minion +2/+3, Reborn, and Taunt.",e9149b130bfe0148f3d9861f1f59c46493a0256ebeaf8707a0db9569f1aa4b29,not_implemented,False,missing
CAP_801e2,134429,Haunted,ESCAPEFROM_VIOLET_HOLD,NEUTRAL,ENCHANTMENT,False,,+2/+3 Reborn and Taunt.,9c097ef3d8b13bfe4c09a8cc4fbff0bc010b96b44c63819922d2c228ce149441,not_implemented,False,missing
CAP_802,127062,Follow the Ghosts,ESCAPEFROM_VIOLET_HOLD,PRIEST,SPELL,True,,Summon a 2/1 Ghost with Reborn. Give a playable card in your hand this effect for a turn.,c44438552e81498026c42f5153158e4ccf8d8662b0028c93ad0958a21d7441e7,not_implemented,False,missing
CAP_802e1,132351,Following the Ghosts,ESCAPEFROM_VIOLET_HOLD,PRIEST,ENCHANTMENT,False,"ENCHANTMENT_INVISIBLE,TAG_ONE_TURN_EFFECT","After this is played, summon a 2/1 Ghost with Reborn. Give a card in your hand this effect for a turn.",cf10ae3215897e5d2677ca5e936b7c1431cdbb995dc1fc7cc0a2d7763298a885,not_implemented,False,missing
CAP_802t,127063,Spooky Ghost,ESCAPEFROM_VIOLET_HOLD,PRIEST,MINION,False,REBORN,Reborn,388c9225a0d44757fb34160872c30e57879cbe07227ae63649d92c3f417fd8a4,not_implemented,False,missing
CAP_803,127064,Lingering Spirit,ESCAPEFROM_VIOLET_HOLD,PRIEST,MINION,True,"DEATHRATTLE,REBORN",Reborn Deathrattle: Restore #3 Health to your hero. Excess healing damages a random enemy.,b7c2c0e0ebcf2ee738f1f3c2236b00d7563866a4416d7b47e2a735b2ba020746,not_implemented,False,missing
CAP_804,127065,Specter Specialist,ESCAPEFROM_VIOLET_HOLD,PRIEST,MINION,True,BATTLECRY,"Battlecry: Give a friendly minion Reborn. If it already has Reborn, summon a copy of it.",e38a40c16f922b871b9eab04fd27944c1c54b707a3ad22964bfa1a5257403432,not_implemented,False,missing
CAP_805,127092,Slime 'em!,ESCAPEFROM_VIOLET_HOLD,PRIEST,SPELL,True,,Destroy all minions. Each player gets a 3-Cost spell that resummons theirs.,8c8784c7af89e9ac22559a4f97afb08d533620ae37c55e89d25093880e9d149b,not_implemented,False,missing
CAP_805e,127117,I've Been Slimed,ESCAPEFROM_VIOLET_HOLD,PRIEST,ENCHANTMENT,False,,,e3b0c44298fc1c149afbf4c8996fb92427ae41e4649b934ca495991b7852b855,not_implemented,False,missing
CAP_805t,127118,Ectoplasm,ESCAPEFROM_VIOLET_HOLD,PRIEST,SPELL,False,,Resummon all friendly minions that were slimed.,4a974d5e62f38431b88a2bc4efb7032ad8f38581dd13b4401aa745bf5591705e,not_implemented,False,missing
CAP_806,127068,Raith Van Geist,ESCAPEFROM_VIOLET_HOLD,PRIEST,MINION,True,BATTLECRY,Battlecry: Resurrect your minions that were Reborn this game. They attack random enemy minions.,3cab13a268cdcf159c87880bff6d5cac0cac6e01e8ee1b2844c984533b50890f,not_implemented,False,missing
CATA_111,122500,Darkscale Broodmother,CATACLYSM,NEUTRAL,MINION,True,BATTLECRY,"Battlecry: If you're holding a Dragon, refresh 2 Mana Crystals.",e8e0bd37fdcc3f8652891f40af6dc7cef109d6d4d66f347dcb83c09cc2d4987b,legacy_compatibility,True,focused_or_regression_tests
CATA_130,122966,Crystalspine Cub,CATACLYSM,DRUID,MINION,True,TRIGGER_VISUAL,"Whenever you spend your last Mana Crystal, gain +1/+1.",0292348a742d2d118a10fd4203aff7d54ae0c487b4ae1fdd23d4d1d707396387,legacy_compatibility,True,focused_or_regression_tests
CATA_130e,122980,Crystallized,CATACLYSM,DRUID,ENCHANTMENT,False,,+1/+1.,afc89c2ca41679d8ca8a2c52feea4637bb75b326ab9a2cdeac23cd43d9259603,not_implemented,False,missing
CATA_131,122967,Felwood Treant,CATACLYSM,DRUID,MINION,True,BATTLECRY,"Battlecry: Gain a temporary Mana Crystal. If you spent 4 Mana while holding this, it's permanent. ({0} left!)@Battlecry: Gain a temporary Mana Crystal. If you spent 4 Mana while holding this, it's permanent. (Ready!)@Battlecry: Gain a temporary Mana Crystal. If you spent 4 Mana while holding this, it's permanent.",32217176ef8019326689e0a17ef1e7edd2110ce6f854f2e35330afff1001b0d7,declarative,True,focused_or_regression_tests
CATA_132,122968,Broodwatcher,CATACLYSM,DRUID,MINION,True,BATTLECRY,"Battlecry: Get two 3/3 Whelps with Taunt. If you spent 8 Mana while holding this, summon them. ({0} left!)@Battlecry: Get two 3/3 Whelps with Taunt. If you spent 8 Mana while holding this, summon them. (Ready!)@Battlecry: Get two 3/3 Whelps with Taunt. If you spent 8 Mana while holding this, summon them.",a3c3db0ee1546789db9fdb4b04daaeaa6b2e76a38101a18bfc3f40b63e9d182d,not_implemented,False,missing
CATA_132t,122969,Emerald Whelp,CATACLYSM,DRUID,MINION,False,TAUNT,Taunt,aa1c342daeb99a7dd8a63d75bed9ad127b763c6cd74891b0ce1a090898c7534e,not_implemented,False,missing
CATA_133,122970,Iridescent Flitterwing,CATACLYSM,DRUID,MINION,True,"ELUSIVE,TRIGGER_VISUAL","Elusive At the end of your turn, give your other minions +1/+1.",408025b58c5551e7d00b718fe28381570ccb535e0325cc7768b68cd852a99d1c,not_implemented,False,missing
CATA_133e,122981,Iridescent Glow,CATACLYSM,NEUTRAL,ENCHANTMENT,False,,+1/+1,eb43762ec1d50eb31818b9eff4499ebb6487019350de83618a0b01eb918da538,not_implemented,False,missing
CATA_134,122971,Wildwood Circle,CATACLYSM,DRUID,SPELL,True,,"Shatter. Summon two 2/2 Treants. Give your minions ""Deathrattle: Summon a 2/2 Treant.""",cd6959b57b582c6e05b6bd9c3b523f04d688841f8e2b48ff6946647b36b8c43b,not_implemented,False,missing
CATA_134e,127980,Wildwood Aura,CATACLYSM,DRUID,ENCHANTMENT,False,,Deathrattle: Summon a 2/2 Treant.,31b64e9e9921b01f53f050fc807d842648f3d773c3de6af3e12d6ab674e38e66,not_implemented,False,missing
CATA_134t,122972,Wildwood Circle,CATACLYSM,DRUID,SPELL,False,EVIL_GLOW,Shattered Summon two 2/2 Treants.,33a4c07680119832d4c7743a3a1167a0de6ca3eddb1595482c928e424b2fdd48,not_implemented,False,missing
CATA_134t2,122973,Wildwood Circle,CATACLYSM,DRUID,SPELL,False,EVIL_GLOW,"Shattered Give your minions ""Deathrattle: Summon a 2/2 Treant.""",0162c0cc2070ccc35b1e2af57edab849008b95cbc8605210f0c25c3fa0def43d,not_implemented,False,missing
CATA_134t3,126886,Treant,CATACLYSM,DRUID,MINION,False,,,e3b0c44298fc1c149afbf4c8996fb92427ae41e4649b934ca495991b7852b855,not_implemented,False,missing
CATA_135,123023,Mossbinding,CATACLYSM,DRUID,SPELL,True,,Summon two 1/2 Golems. Spend all your Mana to give them +1/+1 for each Mana spent.,221e4354524a080be4e98b9feb45e7c51f32664b042db9ba42b7989a9810687b,not_implemented,False,missing
CATA_135e,122984,Moss Shaped,CATACLYSM,DRUID,ENCHANTMENT,False,,Increased stats.,86366dffd9632c41254a7086bccc8785950a645bfec07910fece2646282f81be,not_implemented,False,missing
CATA_135t,122974,Moss Golem,CATACLYSM,DRUID,MINION,False,,,e3b0c44298fc1c149afbf4c8996fb92427ae41e4649b934ca495991b7852b855,not_implemented,False,missing
CATA_136,122975,Azshara's Triumph,CATACLYSM,DRUID,SPELL,True,,Shuffle 5 random minions into your deck that cost (8) or more. Double their stats.,22e32f6ba8803ead4bb43634daa4a5e0701816c08649714da567e081a586c538,not_implemented,False,missing
CATA_136e,122985,Azshara's Triumph,CATACLYSM,NEUTRAL,ENCHANTMENT,False,,Doubled Attack and Health.,ea31175b7dbb3f0b1f0e38824be3bd30348b0bf68299188bf4cb3c48661ce506,not_implemented,False,missing
CATA_138,122988,Forest's Gift,CATACLYSM,DRUID,SPELL,True,,Give a friendly minion +1/+1 for each minion you control.,016e7832126ef55099c94df9e37e2563feeb3be998a6c85d76d71720f86d2645,declarative,True,focused_or_regression_tests
CATA_138e,127198,Tree Hugged,CATACLYSM,NEUTRAL,ENCHANTMENT,False,,Increased stats.,86366dffd9632c41254a7086bccc8785950a645bfec07910fece2646282f81be,not_implemented,False,missing
CATA_139,122976,Wickerfang,CATACLYSM,DRUID,MINION,True,"COLOSSAL,TRIGGER_VISUAL","Colossal +4 After one of Wickerfang's Legs gains stats, this gains them too.",5638cff7c5bf4a3a846679d74affd21db0d0063cfa6dc55fac1bbff7b30965a1,not_implemented,False,missing
CATA_139e,123336,Symbiotic,CATACLYSM,NEUTRAL,ENCHANTMENT,False,,Increased Stats.,4846a99b92270bfeda6b0124bb66bb9e657a7bc5f9e1dae212aff812e8912441,not_implemented,False,missing
CATA_139t,122977,Wickerfang's Leg,CATACLYSM,DRUID,MINION,False,TRIGGER_VISUAL,"At the end of your turn, gain +1/+1.",8a9e8dd486ce6a660556463ded1fab9696734abd0de6f027d4db6d13e89d374d,declarative,True,focused_or_regression_tests
CATA_139t2,128060,Wickerfang's Leg,CATACLYSM,DRUID,MINION,False,TRIGGER_VISUAL,"At the end of your turn, gain +1/+1.",8a9e8dd486ce6a660556463ded1fab9696734abd0de6f027d4db6d13e89d374d,declarative,True,focused_or_regression_tests
CATA_139t3,128061,Wickerfang's Leg,CATACLYSM,DRUID,MINION,False,TRIGGER_VISUAL,"At the end of your turn, gain +1/+1.",8a9e8dd486ce6a660556463ded1fab9696734abd0de6f027d4db6d13e89d374d,declarative,True,focused_or_regression_tests
CATA_139t4,128062,Wickerfang's Leg,CATACLYSM,DRUID,MINION,False,TRIGGER_VISUAL,"At the end of your turn, gain +1/+1.",8a9e8dd486ce6a660556463ded1fab9696734abd0de6f027d4db6d13e89d374d,declarative,True,focused_or_regression_tests
CATA_139te,123334,Growing Quick!,CATACLYSM,,ENCHANTMENT,False,,+1/+1.,afc89c2ca41679d8ca8a2c52feea4637bb75b326ab9a2cdeac23cd43d9259603,not_implemented,False,missing
CATA_140,122978,Merithra of the Dream,CATACLYSM,DRUID,MINION,True,BATTLECRY,"Battlecry: Fill your hand with random Dragons. If you spent 25 Mana while holding this, they cost (1). ({0} left!)@Battlecry: Fill your hand with random Dragons. If you spent 25 Mana while holding this, they cost (1). (Ready!)@Battlecry: Fill your hand with random Dragons. If you spent 25 Mana while holding this, they cost (1).",8b9e3cf68ac0203144aae48fefde3f9b92b6761686ad33568ed25c43b143bd7c,not_implemented,False,missing
CATA_150,124110,"Ragnaros, the Great Fire",CATACLYSM,WARRIOR,MINION,True,"COLOSSAL,TRIGGER_VISUAL","Colossal +2 At the end of your turn, trigger your minions' Deathrattles.",7179dde7997d35aee82f41dd16ed4aad938bdd2405bb056f99c66e18867c4cef,legacy_compatibility,True,focused_or_regression_tests
CATA_150t,124113,Hand of Ragnaros,CATACLYSM,WARRIOR,MINION,False,DEATHRATTLE,Deathrattle: Deal {0} damage to a random enemy. Herald twice to upgrade.@Deathrattle: Deal {0} damage to a random enemy. Herald once to upgrade.@Deathrattle: Deal {0} damage to a random enemy.,0258546dab1b2326b4976c3d4d6dc740bd35dce33d89abd0b121560f0ee5e73e,not_implemented,False,missing
CATA_150t1,125412,Hand of Ragnaros,CATACLYSM,WARRIOR,MINION,False,DEATHRATTLE,Deathrattle: Deal {0} damage to a random enemy. Herald twice to upgrade.@Deathrattle: Deal {0} damage to a random enemy. Herald once to upgrade.@Deathrattle: Deal {0} damage to a random enemy.,0258546dab1b2326b4976c3d4d6dc740bd35dce33d89abd0b121560f0ee5e73e,not_implemented,False,missing
CATA_151,124116,"Azshara, Ocean Lord",CATACLYSM,DEMONHUNTER,MINION,True,"AURA,COLOSSAL",Colossal +2 Your hero has Windfury.,46848b95befabaf4f4c1cc3a00aef406fb89515185f3b866741592c648d4fc1c,legacy_compatibility,True,focused_or_regression_tests
CATA_151e,124135,Azshara Windfury,CATACLYSM,DEMONHUNTER,ENCHANTMENT,False,,Windfury,9409ea5a31e0c555256a52444a04b3a28052e45bbb1dbc22ca8a78615ace2ef5,not_implemented,False,missing
CATA_151t,124108,Azshara's Tentacle,CATACLYSM,DEMONHUNTER,MINION,False,,"When summoned, give your hero +{0} Attack this turn. Herald twice to upgrade.@When summoned, give your hero +{0} Attack this turn. Herald once to upgrade.@When summoned, give your hero +{0} Attack this turn.",e4cebcb852a06f390c7c96550aee2a6abf4b368a02895f27933e90bb0fd931d4,legacy_compatibility,True,focused_or_regression_tests
CATA_151t1,125413,Azshara's Tentacle,CATACLYSM,DEMONHUNTER,MINION,False,,"When summoned, give your hero +{0} Attack this turn. Herald twice to upgrade.@When summoned, give your hero +{0} Attack this turn. Herald once to upgrade.@When summoned, give your hero +{0} Attack this turn.",e4cebcb852a06f390c7c96550aee2a6abf4b368a02895f27933e90bb0fd931d4,not_implemented,False,missing
CATA_151te,123603,Hero Blood of the Fel,CATACLYSM,DEMONHUNTER,ENCHANTMENT,False,TAG_ONE_TURN_EFFECT,+1 Attack on your turn.,52bf6ad87053ecd1d32aad221bfcfda195157808ac1843aeaee7e5929f77be5b,not_implemented,False,missing
CATA_153,125442,"Al'Akir, Lord of Storms",CATACLYSM,SHAMAN,MINION,True,"BATTLECRY,COLOSSAL,RUSH,WINDFURY","Colossal +2, Rush, Windfury Battlecry: Get 2 minions with Cost equal to this minion's Attack. They cost (1).",34abeb4f32029ec3e6a5cc55aacc122472b89182c938654e7d544f0f4f5514be,not_implemented,False,missing
CATA_153e,125446,Spark of Fury,CATACLYSM,SHAMAN,ENCHANTMENT,False,,+1 Attack.,da9702f303d6e735aba7c40477f38a1b7f086b28e4b9a0ae105228e6b77720fe,not_implemented,False,missing
CATA_153t,125443,Charged Hand of Al'Akir,CATACLYSM,SHAMAN,MINION,False,AURA,Adjacent minions have +{0} Attack. Herald twice to upgrade.@Adjacent minions have +{0} Attack. Herald once to upgrade.@Adjacent minions have +{0} Attack.,db22a009697a5020b19ac678a29597c6d2407f2d7854b30f245e760a7a056205,not_implemented,False,missing
CATA_153t1,127053,Charged Hand of Al'Akir,CATACLYSM,SHAMAN,MINION,False,AURA,Adjacent minions have +{0} Attack. Herald twice to upgrade.@Adjacent minions have +{0} Attack. Herald once to upgrade.@Adjacent minions have +{0} Attack.,db22a009697a5020b19ac678a29597c6d2407f2d7854b30f245e760a7a056205,not_implemented,False,missing
CATA_154,125450,Sinestra,CATACLYSM,ROGUE,MINION,True,"AURA,COLOSSAL",Colossal +2 Your spells from other classes cast twice.,5c214f1a66bf8ad755eb12f5d9810235ee7662d23465710c9d23f26c5897d6b7,not_implemented,False,missing
CATA_154e,126501,Sinestra's Song,CATACLYSM,ROGUE,ENCHANTMENT,False,,Your spells from other classes cast twice.,9457949a4aa35fa9603a25b4e75387e1f91e17f19f15990eabb0efeceeba670e,not_implemented,False,missing
CATA_154t,125451,Sinestra's Wing,CATACLYSM,ROGUE,MINION,False,,"When summoned, get a random spell from another class. It costs ({0}) less. Herald twice to upgrade. @When summoned, get a random spell from another class. It costs ({0}) less. Herald once to upgrade. @When summoned, get a random spell from another class. It costs ({0}) less.",d5a05cd45fc53ba6c5264d58f851f0e56af2864bdd320982e57919e16dbb1793,not_implemented,False,missing
CATA_154t1,125503,Sinestra's Wing,CATACLYSM,ROGUE,MINION,False,,"When summoned, get a random spell from another class. It costs ({0}) less. Herald twice to upgrade. @When summoned, get a random spell from another class. It costs ({0}) less. Herald once to upgrade. @When summoned, get a random spell from another class. It costs ({0}) less.",d5a05cd45fc53ba6c5264d58f851f0e56af2864bdd320982e57919e16dbb1793,not_implemented,False,missing
CATA_155,124138,Arisen Onyxia,CATACLYSM,DEATHKNIGHT,MINION,True,"COLOSSAL,TRIGGER_VISUAL","Colossal +2. When your hero would lose Health on your turn, gain that much max Health instead.",30cc44c98fd9f697fe52ca20465822c4c2b091387c49ecfe0c2b69c32e7b4737,legacy_compatibility,True,focused_or_regression_tests
CATA_155e,124143,Black Scales,CATACLYSM,NEUTRAL,ENCHANTMENT,False,,Increased Health.,0a095116cbb96492ee4587258e88f9f9ab41df735339655f8787bdaa56f08dd0,not_implemented,False,missing
CATA_155e2,129203,Onyxia's Blood,CATACLYSM,NEUTRAL,ENCHANTMENT,False,TAG_ONE_TURN_EFFECT,Costs Health this turn.,c7287711cd2c89c5c41e7b720ea29a33e273dfe239929f1dfe20c9184cf805ba,not_implemented,False,missing
CATA_155t,124139,Onyxia's Wing,CATACLYSM,DEATHKNIGHT,MINION,False,,"When summoned, get a random {0}-Cost minion. It costs Health this turn. Herald twice to upgrade. @When summoned, get a random {0}-Cost minion. It costs Health this turn. Herald once to upgrade. @When summoned, get a random {0}-Cost minion. It costs Health this turn.",3d1d050fccd340a11208ccdc1c2479cdcb042975237452686082516b79628b61,legacy_compatibility,True,focused_or_regression_tests
CATA_155t1,125416,Onyxia's Wing,CATACLYSM,DEATHKNIGHT,MINION,False,,"When summoned, get a random {0}-Cost minion. It costs Health this turn. Herald twice to upgrade. @When summoned, get a random {0}-Cost minion. It costs Health this turn. Herald once to upgrade. @When summoned, get a random {0}-Cost minion. It costs Health this turn.",3d1d050fccd340a11208ccdc1c2479cdcb042975237452686082516b79628b61,legacy_compatibility,True,focused_or_regression_tests
CATA_156,123546,Experimental Animation,CATACLYSM,DEATHKNIGHT,SPELL,True,,Herald {0}. Deal $4 damage to all enemy minions.,180bf3eef920f0884643f89f75db24e72c3cecefc0ef8959be4be17e4c612512,not_implemented,False,missing
CATA_158,123549,Maniacal Follower,CATACLYSM,ROGUE,MINION,True,"DEATHRATTLE,STEALTH",Stealth Deathrattle: Herald {0}.,b9706e2d0101966723fbb622ed3cd21a39a5f33154e3610815ac1a1881985723,not_implemented,False,missing
CATA_158t,127003,Soldier of Sinestra,CATACLYSM,ROGUE,MINION,False,,"When summoned, get a random spell from another class. It costs ({0}) less. Herald twice to upgrade. @When summoned, get a random spell from another class. It costs ({0}) less. Herald once to upgrade. @When summoned, get a random spell from another class. It costs ({0}) less.",d5a05cd45fc53ba6c5264d58f851f0e56af2864bdd320982e57919e16dbb1793,not_implemented,False,missing
CATA_160,123552,Scorching Ravager,CATACLYSM,WARRIOR,MINION,True,BATTLECRY,Battlecry: Herald {0}. Give the Soldier Rush.,bd81a17644f8b3e2d85c9e88be078d27398c8982cf9aa7886093d78c1177d035,legacy_compatibility,True,focused_or_regression_tests
CATA_161,123547,Gruesome Nightmare,CATACLYSM,DEATHKNIGHT,MINION,True,BATTLECRY,Battlecry: Give a minion in your hand or battlefield Attack equal to this minion's Attack.,3d3137fc272c4c4d03e6002a5b84d0d0a296a405fb51ed6843377eb9a28a126e,not_implemented,False,missing
CATA_161e,128017,Nightmarish,CATACLYSM,DEATHKNIGHT,ENCHANTMENT,False,,Increased Attack.,465f4dac097f321da78f34baa353d65664d6207924cee5b059a5dc22448009be,not_implemented,False,missing
CATA_180,123675,War'loc,CATACLYSM,NEUTRAL,MINION,True,BATTLECRY,Battlecry: Your next Murloc that costs (3) or less costs Health instead of Mana.,f61fb1a00395254a5546e1402e0fc7f1998d30d6033abbee3bda4f552bb66616,not_implemented,False,missing
CATA_180e,131143,Doom!,CATACLYSM,NEUTRAL,ENCHANTMENT,False,,Costs Health instead of Mana.,1f46521bc0779ac9a90794999209cae672255d2e2544699856907d9cd85296eb,not_implemented,False,missing
CATA_185,123779,Faceless Replicator,CATACLYSM,NEUTRAL,MINION,True,"DEATHRATTLE,ELUSIVE",Elusive Deathrattle: Transform the minion that killed this into a Faceless Replicator.,57fccb7327462349f8e91234a00c9eccf12c6ceb71ee37e7c075848621ac291d,not_implemented,False,missing
CATA_186,123783,Stickybomb Saboteur,CATACLYSM,NEUTRAL,MINION,True,BATTLECRY,Battlecry: Give your opponent a 2-Cost Sabotage. Cards next to it cost (1) more.,7b2d12376c0a236c04231cefae2ce4be9f4faedb9099808af082165bd63fcf89,not_implemented,False,missing
CATA_186t,123782,Sabotage!,CATACLYSM,NEUTRAL,SPELL,False,EVIL_GLOW,Cards adjacent to this in hand cost (1) more.,e53ebdd01a21357d8c7f2d26eed8d4905e4a6d24e5f2d421de619a87f3f77e91,not_implemented,False,missing
CATA_186te,123781,Sabotaged,CATACLYSM,NEUTRAL,ENCHANTMENT,False,,Costs (1) more.,89830855da472a102e35e4f26fba2e33f9073795fd58579d828d8eccecd19b46,not_implemented,False,missing
CATA_190h,125467,"Deathwing, Worldbreaker",CATACLYSM,"DEATHKNIGHT,ROGUE,SHAMAN,WARLOCK,WARRIOR,DEMONHUNTER",HERO,True,BATTLECRY,"Battlecry: Choose {0} Cataclysm to unleash! Herald twice to upgrade.@Battlecry: Choose {0} |4(Cataclysm,Cataclysms) to unleash! Herald once to upgrade.@Battlecry: Choose {0} |4(Cataclysm,Cataclysms) to unleash!",144cb64bbb3c8397eaa3d2f51aa1c5e94805b63ea43ea41c42a91d817cc4f573,not_implemented,False,missing
CATA_190p,125466,Ruthless,CATACLYSM,NEUTRAL,HERO_POWER,False,,+$a5 Attack this turn.,ce0659e28acc12ce28aeacbca9bff949fac1f944339c8e8b0384b71e5727e3d2,declarative,True,focused_or_regression_tests
CATA_190pe,125464,Ruthless,CATACLYSM,NEUTRAL,ENCHANTMENT,False,TAG_ONE_TURN_EFFECT,+5 Attack this turn.,73b13b94f8f330c4cfa16c6f98cc9ec83c4b6bd846c1c75a4028ac21b9b71e08,not_implemented,False,missing
CATA_190t10,127702,Dragon's Reign,CATACLYSM,NEUTRAL,SPELL,False,,Summon a 12/12 Dragon.,064a8e60f3c9f834e3264fdc2ae9b5dac7c9b11fe54f17a1de5c9a1ec8590ad3,not_implemented,False,missing
CATA_190t11,127699,Topple,CATACLYSM,NEUTRAL,SPELL,False,,Destroy the highest Health enemy minion.,be021314643b1e4f5b0c15a2297814a6f3e04c0ee256bab253f5cdcda1a06d34,not_implemented,False,missing
CATA_190t12,127700,Raze,CATACLYSM,NEUTRAL,SPELL,False,ImmuneToSpellpower,Deal 4 damage to all enemy minions.,b1ce252804f85c67818249a2c43e4a7aaa1cda7ad2c7e30e24bb3b0012d9bf25,not_implemented,False,missing
CATA_190t13,127701,Enthrall,CATACLYSM,NEUTRAL,SPELL,False,,Shuffle five random Legendary Dragons into your deck. They cost (1).,3ffd257e530524cc7661b0b559873a51774e5f886ad9997cd6ef5cc08cb52018,not_implemented,False,missing
CATA_190t14,127703,Progeny of Deathwing,CATACLYSM,NEUTRAL,MINION,False,,,e3b0c44298fc1c149afbf4c8996fb92427ae41e4649b934ca495991b7852b855,not_implemented,False,missing
CATA_200,123060,Agent of the Old Ones,CATACLYSM,ROGUE,MINION,True,BATTLECRY,Battlecry: Choose a card in your hand to transform into a Coin.,e8c026b6bc0fe497cc06d8030eabc7d6e22c4a3dca1877367d45923ce08c082d,legacy_compatibility,True,focused_or_regression_tests
CATA_201,123072,Twilight Mistress,CATACLYSM,ROGUE,MINION,True,BATTLECRY,Battlecry: Return all enemy minions to their owner's hand.,156f39064637f33493011e18b9633ecee447cf3e0161873ddfef4dd1ecafdcdb,not_implemented,False,missing
CATA_202,123074,Stolen Power,CATACLYSM,ROGUE,SPELL,True,,Get a random Shatter card from another class. (It's already combined).,b86c7b3ad57713b3ff2fef350df99eaddf432d57904e5b5c5dff7b0c0d52b305,not_implemented,False,missing
CATA_203,123077,Garona's Last Stand,CATACLYSM,ROGUE,SPELL,True,TRADEABLE,Tradeable Destroy a Legendary minion.,07bcc3aa4592e931f1165be40bba9817c4b08191e0e99327db18fed1f4c3f18c,not_implemented,False,missing
CATA_206,123119,Twisted Monstrosity,CATACLYSM,NEUTRAL,MINION,True,"ELUSIVE,TAUNT","{0}, {1} Each turn this is in your hand, swap between two random Bonus Effects.",4f4af29d3d8f0108f5595f1062aa10c2062654439c845f2b9791c43b4b607dd7,not_implemented,False,missing
CATA_208,123122,Selfless Protector,CATACLYSM,NEUTRAL,MINION,True,TAUNT,Taunt Takes one extra damage from all sources.,af974e411ab1bfe3db49b4dbaaa50910b19469267ed445673ad8133693c23cd3,not_implemented,False,missing
CATA_209,123124,Battlefield Blaster,CATACLYSM,NEUTRAL,MINION,True,BATTLECRY,Battlecry: Choose a spell in your hand to give Spell Damage +1.,cdd4f88b10d6cf3c4c6e0094eb08027098cecedc08532c69dce30f65670187ae,not_implemented,False,missing
CATA_209e,123125,Battlefield Channeler Spellpower,CATACLYSM,NEUTRAL,ENCHANTMENT,False,,Spell Damage +1.,5696f77d33677cc0f6ed3fb9174d508cdaa1954c772c892d59d04eeadfc870ed,not_implemented,False,missing
CATA_210,123126,Twilight Egg,CATACLYSM,NEUTRAL,MINION,True,"DEATHRATTLE,TRIGGER_VISUAL",Deathrattle: Summon a {0}/{1} Whelp. (Gains +1/+1 at the start of your turns!),07b2c600f1bf4e897d6eb3a7a6619600d3f8f656279dc11b64df1d21d03a0165,legacy_compatibility,True,focused_or_regression_tests
CATA_210t,123127,Accelerated Whelp,CATACLYSM,NEUTRAL,MINION,False,,,e3b0c44298fc1c149afbf4c8996fb92427ae41e4649b934ca495991b7852b855,not_implemented,False,missing
CATA_213,123151,Vyranoth,CATACLYSM,NEUTRAL,MINION,True,BATTLECRY,"Battlecry: If the total Cost of your starting minions was 100, split 100 stats among minions in your deck.",117580839613d57b4b9ef4932eb9e168c52000a5cae4e2513a6e48e98e7e7fe5,not_implemented,False,missing
CATA_213e,123155,Stormcharged,CATACLYSM,NEUTRAL,ENCHANTMENT,False,,Increased Attack.,465f4dac097f321da78f34baa353d65664d6207924cee5b059a5dc22448009be,not_implemented,False,missing
CATA_213e2,127871,Stormcharged,CATACLYSM,NEUTRAL,ENCHANTMENT,False,,Increased Health.,0a095116cbb96492ee4587258e88f9f9ab41df735339655f8787bdaa56f08dd0,not_implemented,False,missing
CATA_215,123315,Daze,CATACLYSM,ROGUE,SPELL,True,,Return an enemy minion to its owner's hand. They can't play it next turn.,5dbee96ac5f1bad3593f2677c7ba2b0d9e30334df3f2077b5dae8ec6dca53eac,not_implemented,False,missing
CATA_215e,123378,Dazed,CATACLYSM,NEUTRAL,ENCHANTMENT,False,,Can't be played this turn.,435583e6d0e142d9a3fb5d3bca3690c1f7986f9ef7570b394d3326b576527af1,not_implemented,False,missing
CATA_216,123426,Cleansing Cleric,CATACLYSM,PRIEST,MINION,True,BATTLECRY,Battlecry: Your healing effects restore 2 more Health this game.,a5b198720b97f5fb2bda4d6f950b39529f5a0c784c9dfe93d412cd992db206c4,not_implemented,False,missing
CATA_216e,123694,Free From Corruption,CATACLYSM,PRIEST,ENCHANTMENT,False,,Your healing effects heal (2) more this game.,562e131d14a15ca224ac754bed94ee186bc75e66e8c8836c4035c315ce8c84ec,not_implemented,False,missing
CATA_300,122755,The Black Blood,CATACLYSM,PRIEST,MINION,True,"COLOSSAL,TRIGGER_VISUAL","Colossal +3. After you restore Health to a character, attack a random enemy minion.",f3aebea59fe4dd7688801a13f1c9fbb5d6173e64d2bb8b18374ce27bb459f5b1,not_implemented,False,missing
CATA_300t1,122756,Black Blood's Body,CATACLYSM,PRIEST,MINION,False,TRIGGER_VISUAL,"At the end of your turn, restore #3 Health to a random damaged friendly character.",890beda83d88efd689c4b366a4a5b3f7e519af11a22f6b43f96f9046dab7cb1b,not_implemented,False,missing
CATA_300t2,128030,Black Blood's Body,CATACLYSM,PRIEST,MINION,False,TRIGGER_VISUAL,"At the end of your turn, restore #3 Health to a random damaged friendly character.",890beda83d88efd689c4b366a4a5b3f7e519af11a22f6b43f96f9046dab7cb1b,not_implemented,False,missing
CATA_300t3,128031,Black Blood's Body,CATACLYSM,PRIEST,MINION,False,TRIGGER_VISUAL,"At the end of your turn, restore #3 Health to a random damaged friendly character.",890beda83d88efd689c4b366a4a5b3f7e519af11a22f6b43f96f9046dab7cb1b,not_implemented,False,missing
CATA_301,122757,Ruby Sanctum,CATACLYSM,PRIEST,LOCATION,True,,Your next Healing effect this turn deals damage instead.,2f49b14a88e378faa3efb07c9da49d25d7bce07fc87119d3d8d11ab5ac80c835,not_implemented,False,missing
CATA_301e,126032,Lifebind,CATACLYSM,NEUTRAL,ENCHANTMENT,False,TAG_ONE_TURN_EFFECT,Your next Healing effect this turn deals damage instead.,2f49b14a88e378faa3efb07c9da49d25d7bce07fc87119d3d8d11ab5ac80c835,not_implemented,False,missing
CATA_302,122779,Mend,CATACLYSM,PRIEST,SPELL,True,,Restore a minion to full Health. Draw a card.,16533fa582ebcc155f96322ced5154fd5b35db6fa994ae75c72022f68ff763a5,not_implemented,False,missing
CATA_303,122774,Purifying Breath,CATACLYSM,PRIEST,SPELL,True,,"Deal $5 damage to a minion. If it dies, restore #5 Health to the enemy hero.",88f6af54a79de030684eb18116e650e2424875c6e37e5147ddc315af8d68c379,declarative,True,focused_or_regression_tests
CATA_304,122881,Injured Attendant,CATACLYSM,PRIEST,MINION,True,"BATTLECRY,LIFESTEAL",Lifesteal Battlecry: Deal 4 damage to this minion.,d1477bac48721a5abf7669715c4b24c7ac2a8dab15bfaea7018dfab2f5efacf4,not_implemented,False,missing
CATA_305,122878,Incensed Matriarch,CATACLYSM,PRIEST,MINION,True,TRIGGER_VISUAL,"At the end of your turn, if this is at full Health, gain +3 Health.",af72f13c73fb5ab450eeb34d95631e3c22e316aaa4bef502ae2319179b7d16a1,not_implemented,False,missing
CATA_305e,130303,Incensed,CATACLYSM,PRIEST,ENCHANTMENT,False,,+3 Health.,9937300149b268e632a4c21d3cfa2c35a611782445d4669c29d42d893bf959db,not_implemented,False,missing
CATA_306,122874,Schism,CATACLYSM,PRIEST,SPELL,True,,Shatter Give a friendly minion +2/+3 and Elusive. Summon a copy of it.,3308de1206a3b7b035de78a422ad2c20240e552601feec3d6fcea7742f2ab22a,not_implemented,False,missing
CATA_306e,122875,Dark Influence,CATACLYSM,PRIEST,ENCHANTMENT,False,,+2/+3,fac7ffdd51839ad7b1331d01e65a2e42f127ddbe765554a8e05f2558ccd86f14,not_implemented,False,missing
CATA_306t1,122876,Schism,CATACLYSM,PRIEST,SPELL,False,EVIL_GLOW,Shattered Give a friendly minion +2/+3 and Elusive.,6f25ae9f0917c67a27c02e11a0cfe58fe59f7b9ce995b9c29a3ed460a807f073,not_implemented,False,missing
CATA_306t2,122877,Schism,CATACLYSM,PRIEST,SPELL,False,EVIL_GLOW,Shattered Summon a copy of a friendly minion.,be5743c4da9376f818747931b69adfbdadb9acaccc38f099f031cc9544505040,not_implemented,False,missing
CATA_307,123146,"Alexstrasza, Guardian of Life",CATACLYSM,PRIEST,MINION,True,BATTLECRY,"Battlecry: Set your remaining Health to 15. When you reach full Health, deal 15 damage to your opponent.",8a9f265f9c1ebe273df20fc8620a6c974d7220f4c715f5bba75bf06e40a63d09,not_implemented,False,missing
CATA_307e,123147,Cleansed of Corruption,CATACLYSM,NEUTRAL,ENCHANTMENT,False,,"When you reach full Health, deal 15 damage to your opponent.",1718d74b4fce0dc3fa2c771db37b9202520234044c67bd0d624a4a44daecef29,not_implemented,False,missing
CATA_308,123570,Medivh's Triumph,CATACLYSM,PRIEST,SPELL,True,,Deal $4 damage to all minions. Costs (1) if you control a Legendary card.,171f61f442142bec864dfeac75f567b78a9a832d2c520e9e63d3287be6f008cf,not_implemented,False,missing
CATA_432,122401,Chromatus,CATACLYSM,PALADIN,MINION,True,"COLOSSAL,DIVINE_SHIELD,ELUSIVE,LIFESTEAL,TAUNT","Colossal +4 Taunt, Lifesteal, Elusive, Divine Shield",fa411f6bdd7543424a65488d3debbcc8cfe4b9e62e5e5dea70d5ae1f56ae45ed,not_implemented,False,missing
CATA_432t1,122402,Green Head of Chromatus,CATACLYSM,PALADIN,MINION,False,"DEATHRATTLE,TAUNT",Taunt Deathrattle: Remove Taunt from Chromatus.,a95914eb41dae7eb20bbca9d67c87e0a2115dd21653f6bb08b963683ba4c511d,not_implemented,False,missing
CATA_432t2,122405,Red Head of Chromatus,CATACLYSM,PALADIN,MINION,False,"DEATHRATTLE,LIFESTEAL",Lifesteal Deathrattle: Remove Lifesteal from Chromatus.,02ebcfd5b5162bd483334b9f633ed10e0143308adfbb7f60263c961185e8a5ff,not_implemented,False,missing
CATA_432t3,122407,Blue Head of Chromatus,CATACLYSM,PALADIN,MINION,False,"DEATHRATTLE,ELUSIVE",Elusive Deathrattle: Remove Elusive from Chromatus.,2b88fcc40817d74958f24e6a7477293d57c067799d882ac4d0466e52efc9cebc,not_implemented,False,missing
CATA_432t4,122410,Bronze Head of Chromatus,CATACLYSM,PALADIN,MINION,False,"DEATHRATTLE,DIVINE_SHIELD",Divine Shield Deathrattle: Remove Divine Shield from Chromatus.,0a71225df764a2808d6fc0aa81b7fd2dfce4a77772cd0e4bbd814683e4442e58,not_implemented,False,missing
CATA_452,122454,Spellweaver's Brilliance,CATACLYSM,MAGE,SPELL,True,,Summon a 6/6 Dragon. Costs (1) less for each damage you dealt with spells this turn.,258a83705ac9937fbcf97fda6d7a85736b92c79ec421a15094d4d312046ddb06,not_implemented,False,missing
CATA_452t,122455,Azure Warden,CATACLYSM,MAGE,MINION,False,,,e3b0c44298fc1c149afbf4c8996fb92427ae41e4649b934ca495991b7852b855,not_implemented,False,missing
CATA_458,122632,Archmage Kalec,CATACLYSM,MAGE,MINION,True,BATTLECRY,Battlecry: Give all spells in your hand and deck Spell Damage +1.,4be9f85454b4d09c86b017fba17b0e0b4370835e2de9e1db96b5a726ba7ab78b,not_implemented,False,missing
CATA_458e,125701,Kalec's Insight,CATACLYSM,NEUTRAL,ENCHANTMENT,False,,Spell Damage +1.,5696f77d33677cc0f6ed3fb9174d508cdaa1954c772c892d59d04eeadfc870ed,not_implemented,False,missing
CATA_464,122759,Blackwing Experiment,CATACLYSM,DEATHKNIGHT,MINION,True,DEATHRATTLE,Deathrattle: Get a 2-Cost spell that deals this minion's Attack damage.,9299e2ace06ba21dfc16a3af690ceefa20730883bea3149ad884a9fc805e7615,legacy_compatibility,True,focused_or_regression_tests
CATA_464t,122754,Dragon Breath,CATACLYSM,DEATHKNIGHT,SPELL,False,,Deal $1 damage.,a22e28d3512e823e62060f87f0981df0b4af208546578404fd94d2526ced4e6f,not_implemented,False,missing
CATA_465,122760,Chow Down,CATACLYSM,DEATHKNIGHT,SPELL,True,,Summon five 5/4 Undead Drakes. Spend 8 Corpses to give them Rush.,1b4f1ca80373b2c8113de42ef0efe5d9df64fba20beb7265f9e2bbc4e6647eab,not_implemented,False,missing
CATA_465t,125516,Hungry Drake,CATACLYSM,DEATHKNIGHT,MINION,False,,,e3b0c44298fc1c149afbf4c8996fb92427ae41e4649b934ca495991b7852b855,not_implemented,False,missing
CATA_467,122766,Command Claw,CATACLYSM,DEATHKNIGHT,WEAPON,True,TRIGGER_VISUAL,"After your hero attacks, give a random friendly minion +2 Attack.",8d71617a02d3ffcdd17b84f46dca0e9efd66c152e765b61c0fd90c1cc7c4b170,not_implemented,False,missing
CATA_467e,122768,The Clawww,CATACLYSM,DEATHKNIGHT,ENCHANTMENT,False,,+2 Attack.,ad58756f20b83ed958edf6687782c09403fe9f5c401f6a1b3fcab1861ae44ebb,not_implemented,False,missing
CATA_469,122771,Chromatic Broodmother,CATACLYSM,DEATHKNIGHT,MINION,True,"RUSH,TRIGGER_VISUAL","Rush Whenever this attacks, refresh Mana Crystals equal to this minion's Attack.",baea6d2e41283bf72f9efbeabaa1a579c56608e7ba30356d69f85e79d67e86dd,legacy_compatibility,True,focused_or_regression_tests
CATA_470,122778,Victor Nefarius,CATACLYSM,DEATHKNIGHT,MINION,True,BATTLECRY,"Battlecry: Craft a custom Undead Dragon. If you're holding a Dragon, reduce the Creation's Cost by (3).",7a797f0669f7366902de7fe6f36d170d3b23d8b73816d1dc696789bbbf4051e5,not_implemented,False,missing
CATA_470t1,127644,Nefarian's Creation,CATACLYSM,DEATHKNIGHT,MINION,False,,,e3b0c44298fc1c149afbf4c8996fb92427ae41e4649b934ca495991b7852b855,not_implemented,False,missing
CATA_471,122879,Talanji's Last Stand,CATACLYSM,DEATHKNIGHT,SPELL,True,,"Give your minions ""Deathrattle: Summon a random 4-Cost minion.""",94f93bce1d9ceac82ec56cb3bbe1c99dd65ed06642a0eb9dfacb530965532666,not_implemented,False,missing
CATA_471e,122880,Talanji's Last Wish,CATACLYSM,NEUTRAL,ENCHANTMENT,False,,Deathrattle: Summon a random 4-Cost minion.,f0a5e59bea904d0c0780444330ed0ff503870859fc5cc2f27682a08a04ce2ff4,not_implemented,False,missing
CATA_472,123106,Inspiring Maul,CATACLYSM,PALADIN,WEAPON,True,DEATHRATTLE,Deathrattle: Trigger a random friendly minion's end of turn effect.,06cd13bac0854525f16c0338236ad4d232614725622b6fdabfbf7bbd1f9b8b3f,not_implemented,False,missing
CATA_473,123109,"Nozdormu, Bronze Aspect",CATACLYSM,PALADIN,MINION,True,TRIGGER_VISUAL,"At the end of your turn, give your minions Divine Shield. Any that already had one gain +3/+3 instead.",3f17dc79ba0304e51d4383e2ea3ebbd441f124474c605840cc038ab84a14241a,not_implemented,False,missing
CATA_473e,130282,Nozdormu's Nimbus,CATACLYSM,NEUTRAL,ENCHANTMENT,False,,+3/+3.,444a886c8744786e6e64b64ffb2478b81fe6c37182e9ce9365216437ffc5471b,not_implemented,False,missing
CATA_474,123112,Spearheart Sentry,CATACLYSM,PALADIN,MINION,True,TRIGGER_VISUAL,"At the end of your turn, get a random Holy spell. Reduce its Cost by (3).",8838da145fc64326989df2336a9d98b14ec560989cdb65d69b611b88ce3d0ede,not_implemented,False,missing
CATA_475,123114,Scalebreaker Bulwark,CATACLYSM,PALADIN,MINION,True,TRIGGER_VISUAL,"At the end of your turn, deal 2 damage to all enemies.",45422004ec4aa06b8d4913603e1c7d97f182e4998fef5d291a6fa33272e5eeb3,not_implemented,False,missing
CATA_476,123115,Bronze Keeper,CATACLYSM,NEUTRAL,MINION,True,TRIGGER_VISUAL,"At the end of your turn, summon a 6/6 Elemental Dragon with Divine Shield.",8c23869494ea49d9142cf684d2e821de30c82639d914006a5f408ef46af38be8,legacy_compatibility,True,focused_or_regression_tests
CATA_476t,123116,Sandscale Dragon,CATACLYSM,NEUTRAL,MINION,False,DIVINE_SHIELD,Divine Shield,65c0b9020e2cc8abd77a21e0632bdbcc0794e63380924e04b08445b4864bc93e,not_implemented,False,missing
CATA_477,123117,Chamber of Aspects,CATACLYSM,PALADIN,LOCATION,True,,Choose a minion in your hand. Give it +2/+2.,50c8cc133cd69b203e118fc8693efda73591671547c4dfda459279df7917048c,not_implemented,False,missing
CATA_477e,123118,Aspects' Blessing,CATACLYSM,NEUTRAL,ENCHANTMENT,False,,+2/+2.,6496ac6ee3bdc68621e62fed137957624c2b0bd825dd961051f0d8c2f5e4eb44,not_implemented,False,missing
CATA_478,123123,Bronze Redeemer,CATACLYSM,PALADIN,MINION,True,TRIGGER_VISUAL,"At the end of your turn, summon a Dragon with stats equal to this minion's.",776becb43e5543fc7441517b57e3d0c6e7cb9d4cc07a540d55fd92bee7333d0b,not_implemented,False,missing
CATA_478t,126052,Bronze Brute,CATACLYSM,PALADIN,MINION,False,,,e3b0c44298fc1c149afbf4c8996fb92427ae41e4649b934ca495991b7852b855,not_implemented,False,missing
CATA_479,123139,Flight Maneuvers,CATACLYSM,PALADIN,SPELL,True,,Shatter. Summon two 4/2 Drakes. Give your minions +1 Attack and Divine Shield.,5608c3a53ac3b1e7dcfbb295b6afc6f60b5b3eb6f6d8b46b2d3b70bdf0c71e4d,not_implemented,False,missing
CATA_479e,127188,Courageous,CATACLYSM,PALADIN,ENCHANTMENT,False,,+1 Attack and Divine Shield.,b67390eb82964f8f8a8806fdb636ec21f67c983efd50d70bdc78d1d2cf22c02f,not_implemented,False,missing
CATA_479t,123141,Flight Maneuvers,CATACLYSM,PALADIN,SPELL,False,EVIL_GLOW,Shattered Summon two 4/2 Drakes.,dcf42cc9f1ca671438331ef78fefaac08e1d1232fb6e8f684146bdb1e5f369ec,not_implemented,False,missing
CATA_479t2,123142,Flight Maneuvers,CATACLYSM,PALADIN,SPELL,False,EVIL_GLOW,Shattered. Give your minions +1 Attack and Divine Shield.,7e4b40112db348000cb123e64355d04059773fbae61df0035eb9cb4a24251042,not_implemented,False,missing
CATA_479t3,123140,Sky Drake,CATACLYSM,PALADIN,MINION,False,,,e3b0c44298fc1c149afbf4c8996fb92427ae41e4649b934ca495991b7852b855,not_implemented,False,missing
CATA_480,123691,Sandfury Aura,CATACLYSM,PALADIN,SPELL,True,,Your minions' end of turn effects trigger twice. Lasts 3 turns.,0be483225d8a3b1064240b8e7192910d85a6daf377b1d2eea77e6b5817e61272,not_implemented,False,missing
CATA_481,123332,Iso'rath,CATACLYSM,ROGUE,MINION,True,"BATTLECRY,DEATHRATTLE","Battlecry: Devour 2 random cards from the opponent's hand, then go Dormant for 2 turns. Deathrattle: Return them.",80635b75924efa60076f307f76c4abae6fd2075a5817500998e08850e236d525,not_implemented,False,missing
CATA_481e,126120,Watch and Wait,CATACLYSM,NEUTRAL,ENCHANTMENT,False,TRIGGER_VISUAL,Dormant. Awaken in 2 turns.,d95dc183f46ec5710e328dcbe0c35b7ec694ba39f7352b80f1b4a838b3a71634,not_implemented,False,missing
CATA_483,123351,Unstable Spellcaster,CATACLYSM,MAGE,MINION,True,"BATTLECRY,SPELLPOWER","Spell Damage +1 Battlecry: If you dealt damage with a spell this turn, summon a copy of this.",682d3c34c50c506e07a9bcf8b60af1946775e8585ca700730ef220cb30abe928,not_implemented,False,missing
CATA_484,123398,Winterspring Whelp,CATACLYSM,MAGE,MINION,True,"BATTLECRY,DISCOVER",Battlecry: Discover a 1-Cost spell from any class.,f9f52876e6ffc83482b8d17f79b4d31ff807d12e5e04c46d3007491426324e62,legacy_compatibility,True,focused_or_regression_tests
CATA_485,123410,Sleet Storm,CATACLYSM,MAGE,SPELL,True,,Deal $2 damage. Deal $1 damage to a random enemy minion.,7ebfb055b6e96c86d7815106ab3f3a82275b21842297292c3244efd108b837ca,not_implemented,False,missing
CATA_487,123419,Raincaller,CATACLYSM,MAGE,MINION,True,TRIGGER_VISUAL,"The first time you deal damage with a spell each turn, gain +2 Attack.",b5b295718902f46f06d6e61e213f657f07f84bd9d89ece47ae1c3ea59cd53aaf,not_implemented,False,missing
CATA_487e,126249,Building Storm,CATACLYSM,NEUTRAL,ENCHANTMENT,False,,+2 Attack.,ad58756f20b83ed958edf6687782c09403fe9f5c401f6a1b3fcab1861ae44ebb,not_implemented,False,missing
CATA_487e1,131270,Building Storm,CATACLYSM,NEUTRAL,ENCHANTMENT,False,ENCHANTMENT_INVISIBLE,Disable trigger visual this turn,0d4228c91587dba5f541150c03a5fb6244f61a3edbb52f8897359e20ddda4ce6,not_implemented,False,missing
CATA_488,123665,Vulcanos,CATACLYSM,MAGE,MINION,True,"COLOSSAL,TRIGGER_VISUAL","Colossal +2 At the end of your turn, deal 3 damage to all other minions.",ed27f635920f827793494c47f2798260f4424c846b91cc3104242ccfd6a44e78,not_implemented,False,missing
CATA_488t,123666,Plume of Vulcanos,CATACLYSM,MAGE,MINION,False,TRIGGER_VISUAL,"Whenever this takes damage, get a random Fire spell. It costs (3) less.",12daed6c33c033a7844904436a55534b15c2b720ea7f63fc4109c59fbf8bd2b6,not_implemented,False,missing
CATA_488t2,128032,Plume of Vulcanos,CATACLYSM,MAGE,MINION,False,TRIGGER_VISUAL,"Whenever this takes damage, get a random Fire spell. It costs (3) less.",12daed6c33c033a7844904436a55534b15c2b720ea7f63fc4109c59fbf8bd2b6,not_implemented,False,missing
CATA_489,123692,Arcane Flow,CATACLYSM,MAGE,SPELL,True,,Shatter Deal $4 damage. Deal $2 damage to all enemies.,416a170864c00d011d3a0d76145a1051d5f328fdaf9b612307f44ac8b111e196,not_implemented,False,missing
CATA_489t,123743,Arcane Flow,CATACLYSM,MAGE,SPELL,False,EVIL_GLOW,Shattered Deal $4 damage.,3cccaeefd084bfb9a0dcdd56168b65884433d6b87d99ab6e5478d08adefc7098,not_implemented,False,missing
CATA_489t2,123744,Arcane Flow,CATACLYSM,MAGE,SPELL,False,EVIL_GLOW,Shattered Deal $2 damage to all enemies.,b45ebb1455a59843ef8dd6078bc4f44496b89db148dfa41e286758c73f57b95a,not_implemented,False,missing
CATA_490,122710,Ocular Occultist,CATACLYSM,WARLOCK,MINION,True,"BATTLECRY,TAUNT",Taunt Battlecry: Choose a card in your hand to discard.,9beae9fe82a500de0aaba51925fb8f5fc5470b9e67e714c08bcc20f6df78ff26,legacy_compatibility,True,focused_or_regression_tests
CATA_491,122711,Eldritch Tentacles,CATACLYSM,WARLOCK,SPELL,True,ImmuneToSpellpower,Deal $3 damage to all minions. Repeat this with 1 less damage.,43a3cd6b2d946e4317367c0268b07c8312ec4f8df002f609bc39742a7250ae62,not_implemented,False,missing
CATA_492,122712,Shrine of Twilight,CATACLYSM,WARLOCK,LOCATION,True,,Herald {0}. Draw a card.,8c90a56b3c502a610dbaa677c84c74238499f90d4d5a7556175e5c2e50017c26,declarative,True,focused_or_regression_tests
CATA_493,122713,Duke of Below,CATACLYSM,WARLOCK,MINION,True,RUSH,Rush Has +2/+2 for each card you've discarded this game.,e0df2257b678d7755ddd525e87bd9f22c37d840cfb09567824b429327fa56192,not_implemented,False,missing
CATA_493e,130993,Binding Nightmare,CATACLYSM,NEUTRAL,ENCHANTMENT,False,,Increased Stats.,4846a99b92270bfeda6b0124bb66bb9e657a7bc5f9e1dae212aff812e8912441,not_implemented,False,missing
CATA_494,122714,Maloriak,CATACLYSM,WARLOCK,MINION,True,TRIGGER_VISUAL,"After you discard a minion, summon a copy of it.",41d25b42437d856d6d86d5eb0c3c821c06083ba1adab821add87831f22dbf792,not_implemented,False,missing
CATA_496,122720,Cursed Chains,CATACLYSM,WARLOCK,SPELL,True,,Take control of an enemy minion until the end of their turn. It can't attack this turn.,e8a9f6c8dabb09203ddddff1f7ab135dde4c0a38dbdd61c620f98301f3a9abb7,declarative,True,focused_or_regression_tests
CATA_496e,130559,Cursed Chains,CATACLYSM,WARLOCK,ENCHANTMENT,False,,"Switched control, but can't attack.",428af4a074c0a21aecbe6cbf2fc7a1fe4d38d27743fe455c01cc54e316838268,not_implemented,False,missing
CATA_497,122832,Ultraxion,CATACLYSM,"DEATHKNIGHT,ROGUE,SHAMAN,WARLOCK,WARRIOR,DEMONHUNTER",MINION,True,BATTLECRY,Battlecry: Herald {0}. Reduce Deathwing's Cost by ({1}). (Herald to improve!),87b26193cd8cc8993222f567241e152cdf7ec2154276a280941dbfb8e90e7acd,legacy_compatibility,True,focused_or_regression_tests
CATA_497e,127449,Ultraxion Heralded,CATACLYSM,NEUTRAL,ENCHANTMENT,False,,Reduced Cost.,43eceb37d861975aa829862bc41ea7d5c6c9af92497a731e6a85f3bbabd54997,not_implemented,False,missing
CATA_498,122829,Rafaams' Last Stand,CATACLYSM,WARLOCK,SPELL,True,,Deal $2 damage to two random enemy minions. (Upgrades each turn!),8dfd76bf1bdb529afb30e64e6478c28cd662c699bae16143c48b57b1db143f9c,not_implemented,False,missing
CATA_499,122831,Disposable Acolytes,CATACLYSM,WARLOCK,SPELL,True,InvisibleDeathrattle,"When you play or discard this, summon two random 1-Cost minions.",de4712127183a0bae1a9d1f5b32f49cd9f2047e62e203045eabd454230a4427c,not_implemented,False,missing
CATA_525,122765,Armored Bloodletter,CATACLYSM,DEMONHUNTER,MINION,True,"BATTLECRY,RUSH",Rush Battlecry: Herald {0}.,10323cc18fe7e7e5f344aea5ef19517bc69cb00c29cc440833eb1ce519105496,not_implemented,False,missing
CATA_525t,126995,Soldier of Azshara,CATACLYSM,DEMONHUNTER,MINION,False,,"When summoned, give your hero +{0} Attack this turn. Herald twice to upgrade.@When summoned, give your hero +{0} Attack this turn. Herald once to upgrade.@When summoned, give your hero +{0} Attack this turn.",e4cebcb852a06f390c7c96550aee2a6abf4b368a02895f27933e90bb0fd931d4,not_implemented,False,missing
CATA_526,122770,Broxigar's Last Stand,CATACLYSM,DEMONHUNTER,SPELL,True,,Deal $1 damage to all minions. Draw a card for each that died.,206d0fe1d6250548ad2dfc7fb9d74aeca92ba3fa3c045215884cc03466d60392,not_implemented,False,missing
CATA_527,122772,"Nespirah, Enthralled",CATACLYSM,DEMONHUNTER,LOCATION,True,DEATHRATTLE,"Deal 1 damage. After you cast a Fel spell, reopen. Deathrattle: Summon Nespirah, Unshackled.",33d7bc214c917475eb08f22721e828fb48529fb5d1dde92879a319464ea407bd,not_implemented,False,missing
CATA_527t2,122845,"Nespirah, Unshackled",CATACLYSM,DEMONHUNTER,MINION,False,TRIGGER_VISUAL,"After you cast a Fel spell, get a random non-Colossal Naga. It costs (1).",de29d89765e18d1ff05e95573555cce324c72eb49892257fed3cdb45d4e0dbfd,not_implemented,False,missing
CATA_528,122773,Sigil of the Seas,CATACLYSM,DEMONHUNTER,SPELL,True,,"At the start of your next turn, summon a 3/3 Naga with Taunt.",2198a16bd8bac43a411bb36ea9893977d8b3ca3991350d1d7720e245e6a95a44,not_implemented,False,missing
CATA_528t,127933,Naga Monstrosity,CATACLYSM,DEMONHUNTER,MINION,False,TAUNT,Taunt,aa1c342daeb99a7dd8a63d75bed9ad127b763c6cd74891b0ce1a090898c7534e,not_implemented,False,missing
CATA_529,122775,Ravenous Felfisher,CATACLYSM,DEMONHUNTER,MINION,True,,Costs (1) less for each Fel spell you've cast this game.,b10f6e45cde5ae4a95251be1ca6df127c358487eee93be56de053a0034d9d811,not_implemented,False,missing
CATA_530,122848,Fel Infusion,CATACLYSM,DEMONHUNTER,SPELL,True,,Herald {0}. Your hero has Lifesteal this turn.,3d8cef183fa54d941e101b19c9dd7a93b4975de3e0f4ee09addeb9886037b804,not_implemented,False,missing
CATA_530e,124142,Lifesteal this turn,CATACLYSM,NEUTRAL,ENCHANTMENT,False,,,e3b0c44298fc1c149afbf4c8996fb92427ae41e4649b934ca495991b7852b855,not_implemented,False,missing
CATA_533,122995,Flash Flood,CATACLYSM,DEMONHUNTER,SPELL,True,OUTCAST,Deal $5 damage to your opponent's left and right-most minions. Outcast: Do it again.,f3b5f0b1ccd0115ac8b0ea4203ccecf432b22d5962bdaa90d97b457b730d324e,not_implemented,False,missing
CATA_550,122865,Magmaw,CATACLYSM,HUNTER,MINION,True,"COLOSSAL,TRIGGER_VISUAL",Colossal +99 Summon any leftover appendages when there is room.,ab3df76229f4f25280a5e7e9c1e7f325bbae765c011030882ecc3b19ff1c9bf2,legacy_compatibility,True,focused_or_regression_tests
CATA_550e1,123412,Stampede,CATACLYSM,HUNTER,ENCHANTMENT,False,,+2 Attack.,ad58756f20b83ed958edf6687782c09403fe9f5c401f6a1b3fcab1861ae44ebb,not_implemented,False,missing
CATA_550t,122866,Magmaw's Body,CATACLYSM,HUNTER,MINION,False,DEATHRATTLE,Deathrattle: Give a random friendly minion +2 Attack.,cdc990b44a8697cc28f9ba3ef8e64647bbe22ea8235b01cc73cfb642d9ed1bc2,not_implemented,False,missing
CATA_550t2,127989,Magmaw's Body,CATACLYSM,HUNTER,MINION,False,DEATHRATTLE,Deathrattle: Give a random friendly minion +2 Attack.,cdc990b44a8697cc28f9ba3ef8e64647bbe22ea8235b01cc73cfb642d9ed1bc2,not_implemented,False,missing
CATA_550t3,127990,Magmaw's Body,CATACLYSM,HUNTER,MINION,False,DEATHRATTLE,Deathrattle: Give a random friendly minion +2 Attack.,cdc990b44a8697cc28f9ba3ef8e64647bbe22ea8235b01cc73cfb642d9ed1bc2,not_implemented,False,missing
CATA_550t4,127991,Magmaw's Body,CATACLYSM,HUNTER,MINION,False,DEATHRATTLE,Deathrattle: Give a random friendly minion +2 Attack.,cdc990b44a8697cc28f9ba3ef8e64647bbe22ea8235b01cc73cfb642d9ed1bc2,not_implemented,False,missing
CATA_550t5,127992,Magmaw's Body,CATACLYSM,HUNTER,MINION,False,DEATHRATTLE,Deathrattle: Give a random friendly minion +2 Attack.,cdc990b44a8697cc28f9ba3ef8e64647bbe22ea8235b01cc73cfb642d9ed1bc2,not_implemented,False,missing
CATA_550t6,127993,Magmaw's Body,CATACLYSM,HUNTER,MINION,False,DEATHRATTLE,Deathrattle: Give a random friendly minion +2 Attack.,cdc990b44a8697cc28f9ba3ef8e64647bbe22ea8235b01cc73cfb642d9ed1bc2,not_implemented,False,missing
CATA_551,122867,Stonetalon Striker,CATACLYSM,HUNTER,MINION,True,TAUNT,"Taunt (While in hand, play a Dragon to become a 6/6 Dragon!)",4ca8de051d6088b8f584f264d9f175802aeee4a470731caefb2f122b2627929f,not_implemented,False,missing
CATA_551t,122868,Stonetalon Striker,CATACLYSM,HUNTER,MINION,False,TAUNT,Taunt,aa1c342daeb99a7dd8a63d75bed9ad127b763c6cd74891b0ce1a090898c7534e,not_implemented,False,missing
CATA_552,122869,Ebonscale Scout,CATACLYSM,HUNTER,MINION,True,BATTLECRY,"Battlecry: Deal damage equal to this minion's Attack. (While in hand, play a Dragon to become an 8/8 Dragon!)",e6b94d5701d05e7047f364756b3a6ab54eb1b8342da46a4ee218b8b53b6259de,not_implemented,False,missing
CATA_552t,122870,Ebonscale Scout,CATACLYSM,HUNTER,MINION,False,BATTLECRY,Battlecry: Deal damage equal to this minion's Attack.,ea1d472c04cfbb1ecc7509da3b6fbc66e70648792c1483dff33975d84a805d6e,not_implemented,False,missing
CATA_553,122871,Ebyssian,CATACLYSM,HUNTER,MINION,True,BATTLECRY,"Battlecry: Your Dragons have Rush this game. (While in hand, play a Dragon to become a 12/12 Dragon!)",6592594cd51b8fa0efee11266a33b003fd9e6537431552d538be2511f2890d5e,not_implemented,False,missing
CATA_553e,122873,Ebyssian's Blessing,CATACLYSM,NEUTRAL,ENCHANTMENT,False,AURA,Your Dragons have Rush.,aecd5f612dcb07d4033aad4ca29c554d577a401e8d2c9709904849358116dacc,not_implemented,False,missing
CATA_553e2,127638,Ebyssian's Blessing,CATACLYSM,NEUTRAL,ENCHANTMENT,False,RUSH,Rush,34ebcd9fcba8b65689b051c3005a425f2d253adfaf42ff0f9cf99487762df7de,not_implemented,False,missing
CATA_553t,122872,Ebyssian,CATACLYSM,HUNTER,MINION,False,BATTLECRY,Battlecry: Your Dragons have Rush this game.,9b6e38a3df00ffe64d0ca1637cc1adc5a3e1b90cf1cfc6826095be4c7d5923c3,not_implemented,False,missing
CATA_554,122883,Earthen Roar,CATACLYSM,HUNTER,SPELL,True,,"Set an enemy minion's Health to 1. If you're holding a Dragon, pick another.",7cf7f87df82025c06f19092c96a766835f439afa0353c366f30fb8d0e728e156,not_implemented,False,missing
CATA_554e,127130,Intimidated,CATACLYSM,HUNTER,ENCHANTMENT,False,,This minion has 1 Health.,25f8046f16c1451b983c62082bfe5c5da1d0204b6e0be9ec8a6b62caa314ce34,not_implemented,False,missing
CATA_556,122933,Carrier Whelp,CATACLYSM,NEUTRAL,MINION,True,BATTLECRY,Battlecry: Get a random Dragon that costs (3) or less.,208868da4b12e61aa8311148b4ffc3e02a33680996737f00dfd029c97361f9e5,declarative,True,focused_or_regression_tests
CATA_557,122932,Sylvanas's Triumph,CATACLYSM,HUNTER,SPELL,True,,"Deal $3 damage. If you've played another copy of this, hit all enemies instead.",01c932d014daa81b7e48b16f291afd5c01286dea788ec5f6ba6dcb9de0e355e9,not_implemented,False,missing
CATA_558,122937,Reinforcement Rallier,CATACLYSM,HUNTER,MINION,True,ELUSIVE,Elusive,b22d58e783495e79ad2cbe289b1e2b0e31dce1f1912a2420df0775e6cdf04cb5,legacy_compatibility,True,focused_or_regression_tests
CATA_560,122939,Confront the Tol'vir,CATACLYSM,HUNTER,SPELL,True,,Summon each 1-Cost minion you've played this game.,0a55f4114dccc288190d654cbaafbba3625319b25129b9ead30b367845fe52ca,not_implemented,False,missing
CATA_561,122947,Ritual of Power,CATACLYSM,SHAMAN,SPELL,True,,Herald {0}. Get two 1/1 Elementals with Rush.,f1cc179d10b5cf013dfbd604bdcbc46390d78babbb860f4170459001cfc813bb,not_implemented,False,missing
CATA_561t,127584,Breezling,CATACLYSM,SHAMAN,MINION,False,RUSH,Rush,34ebcd9fcba8b65689b051c3005a425f2d253adfaf42ff0f9cf99487762df7de,not_implemented,False,missing
CATA_563,122950,Crackling Cloudstrider,CATACLYSM,SHAMAN,MINION,True,"BATTLECRY,DEATHRATTLE",Battlecry: Choose a spell in your hand that costs (4) or less to absorb. Deathrattle: Cast it.,7d5f9e82a63aa6f56728eba112f6c781eedbd4a09059563ffaea1e195a73f55d,not_implemented,False,missing
CATA_563e2,122998,Overcast,CATACLYSM,SHAMAN,ENCHANTMENT,False,,Deathrattle: Cast {0}.,77a9664d0b27fb381d5338726016f06c3f53e5d6ca17be5276260eebbc7d904c,not_implemented,False,missing
CATA_564,122952,Air Support,CATACLYSM,SHAMAN,MINION,True,BATTLECRY,Battlecry: Give a friendly minion Mega-Windfury. It can't attack heroes.,4e5f650404680171019a7f010608189e588f481212013166e2e3e7f358d3a391,not_implemented,False,missing
CATA_564e,128591,Air Support,CATACLYSM,SHAMAN,ENCHANTMENT,False,,Mega-Windfury. Can't attack heroes.,bfe34ebd33dac9cd13cffd54f150fb64698adf7275d51ce49f4c322604fe4636,not_implemented,False,missing
CATA_565,122953,Skywall Sentinel,CATACLYSM,SHAMAN,MINION,True,"BATTLECRY,TAUNT",Taunt Battlecry: Herald {0}.,1878ff2616859baaf9ffa84dcbccd728feee640b849b64b908b0d3c898556cda,not_implemented,False,missing
CATA_565t,127071,Soldier of Al'Akir,CATACLYSM,SHAMAN,MINION,False,AURA,Adjacent minions have +{0} Attack. Herald twice to upgrade.@Adjacent minions have +{0} Attack. Herald once to upgrade.@Adjacent minions have +{0} Attack.,db22a009697a5020b19ac678a29597c6d2407f2d7854b30f245e760a7a056205,not_implemented,False,missing
CATA_566,122961,Tol'vir Carver,CATACLYSM,HUNTER,MINION,True,BATTLECRY,"Battlecry: Choose a card in your hand. At the start of your turns, reduce its Cost by (1).",d35103ce48f82d57cd44071a0163abc873a1157985f329df311672dc8e381105,not_implemented,False,missing
CATA_566e,129251,Carving,CATACLYSM,NEUTRAL,ENCHANTMENT,False,,Reduces Cost each turn.,5a1047e2a04bbf58d8cd3c158387924914432d4c8028a28492a08fe51400882d,not_implemented,False,missing
CATA_567,122963,Ascendance,CATACLYSM,SHAMAN,SPELL,True,,Transform all friendly minions into ones that cost (1) more. They summon the originals when they die.,c1843ea0b126e9a00296bc433416f41847adbf14899ad21557307d668de4afc5,not_implemented,False,missing
CATA_567e,122965,Ascended,CATACLYSM,NEUTRAL,ENCHANTMENT,False,,Deathrattle: Summon {0}.,079d4dece4a68c69b72997b914c192c01052cc860b1e28570a05520b99d6eb92,not_implemented,False,missing
CATA_568,122999,Muradin's Last Stand,CATACLYSM,SHAMAN,SPELL,True,,Draw 2 cards. Costs (1) less for each time a friendly character attacked this game.,08cda8e8d618cdb63e8c427da2d0e36ecbf9d9be49640da6f882f2754941154e,not_implemented,False,missing
CATA_569,123001,Ceremonial Clash,CATACLYSM,SHAMAN,SPELL,True,OVERLOAD,"Summon a random 3, 2, and 1-Cost minion. Overload: (1)",98c9121199d3d55b5bda817ded0424b1846566043d3d187522c1cd39d4643f64,not_implemented,False,missing
CATA_570,123006,Morchok,CATACLYSM,SHAMAN,MINION,True,BATTLECRY,Battlecry: Draw a card and reduce its Cost by (10). Repeat this with excess Cost reduction.,8d0d593ed2779253517c7c588b59aefe71719a059eb53019b39e4c33e319e7bd,not_implemented,False,missing
CATA_570e,125515,Worldbreak,CATACLYSM,NEUTRAL,ENCHANTMENT,False,,Reduced Cost.,43eceb37d861975aa829862bc41ea7d5c6c9af92497a731e6a85f3bbabd54997,not_implemented,False,missing
CATA_580,123055,Cataclysmic War Axe,CATACLYSM,WARRIOR,WEAPON,True,BATTLECRY,Battlecry: Herald {0}.,a45be4a43ed5499fc8862731dc279b2686d3bff5e3e484f315412cb5ab27b98d,not_implemented,False,missing
CATA_580t,127082,Soldier of Ragnaros,CATACLYSM,WARRIOR,MINION,False,DEATHRATTLE,Deathrattle: Deal {0} damage to a random enemy. Herald twice to upgrade.@Deathrattle: Deal {0} damage to a random enemy. Herald once to upgrade.@Deathrattle: Deal {0} damage to a random enemy.,0258546dab1b2326b4976c3d4d6dc740bd35dce33d89abd0b121560f0ee5e73e,not_implemented,False,missing
CATA_581,123056,Decimation,CATACLYSM,WARRIOR,SPELL,True,,Deal $1 damage to all minions. (Improved for each minion on the battlefield.),0fcbfc2f7918c575d6a9a8c937dd56ff0db7c21a408894827985506fe237a6ea,declarative,True,focused_or_regression_tests
CATA_582,123157,Searing Fissure,CATACLYSM,WARRIOR,SPELL,True,,Deal $1 damage to all minions. Give your hero +3 Attack this turn.,670d4a99a7722e6cbc0d8c43ccc3bf5155c9a28aa25a6a94c8dcc12c517f71b3,legacy_compatibility,True,focused_or_regression_tests
CATA_582e,127691,Flamebound,CATACLYSM,WARRIOR,ENCHANTMENT,False,TAG_ONE_TURN_EFFECT,"+3 Attack this turn,",85683d83a55b5616178d2a1ae60d433bb63a8ae5bfa41c4a5a864f42dccef131,not_implemented,False,missing
CATA_584,123163,Erupting Volcano,CATACLYSM,WARRIOR,LOCATION,True,,"Deal 3 damage randomly split among enemies. If you've played a Fire spell this turn, deal 3 more.",91db9c872eb8949e216261efa7d3b1730b3a30cfc764db59178bc71aead687c9,legacy_compatibility,True,focused_or_regression_tests
CATA_585,123164,Torch,CATACLYSM,WARRIOR,SPELL,True,ImmuneToSpellpower,Deal $8 damage to a damaged minion. Return this to hand with any excess damage.,026adc583842e6932e81336ffad9a282efe98d91774d9f8b7505b3a8eead457a,legacy_compatibility,True,focused_or_regression_tests
CATA_586,123166,Destructive Blaze,CATACLYSM,WARRIOR,MINION,True,"DEATHRATTLE,TRIGGER_VISUAL","After this survives damage, summon a Destructive Blaze. Deathrattle: Deal 2 damage to a random enemy.",71771ece6052c5f76497602d5c0514d2a5ee4605a5f0789733d7a03f600594a3,legacy_compatibility,True,focused_or_regression_tests
CATA_591,123321,Commander Geddon,CATACLYSM,WARRIOR,MINION,True,BATTLECRY,"Battlecry: Instead of drawing each turn, Discover a card from your deck. It costs (3) less. Destroy the others.",a22c70c789e0a02f755fc9cd1ca21188908cf99b7d3d5891a9f31acd967e8f27,declarative,True,focused_or_regression_tests
CATA_591e,123322,Barren,CATACLYSM,NEUTRAL,ENCHANTMENT,False,,"At the start of your turns, Discover a card from your deck to play. The other two are incinerated.",8be7abddfdd339e463477471d536473871de98c7bd1abbb979b4e643278356f7,not_implemented,False,missing
CATA_591e2,125804,Overheat,CATACLYSM,NEUTRAL,ENCHANTMENT,False,,Costs (3) less.,6caafdd3cbb501bd0d8b0de246f1f80df4d752f4fa8c5044bc1d2b8fc9d200e6,not_implemented,False,missing
CATA_610,123382,Lo'Gosh's Last Stand,CATACLYSM,WARRIOR,SPELL,True,,"Give a minion ""Deathrattle: Summon a random minion from your hand.""",cf6a97d38eaa0363af5681d6bcd422726eec730956ba7009ca2e53c7a206f344,not_implemented,False,missing
CATA_610e,125848,Holding On,CATACLYSM,NEUTRAL,ENCHANTMENT,False,,Deathrattle: Summon a random minion from your hand.,a3979a2a15186bf49316cd45d3816a4b85b2ae2df1f2dfe1de1a7b80821c31c5,not_implemented,False,missing
CATA_612,123383,Frostbitten Imp,CATACLYSM,NEUTRAL,MINION,True,BATTLECRY,Battlecry: Freeze this.,6ee5718af5af146f48c91c50f569b873f0460c2ca091b9ea276b58cb0b2759c2,legacy_compatibility,True,focused_or_regression_tests
CATA_613,123384,Survivalist,CATACLYSM,NEUTRAL,MINION,True,AURA,Has Immune while you control no other minions.,cb9be846c3b05b57669e0aadfbf61644c73d34340b288d36be0ef7861378229f,legacy_compatibility,True,focused_or_regression_tests
CATA_614,123385,Shadowed Informant,CATACLYSM,NEUTRAL,MINION,True,"BATTLECRY,DISCOVER",Battlecry: Discover a spell from your class. (Swaps class each turn!),4f28f2400c32792e342bb3cbdd78dea9af1f80e9f69210212cc2a0a65f216392,not_implemented,False,missing
CATA_615,123396,"Genn, Cursed King",CATACLYSM,NEUTRAL,MINION,True,,"While holding this, if the rest of your hand is all even or all odd, transform into the 6/5 Worgen King.",aadd8e825e0428b63ac7893c041cd188ce38bf9d2333a5dd435696157b612e68,legacy_compatibility,True,focused_or_regression_tests
CATA_615e,130475,The Moooon,CATACLYSM,NEUTRAL,ENCHANTMENT,False,,Your Hero Power costs (1).,f7cf5d78c1818d116c56ca12e779484dd548cc5046174a10ca1593233068c459,not_implemented,False,missing
CATA_615t,123397,"Genn, Worgen King",CATACLYSM,NEUTRAL,MINION,False,BATTLECRY,Battlecry: Upgrade your starting Hero Power. It costs (1).,61cd03ae3f4385cc38da6d5cecfee40f9cd095b0b5129652da27d5b4f0ec8147,declarative,True,focused_or_regression_tests
CATA_616,123440,Gronn Giant,CATACLYSM,NEUTRAL,MINION,True,,This minion's Cost is reduced by the Cost of the last card you played.,958c25ceafe5a3dd03eae01ecea0d1a8f56f10e4d0402e5019a0b12db796bd11,not_implemented,False,missing
CATA_621,123403,Gelbin's Triumph,CATACLYSM,PALADIN,SPELL,True,,Get a random Paladin Aura. It lasts an additional turn.,740119600d316d113c6b62cf42ec7c76871a641e9c9c4fb43d0a91b2131f2a6f,not_implemented,False,missing
CATA_697,123604,Malevolent Mutant,CATACLYSM,DEMONHUNTER,MINION,True,BATTLECRY,Battlecry: Choose a Fel spell in your hand. Get a copy of it.,0ed206cd0bf852f868f2de728864d139881634fad941ef117215c04e6231d58c,not_implemented,False,missing
CATA_699,123539,Dread Leviathan,CATACLYSM,DEMONHUNTER,MINION,True,"BATTLECRY,TAUNT","Taunt. Battlecry: Choose an enemy minion to steal 3 Health from, three times.",e42421227e750b652061143c91b34e5dc041cd04aea36c328c23d54d59abf556,not_implemented,False,missing
CATA_699e,125572,Drained,CATACLYSM,WARLOCK,ENCHANTMENT,False,,Reduced Health.,4dd4acb85099f9188ad0e06e8b4da63b7d0f83b53d93b6dd3aa4a3051acc95a1,not_implemented,False,missing
CATA_699e2,125573,Crackin',CATACLYSM,WARLOCK,ENCHANTMENT,False,,Increased Health.,0a095116cbb96492ee4587258e88f9f9ab41df735339655f8787bdaa56f08dd0,not_implemented,False,missing
CATA_720,122635,Warmaster Blackhorn,CATACLYSM,NEUTRAL,MINION,True,BATTLECRY,Battlecry: Destroy all cards that cost (2) or less in both players' decks.,7457e84a85b8e5ade37a2f2035a0603e8b5a4098c7613bd63e45015030dab5ff,legacy_compatibility,True,focused_or_regression_tests
CATA_721,122637,Sheltered Survivor,CATACLYSM,NEUTRAL,MINION,True,BATTLECRY,Battlecry: Choose a card in your hand to shuffle into your deck. Draw a card.,e8a748870d189c9622a2b03bb1569b48b7a00bf2d3ce6a0738099a79083f8b2e,not_implemented,False,missing
CATA_722,122639,Envoy of the End,CATACLYSM,"DEATHKNIGHT,ROGUE,SHAMAN,WARLOCK,WARRIOR,DEMONHUNTER",MINION,True,"BATTLECRY,TAUNT",Taunt Battlecry: Herald {0}.,1878ff2616859baaf9ffa84dcbccd728feee640b849b64b908b0d3c898556cda,legacy_compatibility,True,focused_or_regression_tests
CATA_723,122641,Drakeadon Mongrel,CATACLYSM,NEUTRAL,MINION,True,DEATHRATTLE,Deathrattle: Summon two random 4-Cost minions.,1b21ef199c261fc55eb22cefb176a2152c6a4e3c339209ac5026a8783f82d4cb,not_implemented,False,missing
CATA_724,122642,Stormbinder,CATACLYSM,SHAMAN,MINION,True,"DEATHRATTLE,OVERLOAD",Deathrattle: Unlock your Overloaded Mana Crystals. Overload: (3),9be0d16cb5076f905f5e22095edfda21b621f342499f3c56fa62818158f9d74a,not_implemented,False,missing
CATA_725,122643,Shadowsworn Disciple,CATACLYSM,WARLOCK,MINION,True,"BATTLECRY,DEATHRATTLE",Battlecry: Herald {0}. Deathrattle: Restore #3 Health to your hero.,c4750f97b477cb1881f75e8a20328f18d319757dfa9ded7031c0513f3bb66286,declarative,True,focused_or_regression_tests
CATA_725t,127045,Soldier of Cho'gall,CATACLYSM,WARLOCK,MINION,False,TRIGGER_VISUAL,"At the end of your turn, destroy the minion to the right to gain +{0}/+{0}. Herald twice to upgrade.@At the end of your turn, destroy the minion to the right to gain +{0}/+{0}. Herald once to upgrade.@At the end of your turn, destroy the minion to the right to gain +{0}/+{0}.",1411b8d920fcdaca08faf486fb26232c7153bde50567b1eac362d635adbeb89a,not_implemented,False,missing
CATA_726,125432,"Cho'gall, Mastermind",CATACLYSM,WARLOCK,MINION,True,"AURA,COLOSSAL",Colossal +2 Your Arms and Soldiers destroy minions in the enemy's deck instead.,c69f7ea860b916805f0a91d1fdd382ae1928529282f075ff00651d6de8d5c494,not_implemented,False,missing
CATA_726e2,125501,Embiggened,CATACLYSM,WARLOCK,ENCHANTMENT,False,,Increased stats.,86366dffd9632c41254a7086bccc8785950a645bfec07910fece2646282f81be,not_implemented,False,missing
CATA_726t,125433,Cho's Arm,CATACLYSM,WARLOCK,MINION,False,TRIGGER_VISUAL,"At the end of your turn, destroy the minion to the right to gain +{0}/+{0}. Herald twice to upgrade.@At the end of your turn, destroy the minion to the right to gain +{0}/+{0}. Herald once to upgrade.@At the end of your turn, destroy the minion to the right to gain +{0}/+{0}.",1411b8d920fcdaca08faf486fb26232c7153bde50567b1eac362d635adbeb89a,not_implemented,False,missing
CATA_726t1,125435,Gall's Arm,CATACLYSM,WARLOCK,MINION,False,TRIGGER_VISUAL,"At the end of your turn, destroy the minion to the right to gain +{0}/+{0}. Herald twice to upgrade.@At the end of your turn, destroy the minion to the right to gain +{0}/+{0}. Herald once to upgrade.@At the end of your turn, destroy the minion to the right to gain +{0}/+{0}.",1411b8d920fcdaca08faf486fb26232c7153bde50567b1eac362d635adbeb89a,not_implemented,False,missing
CATA_726te,127988,Souldrain,CATACLYSM,NEUTRAL,ENCHANTMENT,False,,Increased Stats,ebc2980fc1feea6ebc383b46a3747080d068539644701ec9de412c695a99415e,not_implemented,False,missing
CATA_780,123600,Obsessive Technician,CATACLYSM,DEATHKNIGHT,MINION,True,"BATTLECRY,LIFESTEAL",Lifesteal Battlecry: Herald {0}.,9b6440bbd71ba88c1460a859e90fce957e738a24e511e04cc0e88a1a1e455836,not_implemented,False,missing
CATA_780t,126983,Soldier of Onyxia,CATACLYSM,DEATHKNIGHT,MINION,False,,"When summoned, get a random {0}-Cost minion. It costs Health this turn. Herald twice to upgrade. @When summoned, get a random {0}-Cost minion. It costs Health this turn. Herald once to upgrade. @When summoned, get a random {0}-Cost minion. It costs Health this turn.",3d1d050fccd340a11208ccdc1c2479cdcb042975237452686082516b79628b61,not_implemented,False,missing
CATA_785,123605,Rite of Twilight,CATACLYSM,ROGUE,SPELL,True,COMBO,Herald {0}. Combo: Deal $3 damage.,2818df527f65dd83f5f7ebeaa5bcefd8b5c42168f5378f7bcf2fb40b11dc5ffa,not_implemented,False,missing
CATA_786,123606,Chaos Supplicant,CATACLYSM,ROGUE,MINION,True,TRIGGER_VISUAL,"After you cast a spell, cast a random spell of the same Cost from another class.",1ac9d94bce175c0ce14eabd36b4e390034213ef9b60e79533bfe05478af5ce2f,not_implemented,False,missing
CATA_820,121757,Supply Run,CATACLYSM,HUNTER,SPELL,True,,Shatter Draw 3 minions. Give minions in your hand +2/+2.,7a051d49a206040db2a5d540cdbfa1805c9c6e967c56591b4560136cf3f1b520,not_implemented,False,missing
CATA_820e,121761,Brick by Brick,CATACLYSM,HUNTER,ENCHANTMENT,False,,+2/+2.,6496ac6ee3bdc68621e62fed137957624c2b0bd825dd961051f0d8c2f5e4eb44,not_implemented,False,missing
CATA_820t,121758,Supply Run,CATACLYSM,HUNTER,SPELL,False,EVIL_GLOW,Shattered Draw 3 minions.,839dbc1483de37c3792e8a8663ed70cddb276faeab11560384f61e8f86a2a5f2,not_implemented,False,missing
CATA_820t2,121760,Supply Run,CATACLYSM,HUNTER,SPELL,False,EVIL_GLOW,Shattered Give minions in your hand +2/+2.,9c096938f9dd053507e00773e4365e014a48ad3979ccf26b6dd4938cd3080182,not_implemented,False,missing
CATA_897,123660,Gemstone Hoarder,CATACLYSM,NEUTRAL,MINION,True,"BATTLECRY,DEATHRATTLE",Battlecry: Choose a card in your hand to discard. Deathrattle: Get it back. It costs (1) less.,7a3e752c5cbef1296d8e6238a5cd8693346a1c87fda52deeb7858c8a02c25d5a,not_implemented,False,missing
CATA_897e3,130826,Hoarded Gemstone,CATACLYSM,NEUTRAL,ENCHANTMENT,False,,Discarded {0}.,e5cfecef6a360ce087e5c9fa8c8a1efe68b6822dca386f7db13b997bd8552ee0,not_implemented,False,missing
CATA_898,123655,Scaled Lancer,CATACLYSM,NEUTRAL,MINION,True,AURA,All enemy minions have Taunt.,0df5d9e630a323375e25110d466b5febb9f30e900300072365c1548b0782aaf5,legacy_compatibility,True,focused_or_regression_tests
CATA_898e,123656,Scalebound,CATACLYSM,NEUTRAL,ENCHANTMENT,False,,Scaled Lancer grants Taunt.,62159485eb25a8ce7c46ade6c61c918769074048d15232ccfb32e69987696b02,not_implemented,False,missing
CATA_978,123847,Sindragosa's Triumph,CATACLYSM,MAGE,SPELL,True,ImmuneToSpellpower,Deal $8 damage to a minion. Reduce the Cost of a random card in your hand by the excess damage.,08199458130193904bb56f4653ad63b2d1a3144417251c6c73274e9b17573d97,not_implemented,False,missing
CATA_978e,127165,Triumphant,CATACLYSM,NEUTRAL,ENCHANTMENT,False,,Reduced Cost,b094132669b0dcbff0297c80703f01b14821b8da44c2be2a6e540081f2f7b144,not_implemented,False,missing
CATA_979,123848,Conjuration Specialist,CATACLYSM,MAGE,MINION,True,BATTLECRY,Battlecry: Choose a spell in your hand. Split it into two random spells of the same Cost.,41325674c6a2d8a1c40ca14bb656c4d5b4ba255034e333c57d552ebb21768625,not_implemented,False,missing
CATA_999,128058,Earthen Drake,CATACLYSM,NEUTRAL,MINION,True,TRIGGER_VISUAL,"At the end of your turn, deal 4 damage to the enemy hero.",a43566af11d7d54f1eced1aa829a0a5c56792296dade4d9e7e1e237a86de292e,legacy_compatibility,True,focused_or_regression_tests
CATA_COIN1,128000,The Coin,CATACLYSM,NEUTRAL,SPELL,False,,Gain 1 Mana Crystal this turn only.,7e0b9838c71ab2fca09f4defa0790398e06cf2d4f4f0c10ea1634a74b712d126,not_implemented,False,missing
CATA_COIN2,128002,The Coin,CATACLYSM,NEUTRAL,SPELL,False,,Gain 1 Mana Crystal this turn only.,7e0b9838c71ab2fca09f4defa0790398e06cf2d4f4f0c10ea1634a74b712d126,not_implemented,False,missing
CATA_COIN3,130979,The Coin,CATACLYSM,NEUTRAL,SPELL,False,,Gain 1 Mana Crystal this turn only.,7e0b9838c71ab2fca09f4defa0790398e06cf2d4f4f0c10ea1634a74b712d126,not_implemented,False,missing
CATA_COIN4,129483,The Coin,CATACLYSM,NEUTRAL,SPELL,False,,Gain 1 Mana Crystal this turn only.,7e0b9838c71ab2fca09f4defa0790398e06cf2d4f4f0c10ea1634a74b712d126,not_implemented,False,missing
CATA_COIN5,130518,The Coin,CATACLYSM,NEUTRAL,SPELL,False,,Gain 1 Mana Crystal this turn only.,7e0b9838c71ab2fca09f4defa0790398e06cf2d4f4f0c10ea1634a74b712d126,not_implemented,False,missing
CATA_COIN6,130740,The Coin,CATACLYSM,NEUTRAL,SPELL,False,,Gain 1 Mana Crystal this turn only.,7e0b9838c71ab2fca09f4defa0790398e06cf2d4f4f0c10ea1634a74b712d126,not_implemented,False,missing
CORE_AT_037,76289,Living Roots,CORE,DRUID,SPELL,True,CHOOSE_ONE,Choose One - Deal $2 damage; or Summon two 1/1 Saplings.,d2199bf00d912368d69cb7101a6ae34dd08b0ff209b5d18e6e05634591942610,not_implemented,False,missing
CORE_AT_052,129849,Totem Golem,CORE,SHAMAN,MINION,True,OVERLOAD,Overload: (1),aaed179d533ad14cdc3a2e24517455e22d574c244eeabaf943426d219efb74e9,not_implemented,False,missing
CORE_AT_055,69707,Flash Heal,CORE,PRIEST,SPELL,True,,Restore #5 Health.,caebafaf154d01d22e7685b6b599baa74bc1c50753cc29b97c77e153fa7b04a8,not_implemented,False,missing
CORE_AT_062,111364,Ball of Spiders,CORE,HUNTER,SPELL,True,,"Summon three 1/1 Webspinners with ""Deathrattle: Get a random Beast.""",4783fdc91246e16104eeb6e85c158037823207aaac73de7a442774d76131fbb8,not_implemented,False,missing
CORE_AT_064,76304,Bash,CORE,WARRIOR,SPELL,True,,Deal $3 damage. Gain 3 Armor.,928fd318ba579f2b5e05c1f8bac672a385b663af517a469a8d3f15f6c0c2acd8,not_implemented,False,missing
CORE_AT_123,120524,Chillmaw,CORE,NEUTRAL,MINION,True,"DEATHRATTLE,TAUNT","Taunt Deathrattle: If you're holding a Dragon, deal 3 damage to all minions.",21f10ccb294afbffb9b0bf21c2a95a1fb2ceef70827ee31eae859bfcac7e6f0e,legacy_compatibility,True,focused_or_regression_tests
CORE_AV_107,127473,Glaciate,CORE,SHAMAN,SPELL,True,DISCOVER,Discover an 8-Cost minion. Summon and Freeze it.,afdedec8473aa95f4c52c88b5c58ae22ccb8ffc5a88f2cb77038f1b727d13e1c,not_implemented,False,missing
CORE_AV_337,117038,Mountain Bear,CORE,HUNTER,MINION,True,"DEATHRATTLE,TAUNT",Taunt Deathrattle: Summon two 2/4 Cubs with Taunt.,bce359c069d0bf28b71ac434b5a7efa0d1d84560c6f89b8e40ef8bb159d71394,not_implemented,False,missing
CORE_BAR_310,120787,Lightshower Elemental,CORE,PRIEST,MINION,True,"DEATHRATTLE,TAUNT",Taunt Deathrattle: Restore #8 Health to all friendly characters.,d72e97c9364f799e8cfc74e80b4ba05a2152401b644ca0fa4ad3eeb1a888484f,not_implemented,False,missing
CORE_BAR_311,130582,Devouring Plague,CORE,PRIEST,SPELL,True,"LIFESTEAL,ImmuneToSpellpower",Lifesteal. Deal $4 damage randomly split among all enemy minions.,f849d488e5410dbd6ea8cea39777644673d58547d17e3547777f32027938e9e7,not_implemented,False,missing
CORE_BAR_313,129172,Priest of An'she,CORE,PRIEST,MINION,True,"BATTLECRY,TAUNT","Taunt. Battlecry: If you've restored Health this turn, gain +3/+3.",f6038411611087bfd9b44b4cb260076ab2bcf1ef4f972f687471d456d515bb54,not_implemented,False,missing
CORE_BAR_541,126982,Runed Orb,CORE,MAGE,SPELL,True,DISCOVER,Deal $2 damage. Discover a spell.,32d9dd7959386184237f19d49a906328532551581f200b077679680046bc71d6,not_implemented,False,missing
CORE_BAR_801,117039,Wound Prey,CORE,HUNTER,SPELL,True,,Deal $1 damage. Summon a 1/1 Hyena with Rush.,681638f6f70566b82ee393a74df254bc5e1f7a13e093a104546e9163a8473ceb,not_implemented,False,missing
CORE_BAR_812,120392,Oasis Ally,CORE,MAGE,SPELL,True,SECRET,"Secret: When a friendly minion is attacked, summon a 3/6 Water Elemental.",f0daa0b5d7681cb51b1cea4e1bf8b9eec503dac983ee69775f65e1f88b2f0d3d,not_implemented,False,missing
CORE_BAR_878,130580,Veteran Warmedic,CORE,PALADIN,MINION,True,TRIGGER_VISUAL,"After you cast a Holy spell, summon a 2/2 Medic with Lifesteal.",fc7a110baef1802ec6314fbc0d8f6579475098965ae003e0659cecf7fc404798,not_implemented,False,missing
CORE_BOT_222,102212,Spirit Bomb,CORE,WARLOCK,SPELL,True,,Deal $4 damage to a minion and your hero.,18ced0d0965173fe0e1c8024402cbcdf2a44e5b108e790b07c5a327feba9d235,not_implemented,False,missing
CORE_BOT_256,129846,Astromancer,CORE,MAGE,MINION,True,BATTLECRY,Battlecry: Summon a random minion with Cost equal to your hand size.,d5e80c23c037eb54d8584fdd9031e921caeaea55af0b322f34e1d52280edeb2d,not_implemented,False,missing
CORE_BOT_451,106323,Voltaic Burst,CORE,SHAMAN,SPELL,True,OVERLOAD,Summon two 1/1 Sparks with Rush. Overload: (1),97debd2c8eb283fbc05b3b668cb8cff4aa5119e8d886e35e267682c195de775f,not_implemented,False,missing
CORE_BOT_576,130525,Crazed Chemist,CORE,ROGUE,MINION,True,COMBO,Combo: Give a friendly minion +4 Attack.,8f36cc56e9518833872c18f29ea4ccea1de12a9a9df0ded4c1c62e56be923325,not_implemented,False,missing
CORE_BRM_013,69691,Quick Shot,CORE,HUNTER,SPELL,True,AFFECTED_BY_SPELL_POWER,"Deal $3 damage. If your hand is empty, draw a card.",a4f5bce8d1f466c3f930a4bae74442f0afaea936b83533712f634ccb55fbeedf,not_implemented,False,missing
CORE_BT_035,69558,Chaos Strike,CORE,DEMONHUNTER,SPELL,True,,Give your hero +2 Attack this turn. Draw a card.,499418d4c0b7d6bf63843cbccb293734428cb09ba51506f10875d52228192147,not_implemented,False,missing
CORE_BT_072,126976,Deep Freeze,CORE,MAGE,SPELL,True,FREEZE,Freeze an enemy. Summon two 3/6 Water Elementals.,fce8c00f1a9c0cc590a76cd4d92890bf0aa96e559187bc34d76d9124f100db5f,not_implemented,False,missing
CORE_BT_120,127474,Warmaul Challenger,CORE,WARRIOR,MINION,True,BATTLECRY,Battlecry: Choose an enemy minion. Battle it to the death!,197551cbfe505e96bcc0d721800624aa0ace1512e6ce75935f5265060059e948,legacy_compatibility,True,focused_or_regression_tests
CORE_BT_156,127593,Imprisoned Vilefiend,CORE,NEUTRAL,MINION,True,RUSH,Dormant for 2 turns. Rush,bebe07dfffa47d59d60ef6f7b4308e54af1bf4892d24f9699337131b178ba3cd,legacy_compatibility,True,focused_or_regression_tests
CORE_BT_187,102184,Kayn Sunfury,CORE,DEMONHUNTER,MINION,True,"AURA,CHARGE",Charge All friendly attacks ignore Taunt.,9092de833b9ac7fc972a9eb3975a924b86953fafd33adb7721171c492dcf2fcb,legacy_compatibility,True,focused_or_regression_tests
CORE_BT_201,130286,Augmented Porcupine,CORE,HUNTER,MINION,True,DEATHRATTLE,Deathrattle: Deal this minion's Attack damage randomly split among all enemies.,3884c1e77123f6f941ef0f6a927001fed5206895165a0f7dd1916912cf3a6bb3,legacy_compatibility,True,focused_or_regression_tests
CORE_BT_292,102197,Hand of A'dal,CORE,PALADIN,SPELL,True,,Give a minion +2/+1. Draw a card.,8a865782fc3ef2bb0b73b8d5ec4e9d5b1cb94884e63cb0abd635a012ead8c5bd,not_implemented,False,missing
CORE_BT_321,129167,Netherwalker,CORE,DEMONHUNTER,MINION,True,"BATTLECRY,DISCOVER",Battlecry: Discover a Demon.,9f81cc26b8d71a114dab7855acca392e2061fe442424a23dc55c6b9841dd9855,not_implemented,False,missing
CORE_BT_351,69586,Battlefiend,CORE,DEMONHUNTER,MINION,True,TRIGGER_VISUAL,"After your hero attacks, gain +1 Attack.",7f0e765ebbeda40db1b20adec90a572b76df1e7a44a987ad8edc5f59d9657b63,legacy_compatibility,True,focused_or_regression_tests
CORE_BT_416,69588,Raging Felscreamer,CORE,DEMONHUNTER,MINION,True,BATTLECRY,Battlecry: The next Demon you play costs (2) less.,061257dc1fb4f5a59c2a8b48bf495b4cdff8d3349088869b70605fc9b3742b4a,not_implemented,False,missing
CORE_BT_480,69683,Crimson Sigil Runner,CORE,DEMONHUNTER,MINION,True,OUTCAST,Outcast: Draw a card.,2920387f85a6e53fd790ed3df12eef9c7122396af8a2e81255abf61730989999,legacy_compatibility,True,focused_or_regression_tests
CORE_BT_491,69684,Spectral Sight,CORE,DEMONHUNTER,SPELL,True,OUTCAST,Draw a card. Outcast: Draw another.,b0668c49a9b3b3b446a49fc19400ece3f012792453d0e4b5f607c48360c9cfdc,not_implemented,False,missing
CORE_BT_493,120878,Priestess of Fury,CORE,DEMONHUNTER,MINION,True,TRIGGER_VISUAL,"At the end of your turn, deal 6 damage randomly split among all enemies.",93c0be8480f35e4c70e0b371fc2802d51f05f2ab80083fe3191cf02e72924243,legacy_compatibility,True,focused_or_regression_tests
CORE_BT_510,129168,Wrathspike Brute,CORE,DEMONHUNTER,MINION,True,"TAUNT,TRIGGER_VISUAL","Taunt After this is attacked, deal 1 damage to all enemies.",15747788d46b9792362207f3519b4057c4a4f6098d46732bdeee15d7fefc9640,legacy_compatibility,True,focused_or_regression_tests
CORE_BT_701,129347,Spymistress,CORE,ROGUE,MINION,True,STEALTH,Stealth,526a40a447ddd7aa52d34bb62dbf1da04dc4aba8403769d239ade80893ffef7a,legacy_compatibility,True,focused_or_regression_tests
CORE_BT_781,116718,Bulwark of Azzinoth,CORE,WARRIOR,WEAPON,True,TRIGGER_VISUAL,"Whenever your hero would take damage, this loses 1 Durability instead.",eff9d25f07746e4ea6d60abbd8dd06c447c254fb5549fec10800975b3fd5f40e,not_implemented,False,missing
CORE_BT_801,69740,Eye Beam,CORE,DEMONHUNTER,SPELL,True,"LIFESTEAL,OUTCAST",Lifesteal. Deal $3 damage to a minion. Outcast: This costs (1).,3fb32fa01a8cc38dda960507c1f00193382dd8e2b70b44471fea28bc62a85a0b,not_implemented,False,missing
CORE_BT_921,69507,Aldrachi Warblades,CORE,DEMONHUNTER,WEAPON,True,LIFESTEAL,Lifesteal,3fa7fb78015de1ab3cb62a2032789b047c7f4b247372c823a3be42abb6e9e6f1,not_implemented,False,missing
CORE_CATA_001,126887,Tichondrius,CORE,DEMONHUNTER,MINION,True,"AURA,BATTLECRY",Your hero is Immune. Battlecry: Your next Demon this turn costs (0).,5a96a1b03fa23c7a81136b33fe082c6369536f6d2074720705e03291750ca93a,legacy_compatibility,True,focused_or_regression_tests
CORE_CATA_001e,128357,Demonic Summoning,CATACLYSM,DEMONHUNTER,ENCHANTMENT,False,TAG_ONE_TURN_EFFECT,Your next Demon this turn costs (0).,a71a6d76039526e19fd3c9c8dd51eaec03c08bb5c4c57cf26d3f7df5bfd6c6e8,not_implemented,False,missing
CORE_CATA_002,126888,Calia Menethil,CORE,PRIEST,MINION,True,BATTLECRY,Battlecry: Resurrect your highest-Cost minion that died this game.,efc7240d865cd6f65d18d233c9032cfcba58bf934651ee025c390205a8309e04,not_implemented,False,missing
CORE_CATA_003,127406,Vindicator Maraad,CORE,PALADIN,MINION,False,,Not implemented yet. Use this for art/VFX for new Core card.,09cd6846f92f4b1f3582e7f38dcaa4063cd4030cd6a81c3957a65c1d14d0a73b,not_implemented,False,missing
CORE_CATA_004,127407,Rehgar Earthfury,CORE,SHAMAN,MINION,True,TRIGGER_VISUAL,"After this or an adjacent minion attacks, get a Lightning Bolt.",3fb062e7293d3bbdc3985adfd1b1ba4b7505393a52641f185a0ac37aab8e0f3c,not_implemented,False,missing
CORE_CATA_005,127408,Lord Thorval,CORE,DEATHKNIGHT,MINION,False,,Not implemented yet. Use this for art/VFX for new Core card.,09cd6846f92f4b1f3582e7f38dcaa4063cd4030cd6a81c3957a65c1d14d0a73b,not_implemented,False,missing
CORE_CATA_006,127409,Ulfar,CORE,DRUID,MINION,True,BATTLECRY,"Battlecry: Give your other minions ""Deathrattle: Summon a minion with this minion's Cost.""",230b4a0ebf1c0f3ad65221cf89d728378d352d64b14d23da1266e768aa9b73d0,not_implemented,False,missing
CORE_CATA_006e,130984,Thornspeakers' Spirit,CORE,DRUID,ENCHANTMENT,False,,Deathrattle: Summon a random minion of the same Cost.,2d65f558aa6727d3b7cf662509b832bd5c5770d1057bac11fbb77474498997bd,not_implemented,False,missing
CORE_CATA_007,127410,Consumption,CORE,DEATHKNIGHT,SPELL,True,,Deal $3 damage to two random enemy minions. Draw a card for each that dies.,90f00c448331de55e17c8cd13df956689455c5174e697ffc3fb964bfafa20648,not_implemented,False,missing
CORE_CATA_008,127411,Guardian Gargoyle,CORE,DEATHKNIGHT,MINION,False,,Not implemented yet. Use this for art/VFX for new Core card.,09cd6846f92f4b1f3582e7f38dcaa4063cd4030cd6a81c3957a65c1d14d0a73b,not_implemented,False,missing
CORE_CATA_009,127412,Death's Advance,CORE,DEATHKNIGHT,SPELL,True,,Freeze a character. Discover a spell.,f2965ef025bb1f44296677d86d1143e510d0dff60ba36f839b59089aa5fdb74d,not_implemented,False,missing
CORE_CATA_010,127413,Felscarred Seeker,CORE,DEMONHUNTER,MINION,False,,Not implemented yet. Use this for art/VFX for new Core card.,09cd6846f92f4b1f3582e7f38dcaa4063cd4030cd6a81c3957a65c1d14d0a73b,not_implemented,False,missing
CORE_CATA_011,127414,Ring of Frost,CORE,MAGE,SPELL,False,,Not implemented yet. Use this for art/VFX for new Core card.,09cd6846f92f4b1f3582e7f38dcaa4063cd4030cd6a81c3957a65c1d14d0a73b,not_implemented,False,missing
CORE_CATA_012,127415,Forbidden Ritual,CORE,WARLOCK,SPELL,False,,Not implemented yet. Use this for art/VFX for new Core card.,09cd6846f92f4b1f3582e7f38dcaa4063cd4030cd6a81c3957a65c1d14d0a73b,not_implemented,False,missing
CORE_CATA_013,127416,Slimescale Myrmidon,CORE,NEUTRAL,MINION,False,,Not implemented yet. Use this for art/VFX for new Core card.,09cd6846f92f4b1f3582e7f38dcaa4063cd4030cd6a81c3957a65c1d14d0a73b,not_implemented,False,missing
CORE_CATA_014,127417,Crystalweaver,CORE,NEUTRAL,MINION,False,,Not implemented yet. Use this for art/VFX for new Core card.,09cd6846f92f4b1f3582e7f38dcaa4063cd4030cd6a81c3957a65c1d14d0a73b,not_implemented,False,missing
CORE_CATA_015,127418,Tricky Geist,CORE,NEUTRAL,MINION,False,,Not implemented yet. Use this for art/VFX for new Core card.,09cd6846f92f4b1f3582e7f38dcaa4063cd4030cd6a81c3957a65c1d14d0a73b,not_implemented,False,missing
CORE_CATA_016,127419,Wild Synthesis,CORE,NEUTRAL,SPELL,False,,Not implemented yet. Use this for art/VFX for new Core card.,09cd6846f92f4b1f3582e7f38dcaa4063cd4030cd6a81c3957a65c1d14d0a73b,not_implemented,False,missing
CORE_CATA_017,127420,Essence Break,CORE,NEUTRAL,SPELL,False,,Not implemented yet. Use this for art/VFX for new Core card.,09cd6846f92f4b1f3582e7f38dcaa4063cd4030cd6a81c3957a65c1d14d0a73b,not_implemented,False,missing
CORE_CFM_344,120428,"Finja, the Flying Star",CORE,NEUTRAL,MINION,True,"STEALTH,TRIGGER_VISUAL","Stealth Whenever this attacks and kills a minion, summon 2 Murlocs from your deck.",6c5ff48cbadeba919a769ff26b9c21abfa2dc49e3a9a10a91b6300c49a0a2806,legacy_compatibility,True,focused_or_regression_tests
CORE_CFM_604,120459,Greater Healing Potion,CORE,PRIEST,SPELL,True,,Restore #12 Health to a friendly character. Draw a card.,54fb2faf2f78f9d94a5117128751133d35d8bcef0e4db5a7867e0d1c8226f533,not_implemented,False,missing
CORE_CFM_670,130320,Mayor Noggenfogger,CORE,NEUTRAL,MINION,True,TRIGGER_VISUAL,All targets are chosen randomly.,a1aa8db7d6829c332e67db82841edaf623dd4fc7b5dca13e59b1e44fe95a3734,not_implemented,False,missing
CORE_CFM_753,102196,Grimestreet Outfitter,CORE,PALADIN,MINION,True,BATTLECRY,Battlecry: Give all minions in your hand +1/+1.,3fd7ff72efe6a1bf0a35fd99665922785f06f04ef836640c23d87c27834c21ed,not_implemented,False,missing
CORE_CFM_781,120463,"Shaku, the Collector",CORE,ROGUE,MINION,True,"STEALTH,TRIGGER_VISUAL","Stealth Whenever this attacks, add a card from another class to your hand.",f6e5678666e205049cc2bf7a76b385a9e57b89b11ec1bcd6a4c17eb3cbf79d14,not_implemented,False,missing
CORE_CFM_790,102225,Dirty Rat,CORE,NEUTRAL,MINION,True,"BATTLECRY,TAUNT",Taunt Battlecry: Your opponent summons a random minion from their hand.,24feb6e98aa4de5dbc189ce385b8d93281ab66c6714c7177a42c8d83e214f597,not_implemented,False,missing
CORE_CS1_112,69508,Holy Nova,CORE,PRIEST,SPELL,True,,Deal $2 damage to all enemy minions. Restore #2 Health to all friendly characters.,9cfe1eb92996c2f94ccc07022b00c8dd05a03371e5e1618526beb09beae7d696,not_implemented,False,missing
CORE_CS1_130,69509,Holy Smite,CORE,PRIEST,SPELL,True,,Deal $3 damage to a minion.,44499b054fe6189fafafb21af7c3caa6d643b930340e3b31c760ec0f4bb99424,not_implemented,False,missing
CORE_CS2_004,120786,Power Word: Shield,CORE,PRIEST,SPELL,True,,Give a minion +2 Health. Draw a card.,8a285589fbf9ae9fba2a614406ac46fc4a89745286226dbe6ad15ceb0bc6b337,declarative,True,focused_or_regression_tests
CORE_CS2_009,69511,Mark of the Wild,CORE,DRUID,SPELL,True,,Give a minion Taunt and +2/+3. (+2 Attack/+3 Health),1465b8a2c13afe5e27f9232591d786909c16f6c67f28ce5cbb180fb6f9dc6c00,not_implemented,False,missing
CORE_CS2_023,69500,Arcane Intellect,CORE,MAGE,SPELL,True,,Draw 2 cards.,d431f7496ea56cf6c2970ab414d18e15ae296393776c135f4ec582d724ae5ae1,not_implemented,False,missing
CORE_CS2_024,111365,Frostbolt,CORE,MAGE,SPELL,True,FREEZE,Deal $3 damage to a character and Freeze it.,6eb2b8e19a847744609c55370d69793ebfc8040db877696e8404df1b13ecdaf6,not_implemented,False,missing
CORE_CS2_028,76273,Blizzard,CORE,MAGE,SPELL,True,FREEZE,Deal $2 damage to all enemy minions and Freeze them.,15d7cf52e1958ef856bde7a8d1351ad184cbb5cbe700e04f8075ae41c1b623eb,not_implemented,False,missing
CORE_CS2_029,69501,Fireball,CORE,MAGE,SPELL,True,,Deal $6 damage.,c1a9b901409f63e6d95dc0ff0d1e1b1d6e5618496ee56570ca98b3d455867ed3,declarative,True,focused_or_regression_tests
CORE_CS2_032,69502,Flamestrike,CORE,MAGE,SPELL,True,,Deal $5 damage to all enemy minions.,e44278a5e248189168fc0bbd4f0b7230991d02aec886c31cffd3f864fabbd24f,declarative,True,focused_or_regression_tests
CORE_CS2_039e,90293,Windfury,CORE,SHAMAN,ENCHANTMENT,False,,Windfury.,991c78d2149c15d72968f7e9e83fa0463715dd447afbebd702429517c32abcd6,not_implemented,False,missing
CORE_CS2_042,69516,Fire Elemental,CORE,SHAMAN,MINION,True,BATTLECRY,Battlecry: Deal 4 damage.,c4b9d8dc41b8c8eb77b2978ffe28fa18e470776cf3c4236833cc910f3312bd6e,not_implemented,False,missing
CORE_CS2_053,76293,Far Sight,CORE,SHAMAN,SPELL,True,,Draw a card. That card costs (3) less.,3b67bbfccd49f4bdbaeeeb804ff2ddf6d47ecca1e2c5cb05534db02e5dcd4516,not_implemented,False,missing
CORE_CS2_062,69519,Hellfire,CORE,WARLOCK,SPELL,True,,Deal $3 damage to ALL characters.,63052469523ecf7c4f5a06dedf728fd8ff00db4e998a4084af7a70e171fd39a7,declarative,True,focused_or_regression_tests
CORE_CS2_072,69521,Backstab,CORE,ROGUE,SPELL,True,,Deal $2 damage to an undamaged minion.,01eb3c1228aa95e51cb84c7a307be72d65d72bff423a5de2483927582587e911,not_implemented,False,missing
CORE_CS2_074,69522,Deadly Poison,CORE,ROGUE,SPELL,True,,Give your weapon +2 Attack.,62ebadccf21b504d9da1aa52e1d7eae476c330dd5643cb0d951a274bd063ab78,not_implemented,False,missing
CORE_CS2_076,69525,Assassinate,CORE,ROGUE,SPELL,True,,Destroy an enemy minion.,72562e1de706442e27e115722d5e083e43f949be4b3c6d3c9503cafff3522041,not_implemented,False,missing
CORE_CS2_093,69532,Consecration,CORE,PALADIN,SPELL,True,,Deal $2 damage to all enemies.,a856d816bd952d82386f48eb1d36293be42f6aaf47ef5a11f30cf96773764506,not_implemented,False,missing
CORE_CS2_094,102790,Hammer of Wrath,CORE,PALADIN,SPELL,True,,Deal $3 damage. Draw a card.,572d1eb2f460f659685ff148dec15aa2df6b63c2a51870b89155b9c905674023,not_implemented,False,missing
CORE_CS2_108,69535,Execute,CORE,WARRIOR,SPELL,True,,Destroy a damaged enemy minion.,a67629a656c26eb76d901524a98751999532a5474d56cd41b5097d70ee81f6eb,not_implemented,False,missing
CORE_CS2_122,69537,Raid Leader,CORE,NEUTRAL,MINION,True,AURA,Your other minions have +1 Attack.,a98b248beb2c1ee594d37a0e3d713a16168195e62e98e4a46a51c62cff826dca,legacy_compatibility,True,focused_or_regression_tests
CORE_CS2_179,69542,Sen'jin Shieldmasta,CORE,NEUTRAL,MINION,True,TAUNT,Taunt,aa1c342daeb99a7dd8a63d75bed9ad127b763c6cd74891b0ce1a090898c7534e,not_implemented,False,missing
CORE_CS2_188,69649,Abusive Sergeant,CORE,NEUTRAL,MINION,True,BATTLECRY,Battlecry: Give a minion +2 Attack this turn.,e2fe08d6a1e8c5c9ff45a9fa9347fd7fa0316f165d910c007af124425c62ef24,legacy_compatibility,True,focused_or_regression_tests
CORE_CS2_189,69565,Elven Archer,CORE,NEUTRAL,MINION,True,BATTLECRY,Battlecry: Deal 1 damage.,526d21d6a8b5a8e0ac2f17f1a00d0cf4cc824a2d891b1b10473978e19be115c4,legacy_compatibility,True,focused_or_regression_tests
CORE_CS2_222,69544,Stormwind Champion,CORE,NEUTRAL,MINION,True,AURA,Your other minions have +1/+1.,f072faffa59395bad43c6496fd18c410004cd3053408378e1903a950e3bf9533,legacy_compatibility,True,focused_or_regression_tests
CORE_DAL_575,126975,Khadgar,CORE,MAGE,MINION,True,TRIGGER_VISUAL,Your cards that summon minions summon twice as many.,376dd02ff5028c0b2fca523f82b8b732a53fc888f7fcc84d23e89dcf7a0393da,not_implemented,False,missing
CORE_DAL_720,120462,Waggle Pick,CORE,ROGUE,WEAPON,True,DEATHRATTLE,Deathrattle: Return a random friendly minion to your hand. It costs (2) less.,27313385f8f840bf58bfc24c2b0ea01fb8e7618ff934c4633923c69dfe2c60e5,not_implemented,False,missing
CORE_DMF_067,120429,Prize Vendor,CORE,NEUTRAL,MINION,True,"BATTLECRY,DEATHRATTLE",Battlecry and Deathrattle: Each player draws a card.,7d6770e991ef5f8c38b6b0d9a0e37124a8dc429236b9e3e4d49e0f4fa74d4a59,not_implemented,False,missing
CORE_DMF_511,120460,Foxy Fraud,CORE,ROGUE,MINION,True,BATTLECRY,Battlecry: Your next Combo card this turn costs (2) less.,90f945a9373ecc26b587e41882a0093de0aa870d0e2a97c12a3041921031abb4,not_implemented,False,missing
CORE_DRG_024,127088,Sky Raider,CORE,WARRIOR,MINION,True,BATTLECRY,Battlecry: Add a random Pirate to your hand.,892ae8b0c77bc9369f6b779fcb10b52e4014a146584a21f3f16ad890707e3ae4,legacy_compatibility,True,focused_or_regression_tests
CORE_DRG_079,112925,Evasive Wyrm,CORE,NEUTRAL,MINION,True,"DIVINE_SHIELD,ELUSIVE,RUSH",Rush Divine Shield Elusive,d4da5c5c19c2e3d48b2f523e64c1c847a4b63af449ab0e7ec66d2fe2fe696ba0,legacy_compatibility,True,focused_or_regression_tests
CORE_DRG_107,120971,Violet Spellwing,CORE,MAGE,MINION,True,DEATHRATTLE,Deathrattle: Add an 'Arcane Missiles' spell to your hand.,5c4d70f7640b2c9a4574963b6afa5a6eb538c9a40f0ddedafa7f1835dce5ffb7,declarative,True,focused_or_regression_tests
CORE_DRG_256,102191,Dragonbane,CORE,HUNTER,MINION,True,TRIGGER_VISUAL,"After you use your Hero Power, deal 5 damage to a random enemy.",95f2fbb3a34fbcbf7bacc4e6298d0e2e705a72a9638d87e10f9f2e0d9b49489d,legacy_compatibility,True,focused_or_regression_tests
CORE_DRG_403,120433,Blowtorch Saboteur,CORE,NEUTRAL,MINION,True,BATTLECRY,Battlecry: Your opponent's next Hero Power costs (2) more.,64f18a5c39087f4362eb713c8f4274aa4c3efe18359e2bf4b87c4e59b367ad57,not_implemented,False,missing
CORE_DS1_184,69545,Tracking,CORE,HUNTER,SPELL,True,DISCOVER,Discover a card from your deck.,84e4a1e792313de264a2c8806bdb9bffd922fe36c3f5ebed5c3b20eb758c6984,not_implemented,False,missing
CORE_DS1_185,69546,Arcane Shot,CORE,HUNTER,SPELL,True,,Deal $2 damage.,6b79a356d18c7b60fad009c20e6529ff4e9b278842b7459d77365aaca1ddaeff,not_implemented,False,missing
CORE_EDR_001,117307,Babbling Bookcase,CORE,MAGE,MINION,True,BATTLECRY,Battlecry: Add 2 random Mage spells to your hand.,5899d8e9e3efa8d1a35216950809169f9b880d491e69fdd5447c4e038bb6813c,not_implemented,False,missing
CORE_EDR_002,117308,Poison Breath,CORE,DEATHKNIGHT,SPELL,True,,Give a friendly Undead Poisonous.,bcbfc66709a0bdef24a9de0d7f3105573cd42bcd93536e802f845de74a87b29e,not_implemented,False,missing
CORE_EDR_002e,117309,Deathly Poison,CORE,DEATHKNIGHT,ENCHANTMENT,False,POISONOUS,Poisonous,573c8b628420891981b2eb72fec57c17cfa2cade0f4010bcd47c87c019783164,not_implemented,False,missing
CORE_EDR_003,118765,Falric,CORE,DEATHKNIGHT,MINION,True,"AURA,BATTLECRY",You gain twice as many Corpses as normal. Battlecry: Draw a card that spends Corpses.,2206afdf4ae3c653980b2cb1a1422c84e77a2c311307c322d988fa9cf9fe52c4,legacy_compatibility,True,focused_or_regression_tests
CORE_EDR_004_2026,131356,Raptor Herald,CORE,NEUTRAL,MINION,True,"BATTLECRY,DISCOVER",Rewind Battlecry: Discover a Beast with a Dark Gift. Kindred: It costs (1) less.,ed8445fe8ae37975085bcce3122961a9a5d0fe77dd8d5629fe68fbb64e348f9b,not_implemented,False,missing
CORE_ETC_111,130822,Merch Seller,CORE,NEUTRAL,MINION,True,TRIGGER_VISUAL,"At the end of your turn, put a random spell on the top of your opponent's deck.",2429ac8f27854d121021b417811e95f3ab2d93a050cebb1b7bbc3c70c28223aa,not_implemented,False,missing
CORE_ETC_523,117395,Death Metal Knight,CORE,DEATHKNIGHT,MINION,True,TAUNT,Taunt Costs Health instead of Mana if your hero was healed this turn.,76dc3a529579c183a3ea5037faab860d1da35db8cf669afaf76cc8507253fa53,not_implemented,False,missing
CORE_EX1_002,102217,The Black Knight,CORE,NEUTRAL,MINION,True,"BATTLECRY,TRADEABLE",Tradeable Battlecry: Destroy an enemy minion with Taunt.,265e5e3020cec64e971e0773c59762975559a446942eefed8fed9b3e87a57f3e,legacy_compatibility,True,focused_or_regression_tests
CORE_EX1_005,69652,Big Game Hunter,CORE,NEUTRAL,MINION,True,"BATTLECRY,TRADEABLE",Tradeable Battlecry: Destroy a minion with 7 or more Attack.,1c2cad353ace1321982ccc9643aee592ed3e50f0a24f3dcc3a6a943215f95e13,not_implemented,False,missing
CORE_EX1_007,76316,Acolyte of Pain,CORE,NEUTRAL,MINION,True,TRIGGER_VISUAL,"Whenever this minion takes damage, draw a card.",a0cd075774f4e7a0f24738a99d59509cb8b862cf6f7e3481e4671adf1a2116d2,not_implemented,False,missing
CORE_EX1_010,69654,Worgen Infiltrator,CORE,NEUTRAL,MINION,True,STEALTH,Stealth,526a40a447ddd7aa52d34bb62dbf1da04dc4aba8403769d239ade80893ffef7a,legacy_compatibility,True,focused_or_regression_tests
CORE_EX1_011,69547,Voodoo Doctor,CORE,NEUTRAL,MINION,True,BATTLECRY,Battlecry: Restore #2 Health.,9a0d2007a1b775eb9bef31d1eb529bbf63454e84c5e0224733f7a67e4cc65aa7,legacy_compatibility,True,focused_or_regression_tests
CORE_EX1_012,69655,Bloodmage Thalnos,CORE,NEUTRAL,MINION,True,"DEATHRATTLE,SPELLPOWER",Spell Damage +1 Deathrattle: Draw a card.,b713c939ef58e3304b2f72fc284c1645f3237f963ea513f7c69a977be8591808,declarative,True,focused_or_regression_tests
CORE_EX1_014,69656,King Mukla,CORE,NEUTRAL,MINION,True,BATTLECRY,Battlecry: Give your opponent 2 Bananas.,0df7dc6668309a2bcf52fe63ea6987ca66e734de1d7f5c45476496bb264b780a,declarative,True,focused_or_regression_tests
CORE_EX1_028,69658,Stranglethorn Tiger,CORE,NEUTRAL,MINION,True,STEALTH,Stealth,526a40a447ddd7aa52d34bb62dbf1da04dc4aba8403769d239ade80893ffef7a,not_implemented,False,missing
CORE_EX1_043,76325,Twilight Drake,CORE,NEUTRAL,MINION,True,BATTLECRY,Battlecry: Gain +1 Health for each card in your hand.,da426b4ef46b5d9e56d605ef583c108ae8234eaabafcd38316765d9fa62b9be1,legacy_compatibility,True,focused_or_regression_tests
CORE_EX1_058,120578,Sunfury Protector,CORE,NEUTRAL,MINION,True,BATTLECRY,Battlecry: Give adjacent minions Taunt.,403c961f3d9d7288482bbff0a9ba1155cea2b4b5fea061ae59436c1597243bb7,not_implemented,False,missing
CORE_EX1_059,69661,Crazed Alchemist,CORE,NEUTRAL,MINION,True,BATTLECRY,Battlecry: Swap the Attack and Health of a minion.,8a37ff396282d15edab39abcd3cbc087b10b32713a1e720e05f0cc1360929025,not_implemented,False,missing
CORE_EX1_082,69662,Mad Bomber,CORE,NEUTRAL,MINION,True,BATTLECRY,Battlecry: Deal 3 damage randomly split between all other characters.,e42d886736df2da48db44fba62a402a4918deade433490b3b5269dd8e053a042,not_implemented,False,missing
CORE_EX1_096,69665,Loot Hoarder,CORE,NEUTRAL,MINION,True,DEATHRATTLE,Deathrattle: Draw a card.,3d661d10ac53627f31c4f5970177bc73c803a4499b5d408fae268582c646f669,not_implemented,False,missing
CORE_EX1_100,120883,Lorewalker Cho,CORE,NEUTRAL,MINION,True,TRIGGER_VISUAL,"Whenever a player casts a spell, put a copy into the other player’s hand.",c6212cf3178a427c93f0910e1a106a24497a489288ffcd71b3edaafa01b32026,legacy_compatibility,True,focused_or_regression_tests
CORE_EX1_103,69666,Coldlight Seer,CORE,NEUTRAL,MINION,True,BATTLECRY,Battlecry: Give your other Murlocs +2 Health.,8b6b4bb5a262c9b37dfac50cd193b86b4b997275d87e42950ed58c32e96ce15f,not_implemented,False,missing
CORE_EX1_110,69667,Cairne Bloodhoof,CORE,NEUTRAL,MINION,True,"DEATHRATTLE,TAUNT",Taunt Deathrattle: Summon a 5/5 Baine Bloodhoof.,00d003516e5d899c7e7ee4036067beabf4c5d21e004726b0f849f2c63a4dcdd1,declarative,True,focused_or_regression_tests
CORE_EX1_129,102745,Fan of Knives,CORE,ROGUE,SPELL,True,,Deal $1 damage to all enemy minions. Draw a card.,5ffe59fdf02471305fb680f5bd4e8bda66d990b30978d8ea98477344b7e0832d,not_implemented,False,missing
CORE_EX1_131,120571,Defias Ringleader,CORE,ROGUE,MINION,True,COMBO,Combo: Summon a 2/1 Defias Bandit.,77c5ecf0a3e5ddca7abcd7e86eacbbbceb50b981c82fafa292063d971adc0889,not_implemented,False,missing
CORE_EX1_134,69621,SI:7 Agent,CORE,ROGUE,MINION,True,COMBO,Combo: Deal 3 damage.,20c5e4de916358327e72601093d729851b02d668ee38143ea89d7cd05b283b0a,not_implemented,False,missing
CORE_EX1_145,69623,Preparation,CORE,ROGUE,SPELL,True,,The next spell you cast this turn costs (2) less.,e8e0ba7922a28f516b69b5ec40b0bd35b611b9ac6fdf8ac2fed177f41b0b0666,not_implemented,False,missing
CORE_EX1_154,76288,Wrath,CORE,DRUID,SPELL,True,CHOOSE_ONE,Choose One - Deal $3 damage to a minion; or $1 damage and draw a card.,d0534c434770a589f838b4bfd940b88672bc769fcf57130d3bceb01410e2ab4a,not_implemented,False,missing
CORE_EX1_160,69593,Power of the Wild,CORE,DRUID,SPELL,True,CHOOSE_ONE,Choose One - Give your minions +1/+1; or Summon a 3/2 Panther.,caee8cc803b059e700ce8f8e57889fa2d7568fa3f198a7c6c1b234046ee4f6fc,not_implemented,False,missing
CORE_EX1_162,69668,Dire Wolf Alpha,CORE,NEUTRAL,MINION,True,"ADJACENT_BUFF,AURA",Adjacent minions have +1 Attack.,59d4e4847e5b00e6871ab879511662530cfe39dfa7b209f5463bd4a404fea02c,legacy_compatibility,True,focused_or_regression_tests
CORE_EX1_169,69550,Innervate,CORE,DRUID,SPELL,True,,Gain 1 Mana Crystal this turn only.,7e0b9838c71ab2fca09f4defa0790398e06cf2d4f4f0c10ea1634a74b712d126,declarative,True,focused_or_regression_tests
CORE_EX1_189,69672,Brightwing,CORE,NEUTRAL,MINION,True,BATTLECRY,Battlecry: Add a random Legendary minion to your hand.,803c040d52faabafe3fe79c248bfef309e98bc27b73094a19332851e6a599c7b,not_implemented,False,missing
CORE_EX1_193,69566,Psychic Conjurer,CORE,PRIEST,MINION,True,BATTLECRY,Battlecry: Copy a card in your opponent’s deck and add it to your hand.,2eafcffd5901ec1ead3cbddd0819a8bbdd95593e0b232eab1527e60c51c84f03,legacy_compatibility,True,focused_or_regression_tests
CORE_EX1_197,69616,Shadow Word: Ruin,CORE,PRIEST,SPELL,True,,Destroy all minions with 5 or more Attack.,fb78662e9f9b5ca77b49ab2ee45bf44667deeb67256d8a734fc770f8bfd2b2fb,declarative,True,focused_or_regression_tests
CORE_EX1_198,69617,Natalie Seline,CORE,PRIEST,MINION,True,BATTLECRY,Battlecry: Destroy a minion and gain its Health.,268edb5c70135f88b8ec67f847e800f83a95125ed05719b1ca6714abe4781ecc,not_implemented,False,missing
CORE_EX1_238,69625,Lightning Bolt,CORE,SHAMAN,SPELL,True,OVERLOAD,Deal $3 damage. Overload: (1),0a742b67ba7d6ed10b0b64877cd9abd2749a118eade6bd19a7645cdfe808c8bd,not_implemented,False,missing
CORE_EX1_246,69551,Hex,CORE,SHAMAN,SPELL,True,,Transform a minion into a 0/1 Frog with Taunt.,1d94147bc8c40be6e111c0b5206e4aa3c0ee732fcff40b28b0d5597563df6796,not_implemented,False,missing
CORE_EX1_250,69627,Earth Elemental,CORE,SHAMAN,MINION,True,"OVERLOAD,TAUNT",Taunt Overload: (2),16b4ecf38fd35cae14313139f7705ad2079ebe84ecdace3623c76e81b1a9807f,not_implemented,False,missing
CORE_EX1_259,69629,Lightning Storm,CORE,SHAMAN,SPELL,True,OVERLOAD,Deal $3 damage to all enemy minions. Overload: (1),070b0d74a53813cabe3a1088f4ba7baf01cf13d1264e68734feb8eae9857982d,not_implemented,False,missing
CORE_EX1_278,126895,Shiv,CORE,ROGUE,SPELL,True,,Deal $1 damage. Draw a card.,01cb10b38d4d8aa32845b4c32046c945fd3367db228936d3bcbef7ad3fd73157,not_implemented,False,missing
CORE_EX1_287,69607,Counterspell,CORE,MAGE,SPELL,True,SECRET,"Secret: When your opponent casts a spell, Counter it.",fa4b6d3ac58be3da4f5a86b04d96bd82ea581f80a9401f7177b0434ca0e55a1b,not_implemented,False,missing
CORE_EX1_289,69608,Ice Barrier,CORE,MAGE,SPELL,True,SECRET,"Secret: When your hero is attacked, gain 8 Armor.",a46d57a70faa4b30e72e0edc05bf697f7208d6bc772ca77e218f16484242d5da,not_implemented,False,missing
CORE_EX1_302,69553,Mortal Coil,CORE,WARLOCK,SPELL,True,,"Deal $1 damage to a minion. If it dies, draw a card.",42fed741316b3708eb1078687d2de3fecb7dc8cc0dc2af12235b2a29cbf4b770,not_implemented,False,missing
CORE_EX1_309,69634,Siphon Soul,CORE,WARLOCK,SPELL,True,,Destroy a minion. Restore #3 Health to your hero.,7aecf6db4cf045fcc90ccfd64decd444b0f40a66841f5fbafe44ab85060840d9,not_implemented,False,missing
CORE_EX1_310,111457,Doomguard,CORE,WARLOCK,MINION,True,"BATTLECRY,CHARGE",Charge. Battlecry: Discard two random cards.,1c8fce7e09599831dae24d3f0aa3d300f63d64b28f88c0cbcd793341f2c0daec,legacy_compatibility,True,focused_or_regression_tests
CORE_EX1_312,69635,Twisting Nether,CORE,WARLOCK,SPELL,True,,Destroy all minions and locations.,8dacba93ec5317d5b951cb9fba6562b749490080a04695cab923bd30e955832b,not_implemented,False,missing
CORE_EX1_319,69636,Flame Imp,CORE,WARLOCK,MINION,True,BATTLECRY,Battlecry: Deal 3 damage to your hero.,c2ebfaf68d814c28beec2ca79722f1920c229c90a39146cac7e8656c12e5a51a,declarative,True,focused_or_regression_tests
CORE_EX1_323,69637,Lord Jaraxxus,CORE,WARLOCK,HERO,True,BATTLECRY,Battlecry: Equip a 3/8 Blood Fury.,fe29dbd9c8408384c9a7a07241ac2263e5480f981c6aa63e5c8d2afd21d2d50c,not_implemented,False,missing
CORE_EX1_362,69611,Argent Protector,CORE,PALADIN,MINION,True,BATTLECRY,Battlecry: Give a friendly minion Divine Shield.,29763a00903e6c13787584af29a07c0e62642f39b0de0eb8ae7f90383a894e72,not_implemented,False,missing
CORE_EX1_383,69613,Tirion Fordring,CORE,PALADIN,MINION,True,"DEATHRATTLE,DIVINE_SHIELD,TAUNT","Divine Shield, Taunt Deathrattle: Equip a 5/3 Ashbringer.",e68fd178e7b6ad8dc74b8e7e8fceca509ba266ff3ccfdc93d491665d649181e5,not_implemented,False,missing
CORE_EX1_391,69638,Slam,CORE,WARRIOR,SPELL,True,,"Deal $2 damage to a minion. If it survives, draw a card.",2b959cb8a00be719c29625293b06361b803e7eb414e62f51df9b2007f01a8815,not_implemented,False,missing
CORE_EX1_414,69643,Grommash Hellscream,CORE,WARRIOR,MINION,True,"CHARGE,ENRAGED",Charge Has +6 Attack while damaged.,7a6e925fa1dff49201623fc9d372679e0874a7cf602008d15dab4e0b87eabf07,legacy_compatibility,True,focused_or_regression_tests
CORE_EX1_506,69557,Murloc Tidehunter,CORE,NEUTRAL,MINION,True,BATTLECRY,Battlecry: Summon a 1/1 Murloc Scout.,c355e507ed3115a9a868e0734fee0c12a01f56ee2dfa0df7cf9db505ca9aac45,not_implemented,False,missing
CORE_EX1_506a,69571,Murloc Scout,CORE,NEUTRAL,MINION,False,,,e3b0c44298fc1c149afbf4c8996fb92427ae41e4649b934ca495991b7852b855,not_implemented,False,missing
CORE_EX1_507,76270,Murloc Warleader,CORE,NEUTRAL,MINION,True,AURA,Your other Murlocs have +2 Attack.,95eb08c40b144ba8e2f23195da08fd14d116dd14ab044a3394133f53b7f7d57e,legacy_compatibility,True,focused_or_regression_tests
CORE_EX1_509,69675,Murloc Tidecaller,CORE,NEUTRAL,MINION,True,TRIGGER_VISUAL,"Whenever you summon a Murloc, gain +1 Attack.",58fc2964fa2681c8488d5cec559cbd3a810e710ca88fe2672ba3b3e3bd34b67f,legacy_compatibility,True,focused_or_regression_tests
CORE_EX1_559,120426,Archmage Antonidas,CORE,MAGE,MINION,True,TRIGGER_VISUAL,"Whenever you cast a spell, add a 'Fireball' spell to your hand.",1f6a2382c32841bbf64763ea106664fe5c6ca066b6c4d5f4f9a15f61055e68bc,not_implemented,False,missing
CORE_EX1_604,69645,Frothing Berserker,CORE,WARRIOR,MINION,True,TRIGGER_VISUAL,"Whenever a minion takes damage, gain +1 Attack.",758924981d24f9cfc789d115df2d2cf6422967148c2a0cade4732e25e9600c7d,legacy_compatibility,True,focused_or_regression_tests
CORE_EX1_606,76302,Shield Block,CORE,WARRIOR,SPELL,True,,Gain 5 Armor. Draw a card.,a0b7ce874499dc40376ad4db97d215709ba6579d990327d696af1fd175db8e6f,not_implemented,False,missing
CORE_EX1_610,69603,Explosive Trap,CORE,HUNTER,SPELL,True,SECRET,"Secret: When your hero is attacked, deal $2 damage to all enemies.",4355e3441af781ad9d7d9cdb977920a309373fd2ce9cb68417952c4de04e5b46,declarative,True,focused_or_regression_tests
CORE_EX1_611,69604,Freezing Trap,CORE,HUNTER,SPELL,True,SECRET,"Secret: When an enemy minion attacks, return it to its owner's hand. It costs (2) more.",8cdf33404989879be87c07bf399a31d52ece2fe5e627bb285890f31768bcab60,not_implemented,False,missing
CORE_EX1_619,69614,Equality,CORE,PALADIN,SPELL,True,,Change the Health of ALL minions to 1.,4504a9f992be12b0b30d8b897e82bf4d0df1beadd00be42bdc23c40487147347,not_implemented,False,missing
CORE_GIL_191t,71812,Imp,CORE,WARLOCK,MINION,False,,,e3b0c44298fc1c149afbf4c8996fb92427ae41e4649b934ca495991b7852b855,not_implemented,False,missing
CORE_GIL_531,130790,Witch's Apprentice,CORE,SHAMAN,MINION,True,"BATTLECRY,TAUNT",Taunt Battlecry: Add a random Shaman spell to your hand.,e396a580f5f4373ae95c69153f94bb66b5486db19a78ed3a096abeac5fbf2ff8,not_implemented,False,missing
CORE_GIL_534,97343,Hench-Clan Thug,CORE,NEUTRAL,MINION,True,TRIGGER_VISUAL,"After your hero attacks, give this minion +1/+1.",1f72aed26cd0aa80ef4ef8aaa1ef7a9c83cd29252636d177aee3bfa69cf81bd3,not_implemented,False,missing
CORE_GIL_558,129175,Swamp Leech,CORE,NEUTRAL,MINION,True,LIFESTEAL,Lifesteal,3fa7fb78015de1ab3cb62a2032789b047c7f4b247372c823a3be42abb6e9e6f1,legacy_compatibility,True,focused_or_regression_tests
CORE_GIL_577,111363,Rat Trap,CORE,HUNTER,SPELL,True,SECRET,"Secret: After your opponent plays three cards in a turn, summon a 6/6 Rat.",fd22bc9a440ef4dd9eb60f100d4cd878ca058935653691e52900cc463d3bcf6c,not_implemented,False,missing
CORE_GIL_622,76320,Lifedrinker,CORE,NEUTRAL,MINION,True,BATTLECRY,Battlecry: Deal 3 damage to the enemy hero. Restore #3 Health to your hero.,1cf92fb7dbf0941631ec770fac8a437ca8ef9eeff647e52a9087a0c67986a631,not_implemented,False,missing
CORE_GIL_623,130791,Witchwood Grizzly,CORE,NEUTRAL,MINION,True,"BATTLECRY,TAUNT",Taunt Battlecry: Lose 1 Health for each card in your opponent's hand.,90d9bb5e4b292d1fe876d8d2ed807120358b4a8f5a824969750a52937b912f28,not_implemented,False,missing
CORE_GIL_836,120572,Blazing Invocation,CORE,SHAMAN,SPELL,True,DISCOVER,Discover a Battlecry minion. It costs (1) less.,f35857e131e16676a29f8408f2b59418daee9218af2698f6d324e319732dca4d,not_implemented,False,missing
CORE_GVG_059,130820,Coghammer,CORE,PALADIN,WEAPON,True,BATTLECRY,Battlecry: Give a random friendly minion Divine Shield and Taunt.,265148c2ba7273341a8442fcf659a513f3317004ecd30583eb1853475b96b2a4,not_implemented,False,missing
CORE_GVG_061,96916,Muster for Battle,CORE,PALADIN,SPELL,True,,Summon three {0} Silver Hand Recruits. Equip a 1/4 Weapon.,ce119aaed517fd1a78e773ad4c9b99ad84bc7c7bc5a63def902ec3ef1eb6c1d1,not_implemented,False,missing
CORE_GVG_085,69718,Annoy-o-Tron,CORE,NEUTRAL,MINION,True,"DIVINE_SHIELD,TAUNT",Taunt Divine Shield,0afe0a961d3639b8590f0b7baf351b5cc0dd220a4301acab947ac98c30e2619f,legacy_compatibility,True,focused_or_regression_tests
CORE_GVG_103,130823,Micro Machine,CORE,NEUTRAL,MINION,True,TRIGGER_VISUAL,"At the start of each turn, gain +1 Attack.",6cee554c21e8636f859cc4f2884b843e29a99e9673f6a49cb27420e7248adf30,legacy_compatibility,True,focused_or_regression_tests
CORE_GVG_114,120575,Sneed's Old Shredder,CORE,NEUTRAL,MINION,True,DEATHRATTLE,Deathrattle: Summon a random Legendary minion.,13331088d0bcebc6626b7edeac9847acd19bca952bd0d756bf5663352ec164a1,not_implemented,False,missing
CORE_ICC_038,69705,Righteous Protector,CORE,PALADIN,MINION,True,"DIVINE_SHIELD,TAUNT",Taunt Divine Shield,0afe0a961d3639b8590f0b7baf351b5cc0dd220a4301acab947ac98c30e2619f,legacy_compatibility,True,focused_or_regression_tests
CORE_ICC_055,69735,Drain Soul,CORE,WARLOCK,SPELL,True,LIFESTEAL,Lifesteal Deal $3 damage to a minion.,1da3362e894d325b8fa9c1d4cf23f7ef505c41d977798b0311ba6e85f6e53a5f,declarative,True,focused_or_regression_tests
CORE_ICC_210,95746,Shadow Ascendant,CORE,PRIEST,MINION,True,TRIGGER_VISUAL,"At the end of your turn, give another random friendly minion +1/+1.",0c0770d51130a74103a6c88184abc41b30dbc26ce1aade63dcdd262a2422d8f8,not_implemented,False,missing
CORE_ICC_214,95732,Obsidian Statue,CORE,PRIEST,MINION,True,"DEATHRATTLE,LIFESTEAL,TAUNT","Taunt, Lifesteal Deathrattle: Destroy a random enemy minion.",71f55bc9c8a38de326654dcc5aa7e44eeff98019d92ec995bb2349ba7c30dd6e,not_implemented,False,missing
CORE_ICC_407,95710,Gnomeferatu,CORE,WARLOCK,MINION,True,BATTLECRY,Battlecry: Remove the top card of your opponent's deck.,741d4679160c4ae275c1ad0447a34babecb38119343f11f68d74ae7047149448,not_implemented,False,missing
CORE_KAR_057,130821,Ivory Knight,CORE,PALADIN,MINION,True,"BATTLECRY,DISCOVER",Battlecry: Discover a spell. Restore Health to your hero equal to its Cost.,e06feeb04cd6027c2b39a9ee813cd65f052719a66177ad51c2e8f7adb3b83960,not_implemented,False,missing
CORE_KAR_061,120180,The Curator,CORE,NEUTRAL,MINION,True,"BATTLECRY,TAUNT","Taunt Battlecry: Draw a Beast, Dragon, and Murloc.",b40f52311f266b1f360e3f54dd6a362ea818d570657c06fd6568ab9543f14c77,legacy_compatibility,True,focused_or_regression_tests
CORE_KAR_062,120172,Netherspite Historian,CORE,NEUTRAL,MINION,True,"BATTLECRY,DISCOVER","Battlecry: If you're holding a Dragon, Discover a Dragon.",4989b159a62e100cb4800f86c321cb4e4fbbe2657bbfb8ab61a69dc1e64486da,not_implemented,False,missing
CORE_KAR_069,69742,Swashburglar,CORE,ROGUE,MINION,True,BATTLECRY,Battlecry: Add a random card from another class to your hand.,19406868ed18a7b5709596ac3b41ffa9f15556589177868430dfebee74f81e64,legacy_compatibility,True,focused_or_regression_tests
CORE_KAR_077,111367,Silvermoon Portal,CORE,PALADIN,SPELL,True,,Give a minion +2/+2. Summon a random 2-Cost minion.,bfc7bf8707516a225619d44d850da59ee8d40a2193b3ec5edecac368eaaa25f4,not_implemented,False,missing
CORE_LOE_039,86548,Gorillabot A-3,CORE,NEUTRAL,MINION,True,"BATTLECRY,DISCOVER","Battlecry: If you control another Mech, Discover a Mech.",04f3886066c0fce05a17dc16aed81415353013804f78fabb77a011f6b7d2f39f,not_implemented,False,missing
CORE_LOOT_013,117060,Vulgar Homunculus,CORE,WARLOCK,MINION,True,"BATTLECRY,TAUNT",Taunt Battlecry: Deal 2 damage to your hero.,919a29863f663b2fbc249a45fa40cfdf4635c469eb3885c62005d77b5a54c1a8,declarative,True,focused_or_regression_tests
CORE_LOOT_044,129222,Bladed Gauntlet,CORE,WARRIOR,WEAPON,True,,Has Attack equal to your Armor. Can't attack heroes.,433e043a0bb65de1c3b3aa4f225d918b95816dfab6974bc949887458f290e293,not_implemented,False,missing
CORE_LOOT_101,86235,Explosive Runes,CORE,MAGE,SPELL,True,"SECRET,ImmuneToSpellpower","Secret: After your opponent plays a minion, deal $6 damage to it and any excess to their hero.",7566fc3842d0ad5b80c26bf639e44fb4872ecf0815767a2e77e6457239ccd698,declarative,True,focused_or_regression_tests
CORE_LOOT_137,69726,Sleepy Dragon,CORE,NEUTRAL,MINION,True,TAUNT,Taunt,aa1c342daeb99a7dd8a63d75bed9ad127b763c6cd74891b0ce1a090898c7534e,legacy_compatibility,True,focused_or_regression_tests
CORE_LOOT_309,111355,Oaken Summons,CORE,DRUID,SPELL,True,,Gain 6 Armor. Summon a minion from your deck that costs (4) or less.,90c38fee7a6084f3cc3b3e900a6cb7aa93266a7557b3b79ed7b3b0e02e137900,not_implemented,False,missing
CORE_LOOT_368,126893,Voidlord,CORE,WARLOCK,MINION,True,"DEATHRATTLE,TAUNT",Taunt Deathrattle: Summon three 1/3 Demons with Taunt.,5180528e35b9ed35cafed8a6b85ce9a0e2d120e7fbd959a8a04d15dd79a2dc0d,declarative,True,focused_or_regression_tests
CORE_LOOT_373,127471,Healing Rain,CORE,SHAMAN,SPELL,True,ImmuneToSpellpower,Restore #12 Health randomly split among all friendly characters.,91a664dbd3be0587cb76a4b4f309d85af8aa0e065be7b756e6531b2d3407fef4,not_implemented,False,missing
CORE_LOOT_413,76323,Plated Beetle,CORE,NEUTRAL,MINION,True,DEATHRATTLE,Deathrattle: Gain 3 Armor.,c59351f79eede12af3d394211611d5186643080a4798d4db1a9a5e2eab31440a,not_implemented,False,missing
CORE_NEW1_018,69677,Bloodsail Raider,CORE,NEUTRAL,MINION,True,BATTLECRY,Battlecry: Gain Attack equal to the Attack of your weapon.,97dcea307297964a127b727245c7619c571680b29c0dbf0739f2e6e44664c8b7,legacy_compatibility,True,focused_or_regression_tests
CORE_NEW1_020,76321,Wild Pyromancer,CORE,NEUTRAL,MINION,True,TRIGGER_VISUAL,"After you cast a spell, deal 1 damage to ALL minions.",73f359aba3725379d538827a21de7b96b30b5fcb1f5552268b29d68a6454f2ac,not_implemented,False,missing
CORE_NEW1_021,76317,Doomsayer,CORE,NEUTRAL,MINION,True,TRIGGER_VISUAL,"At the start of your turn, destroy ALL minions.",ab5e0d8a77e27e52dcc045e10144aab3434042515ad59f0d9477e7736c7a6d97,not_implemented,False,missing
CORE_NEW1_022,102230,Dread Corsair,CORE,NEUTRAL,MINION,True,TAUNT,Taunt Costs (1) less per Attack of your weapon.,a35c570cf14257c47956f70af21d78207d00fd7314b8300b18382668ff0a89c5,legacy_compatibility,True,focused_or_regression_tests
CORE_NEW1_023,76329,Faerie Dragon,CORE,NEUTRAL,MINION,True,ELUSIVE,Elusive,b22d58e783495e79ad2cbe289b1e2b0e31dce1f1912a2420df0775e6cdf04cb5,legacy_compatibility,True,focused_or_regression_tests
CORE_NEW1_027,69679,Southsea Captain,CORE,NEUTRAL,MINION,True,AURA,Your other Pirates have +1/+1.,f2c37588f9f59241a073e50c507c0918195090de38938b9b658eca501239a4a9,legacy_compatibility,True,focused_or_regression_tests
CORE_NEW1_031,76297,Animal Companion,CORE,HUNTER,SPELL,True,,Summon a random Beast Companion.,38acb0e747ce1364d75cb45f8c7b34ae7463211dc04c97618f6f640f24e5a9c4,not_implemented,False,missing
CORE_NX2_028,120574,Hookfist-3000,CORE,WARRIOR,MINION,True,TRIGGER_VISUAL,"After your hero attacks, gain 4 Armor and draw a card.",5ace78b54bb0d80fff31fa3e332ed4b1a95b06e8cc1420ece7dfdc49bed8a4ba,legacy_compatibility,True,focused_or_regression_tests
CORE_OG_031,126892,Hammer of Twilight,CORE,SHAMAN,WEAPON,True,DEATHRATTLE,Deathrattle: Summon a 4/2 Elemental.,cf8a2656ff661a31a06e3e1507d275174adcf2335fb76e947dc493a3fbddada7,not_implemented,False,missing
CORE_OG_044,76287,Fandral Staghelm,CORE,DRUID,MINION,True,AURA,Your Choose One cards and powers have both effects combined.,61f85f42c376796432130eb1711bcb4042f2dabc6d68d62e2b04c65f438ca93e,not_implemented,False,missing
CORE_OG_047,69688,Feral Rage,CORE,DRUID,SPELL,True,CHOOSE_ONE,Choose One - Give your hero +4 Attack this turn; or Gain 8 Armor.,3f68fc3e43aec2205b8c9b4b87b80c7c9c75c6726ebbfcfe992c269380f2ddaf,declarative,True,focused_or_regression_tests
CORE_OG_149,120573,Ravaging Ghoul,CORE,WARRIOR,MINION,True,BATTLECRY,Battlecry: Deal 1 damage to all other minions.,dd099f455dd4ff4c5b20c2b6fc8fc02d84989656d910a71d96b15b8017682f8b,legacy_compatibility,True,focused_or_regression_tests
CORE_OG_211,130721,Call of the Wild,CORE,HUNTER,SPELL,True,,Summon all three Animal Companions.,e9706553a2ff6d44e69b623270c741be7eaccb3f0ad6def7b775b3c12f05e5a9,not_implemented,False,missing
CORE_OG_218,76303,Bloodhoof Brave,CORE,WARRIOR,MINION,True,"ENRAGED,TAUNT",Taunt Has +3 Attack while damaged.,a6f18e2274177c4fc9708d6f18c8688e92b21953dc38ea6307128fea1eab0b72,legacy_compatibility,True,focused_or_regression_tests
CORE_ONY_018,129216,Boomkin,CORE,DRUID,MINION,True,CHOOSE_ONE,Choose One - Restore #8 Health to your hero; or Deal 4 damage.,a60f5f39e127763f319a259aca6372501d227427f42f30cb5469550e0139b57c,not_implemented,False,missing
CORE_ONY_022,128336,Battle Vicar,CORE,PALADIN,MINION,True,"BATTLECRY,DISCOVER",Battlecry: Discover a Holy spell.,a45089b5c3a3ad19d57cfe51f9d71756759b9a3904786e15abb412149e188e85,not_implemented,False,missing
CORE_REV_023,115971,Demolition Renovator,CORE,NEUTRAL,MINION,True,"BATTLECRY,TRADEABLE",Tradeable Battlecry: Destroy an enemy location.,786e073b64f55689eb955fbf6f9e723a94ecba88788d77ec260deca206cdf131,not_implemented,False,missing
CORE_REV_308,118076,Maze Guide,CORE,NEUTRAL,MINION,True,BATTLECRY,Battlecry: Summon a random 2-Cost minion.,22aee8cd7bae0bc6fe058929af4f38cb38ebe2a835e7abbfc22df0693e17b3d0,not_implemented,False,missing
CORE_REV_946,118163,Steamcleaner,CORE,NEUTRAL,MINION,True,BATTLECRY,Battlecry: Destroy ALL cards in both players' decks that didn't start there.,c24230fec370c606edcd09bf554ef7e09a01d310a0ce10a425a114f3e1ff26de,legacy_compatibility,True,focused_or_regression_tests
CORE_REV_990,111459,Sanguine Depths,CORE,WARRIOR,LOCATION,True,,Deal 1 damage to a minion and give it +2 Attack.,2fbb1b4b3c902e6e160ed3c3603092f62ccb88f56ef0c5d2479713dd69276480,legacy_compatibility,True,focused_or_regression_tests
CORE_RLK_062,111319,Nerubian Swarmguard,CORE,DEATHKNIGHT,MINION,True,"BATTLECRY,TAUNT",Taunt Battlecry: Summon two copies of this minion.,e0963b64f0085f1dac7bfc9256576e378ac3fbb58eb86b93a15ef2c622222a04,not_implemented,False,missing
CORE_RLK_063,111326,Frostwyrm's Fury,CORE,DEATHKNIGHT,SPELL,True,,Deal $5 damage. Freeze all enemy minions. Summon a 5/5 Frostwyrm.,3ed2b590d318fda3ad77cc958b2e222965105d2f6bdc1312699584caa2e056be,not_implemented,False,missing
CORE_RLK_066,111320,Hematurge,CORE,DEATHKNIGHT,MINION,True,BATTLECRY,Battlecry: Spend a Corpse to Discover a Blood Rune card.,bab08c7ad6b2dcd806260caa80e98274c8db5fc87741a186879097e2bc7aa5b3,not_implemented,False,missing
CORE_RLK_083,117027,Deathchiller,CORE,DEATHKNIGHT,MINION,True,TRIGGER_VISUAL,"After you cast a spell, deal 1 damage to two random enemies.",0e4d10ace7ab79740ed3258a28bcb7505e428183f058c3733a4ee587fd333027,not_implemented,False,missing
CORE_RLK_086,111316,Frostmourne,CORE,DEATHKNIGHT,WEAPON,True,DEATHRATTLE,Deathrattle: Summon every minion killed by this weapon.,67c53582f3183ef82fb53641e1ab394753c0475a7f964fe81d8300982a8e5248,not_implemented,False,missing
CORE_RLK_087,111317,Asphyxiate,CORE,DEATHKNIGHT,SPELL,True,,Destroy the highest Attack enemy minion.,6c12320bfe4ef57edb187d0a75b232ca55d1bd26dbd06d5c7a005d0a431a0354,not_implemented,False,missing
CORE_RLK_116,111328,Necrotic Mortician,CORE,DEATHKNIGHT,MINION,True,BATTLECRY,"Battlecry: If a friendly Undead died after your last turn, Discover an Unholy Rune card.",34a0ad3d27b4e7eac393494c4a98565cdcabcd731a39eb5dbe4ced2f4b9686f8,not_implemented,False,missing
CORE_RLK_118,117028,Tomb Guardians,CORE,DEATHKNIGHT,SPELL,True,,Summon two 2/2 Zombies with Taunt. Spend 4 Corpses to give them Reborn.,b32dfd94c036a8f9dbf54bf426cb32cf66e069cf8574bdc09ad40a7e83969731,not_implemented,False,missing
CORE_RLK_121,111318,Acolyte of Death,CORE,DEATHKNIGHT,MINION,True,TRIGGER_VISUAL,"After a friendly Undead dies, draw a card.",c0c26179db23898c32e886e4359f7ea669da7ef33a6355393dca1d0b314d6dc6,not_implemented,False,missing
CORE_RLK_505,111323,Marrow Manipulator,CORE,DEATHKNIGHT,MINION,True,BATTLECRY,Battlecry: Spend up to 5 Corpses. Deal 2 damage to a random enemy for each.,5a466a6baa0253584ba527dbae3c8cb7ae6428b2bd9f6f18321f33c4bfc2bc1c,not_implemented,False,missing
CORE_RLK_506,128334,Boneguard Commander,CORE,DEATHKNIGHT,MINION,True,"BATTLECRY,TAUNT",Taunt Battlecry: Raise up to 6 Corpses as 1/3 Risen Footmen with Taunt.,a2cbc9ecf02f6e703a9d3a7976d663700c213efe74173754ee5af07e23c1890d,not_implemented,False,missing
CORE_RLK_567,126088,Shadow of Demise,CORE,ROGUE,SPELL,True,,"Each time you cast a spell, transform this into a copy of it.",cc3e0b65ee483937a2cae78c364b55ac9b28f61305bba86478de687659b8d201,not_implemented,False,missing
CORE_RLK_657,129171,Underking,CORE,DRUID,MINION,True,"BATTLECRY,DEATHRATTLE,RUSH",Rush Battlecry and Deathrattle: Gain 6 Armor.,d298adcb9c992965c31c1444c925d941c74c205c259436481ed040bee4ef9258,not_implemented,False,missing
CORE_RLK_706,127536,Alexandros Mograine,CORE,DEATHKNIGHT,MINION,True,BATTLECRY,"Battlecry: For the rest of the game, deal 3 damage to your opponent at the end of your turns.",b85e76c27eeab4731ea3f47b72b196e9db6128bf12375cdd76d19925e653efc7,not_implemented,False,missing
CORE_RLK_712,111321,Blood Tap,CORE,DEATHKNIGHT,SPELL,True,,Give all minions in your hand +1/+1. Spend 2 Corpses to give them +1/+1 more.,6d612d8778ca9221226df902be59e13a68b06edd8ded0fc55914a8b1b57434d6,not_implemented,False,missing
CORE_RLK_745,120876,Malignant Horror,CORE,DEATHKNIGHT,MINION,True,"REBORN,TRIGGER_VISUAL","Reborn At the end of your turn, spend 4 Corpses to summon a copy of this minion.",4590f0f7c8bbf63a81c5e27eede8117babb0946e27982092aee6b60bd61aa69a,not_implemented,False,missing
CORE_RLK_814,129166,Crystalsmith Cultist,CORE,PRIEST,MINION,True,BATTLECRY,"Battlecry: If you're holding a Shadow spell, gain +1/+1.",135ebff8d2a2d3da7f00126385073ad0391e83104ae71788b9f3a18b9c848147,legacy_compatibility,True,focused_or_regression_tests
CORE_SCH_181,129850,Archwitch Willow,CORE,WARLOCK,MINION,True,BATTLECRY,Battlecry: Summon a random Demon from your hand and deck.,ab41cbced820b0ffdf91a298cf58ac103b3c9a78591b81869ea972ac55820526,not_implemented,False,missing
CORE_SCH_512,129848,Initiation,CORE,PRIEST,SPELL,True,,"Deal $4 damage to a minion. If it dies, summon a new copy.",9487176db72733be799fba3b45f4ba0b86016cbf882807dbbdce71376ee1dd3d,not_implemented,False,missing
CORE_SCH_605,129176,Lake Thresher,CORE,NEUTRAL,MINION,True,,Also damages the minions next to whomever this attacks.,af3f34a96309799d92241dea58d54ec847e459a168ee155e11f5958a99202b8b,not_implemented,False,missing
CORE_SCH_713,102224,Cult Neophyte,CORE,NEUTRAL,MINION,True,BATTLECRY,Battlecry: Your opponent's spells cost (1) more next turn.,82c53c17f0ca7b68f61d3b25113a4b924c70e1e5b9a300bb1ab27c20afcd43a4,not_implemented,False,missing
CORE_SCH_717,128337,Keymaster Alabaster,CORE,NEUTRAL,MINION,True,TRIGGER_VISUAL,"Whenever your opponent draws a card, add a copy to your hand that costs (1).",711f7c9be89be28e5152eefcc08b051f7d530cfb3d65a63875ecd08424d1e823,legacy_compatibility,True,focused_or_regression_tests
CORE_SW_047,129847,Highlord Fordragon,CORE,PALADIN,MINION,True,"DIVINE_SHIELD,TRIGGER_VISUAL","Divine Shield After a friendly minion loses Divine Shield, give a minion in your hand +5/+5.",4c9cfe1c405a4c2850bc70b4ef9b213e9026771b09ede8b9aa57859c1142105f,not_implemented,False,missing
CORE_SW_066,102222,Royal Librarian,CORE,NEUTRAL,MINION,True,"BATTLECRY,TRADEABLE",Tradeable Battlecry: Silence a minion.,f4859ae7d247204721f56ee94937aa70b7984126f53642b10919078e05c68009,legacy_compatibility,True,focused_or_regression_tests
CORE_SW_068,120577,Mo'arg Forgefiend,CORE,NEUTRAL,MINION,True,"DEATHRATTLE,TAUNT",Taunt Deathrattle: Gain 8 Armor.,3c1dde1cd89a13c02cb6df448a33c127ca43c6ea4c72d57b17057e104d38f9bd,declarative,True,focused_or_regression_tests
CORE_SW_072,102221,Rustrot Viper,CORE,NEUTRAL,MINION,True,"BATTLECRY,TRADEABLE",Tradeable Battlecry: Destroy your opponent's weapon.,40b13ae62ce0faf4b98a44c66518447942242dcc9b2d8e1ce77d85df49362a32,declarative,True,focused_or_regression_tests
CORE_SW_088,117062,Demonic Assault,CORE,WARLOCK,SPELL,True,,Deal $3 damage. Summon two 1/3 Voidwalkers with Taunt.,aaa1b1abbf31e0cdf14cc6c1a065453b8c68651f4805a272e102f3408b152bf0,not_implemented,False,missing
CORE_SW_108,126227,First Flame,CORE,MAGE,SPELL,True,,Deal $2 damage to a minion. Add a Second Flame to your hand.,44616ac04961c83c743822dff1ef82bba58833d7c3a1b49e6a9c61a57e7e08dc,declarative,True,focused_or_regression_tests
CORE_SW_429,108357,Best in Shell,CORE,DRUID,SPELL,True,TRADEABLE,Tradeable Summon two 2/7 Turtles with Taunt.,2590ca64722d91f7e6e5f219b63e7462d00d51b7328533fc21a198e80662d9a7,not_implemented,False,missing
CORE_SW_439,120393,Vibrant Squirrel,CORE,DRUID,MINION,True,DEATHRATTLE,"Deathrattle: Shuffle 4 Acorns into your deck. When drawn, summon a 2/1 Squirrel.",c6597b07333c4caaa388fba8edfce16050210c563f35ec57922259df4c23a8f7,legacy_compatibility,True,focused_or_regression_tests
CORE_SW_442,111373,Void Shard,CORE,PRIEST,SPELL,True,LIFESTEAL,Lifesteal Deal $4 damage.,d72378c46e865e2e7a2e74c695d1338d11b1c3c8ae206c327af6267d96958aa0,not_implemented,False,missing
CORE_TID_931,127470,Jackpot!,CORE,ROGUE,SPELL,True,,Add two random spells from other classes that cost (5) or more to your hand.,77d9ccfd0530ea335dbda1686500cc15eba29f1c101007d32c34f3bf81a12701,not_implemented,False,missing
CORE_TRL_111,69695,Headhunter's Hatchet,CORE,HUNTER,WEAPON,True,BATTLECRY,"Battlecry: If you control a Beast, gain +1 Durability.",7269bde76876d289de92bd1d22266769cef00b85409ba94be79ca5c005e128ec,not_implemented,False,missing
CORE_TRL_240,126889,Savage Striker,CORE,DRUID,MINION,True,BATTLECRY,Battlecry: Deal damage to an enemy minion equal to your hero's Attack.,085c8f6d5be093930b196a0682fd7729c6d52a1d1bc746ad3035a1602214c534,not_implemented,False,missing
CORE_TRL_307,76306,Flash of Light,CORE,PALADIN,SPELL,True,,Restore #4 Health. Draw a card.,8730ffe0662b9f7b145c7aada31c60739320464f0e2ca3bf0e13ce544f263efe,not_implemented,False,missing
CORE_TRL_345,87920,"Krag'wa, the Frog",CORE,SHAMAN,MINION,True,BATTLECRY,Battlecry: Return all spells you played last turn to your hand.,0faec8b6e6a53449834eb36348240748e0914468a50101c3611ea1b02fac2d62,not_implemented,False,missing
CORE_TRL_900,126891,"Halazzi, the Lynx",CORE,HUNTER,MINION,True,"BATTLECRY,RUSH",Rush. Battlecry: Fill your hand with 1/1 Lynxes that have Rush.,8f8723df24ec4b29d26956b26a205eed64a617b4180161b6772297a448f371b4,not_implemented,False,missing
CORE_TSC_076,116713,Immortalized in Stone,CORE,PALADIN,SPELL,True,,"Summon a 4/8, 2/4, and 1/2 Elemental with Taunt.",0cd783e51b0b350d1b524095024a226c80dcf65a53adb47b766d22000adca23a,not_implemented,False,missing
CORE_TSC_650,117037,Flipper Friends,CORE,DRUID,SPELL,True,CHOOSE_ONE,Choose One - Summon a 6/6 Orca with Taunt; or six 1/1 Otters with Rush.,765ed89060d0e1ef8cabd38e8df05338825f04f9a1cfe4b6fc1dfc61acb70b48,not_implemented,False,missing
CORE_TTN_843,127589,Eredar Deceptor,CORE,DEMONHUNTER,MINION,True,TRIGGER_VISUAL,"Whenever you draw a card, summon a 1/1 Demon with Rush.",ed4f3df5a76fcfa2819b62daa1fb0ad7098666590d0b97eea2b319ae2b4f417d,legacy_compatibility,True,focused_or_regression_tests
CORE_TTN_866,129169,Mythical Terror,CORE,DEMONHUNTER,MINION,True,"LIFESTEAL,TRIGGER_VISUAL","Lifesteal At the end of your turn, force all enemy minions to attack this.",91c489df7b03ec5ae67276b81668b4aed3150f34fd73f42e4f2d080bffc15154,legacy_compatibility,True,focused_or_regression_tests
CORE_ULD_133,129170,Crystal Merchant,CORE,DRUID,MINION,True,TRIGGER_VISUAL,"If you have any unspent Mana at the end of your turn, draw a card.",523c975ed8594a1c47a33341aef8d01cace450a92ff3d01e02ad88cf1d76f92b,not_implemented,False,missing
CORE_ULD_152,126890,Pressure Plate,CORE,HUNTER,SPELL,True,SECRET,"Secret: After your opponent casts a spell, destroy a random enemy minion.",f25eea6c63cb89147e475114ce4b090cd9927fa3258d2503714fb5ed556efa89,not_implemented,False,missing
CORE_ULD_165,129221,Riftcleaver,CORE,WARLOCK,MINION,True,BATTLECRY,Battlecry: Destroy a minion. Your hero takes damage equal to its Health.,9795137989a0d1ef68e47ba98972429c2028b01d63d387f9d9427d994df2cc35,legacy_compatibility,True,focused_or_regression_tests
CORE_ULD_178,111464,Siamat,CORE,NEUTRAL,MINION,True,BATTLECRY,"Battlecry: Gain 2 of Rush, Taunt, Divine Shield, or Windfury (your choice).",ea89d8062e765916002829429366aaf4b05ae0c1263452d42db0a65df9ac77f0,not_implemented,False,missing
CORE_ULD_191,76318,Beaming Sidekick,CORE,NEUTRAL,MINION,True,BATTLECRY,Battlecry: Give a friendly minion +2 Health.,703ef78bb33062c9722e0dfb4e1957b34fdbdd6ea77a99e48a7ce18f7f627db1,legacy_compatibility,True,focused_or_regression_tests
CORE_ULD_271,86552,Injured Tol'vir,CORE,NEUTRAL,MINION,True,"BATTLECRY,TAUNT",Taunt Battlecry: Deal 3 damage to this minion.,bd1433e19f13aa19d9dea629830a47a44f3e8e9df1765813c1dbafe727173d5d,not_implemented,False,missing
CORE_ULD_280,129343,Sahket Sapper,CORE,ROGUE,MINION,True,DEATHRATTLE,Deathrattle: Return a random enemy minion to your opponent's hand.,f9484afe96c35c499a15d402291afb6e904ea9a01b0ae7ae46a22c293312bc73,not_implemented,False,missing
CORE_ULD_723,102228,Murmy,CORE,NEUTRAL,MINION,True,REBORN,Reborn,388c9225a0d44757fb34160872c30e57879cbe07227ae63649d92c3f417fd8a4,legacy_compatibility,True,focused_or_regression_tests
CORE_UNG_084,120523,Fire Plume Phoenix,CORE,NEUTRAL,MINION,True,BATTLECRY,Battlecry: Deal 3 damage.,52f9929a3fa7f7503115129448c83519105720b8786627e5b00d8a5f7e11ab18,declarative,True,focused_or_regression_tests
CORE_UNG_205,102227,Glacial Shard,CORE,NEUTRAL,MINION,True,BATTLECRY,Battlecry: Freeze an enemy.,1fba3d139a53b2a5ba8ef15179561337336031d7d1a26996c9a6b47f7628cf64,legacy_compatibility,True,focused_or_regression_tests
CORE_UNG_809,111469,Fire Fly,CORE,NEUTRAL,MINION,True,BATTLECRY,Battlecry: Add a 1/2 Elemental to your hand.,5974f9f8b73be0b59c3eda47a2574af4bba159bde19ed25330917c27bfc47792,legacy_compatibility,True,focused_or_regression_tests
CORE_UNG_848,76327,Primordial Drake,CORE,NEUTRAL,MINION,True,"BATTLECRY,TAUNT",Taunt Battlecry: Deal 2 damage to all other minions.,9cac55f06804daa438faea4c1d5907e6f93b35d5f603ed914b8a2a1485ebe04e,legacy_compatibility,True,focused_or_regression_tests
CORE_UNG_912,97376,Jeweled Macaw,CORE,HUNTER,MINION,True,BATTLECRY,Battlecry: Add a random Beast to your hand.,c6db86bade34aad7f9c577a6a16f81023fe7e02295dfdc2451250a7e033285b1,legacy_compatibility,True,focused_or_regression_tests
CORE_UNG_928,76319,Tar Creeper,CORE,NEUTRAL,MINION,True,TAUNT,Taunt Has +2 Attack during your opponent's turn.,c32123c5f74b2c0ffe4ac12ca41cc97715d91fadec2d49c185a7a8cbe8d00a76,not_implemented,False,missing
CORE_UNG_952,111369,Spikeridged Steed,CORE,PALADIN,SPELL,True,,"Give a minion +2/+6 and Taunt. When it dies, summon a Stegodon.",a3cdd914c25f1123c90e452eadd8fe8a631ab840a415e099fd9042a3ba3f2269,not_implemented,False,missing
CORE_WC_042,120881,Wailing Vapor,CORE,SHAMAN,MINION,True,TRIGGER_VISUAL,"After you play an Elemental, gain +1 Attack.",a6fd63e33003393edc4b34b64a7e3c4837e5bdf1bd64f8d57f67b2b6ae978102,legacy_compatibility,True,focused_or_regression_tests
CORE_WC_701,117030,Felrattler,CORE,DEMONHUNTER,MINION,True,"DEATHRATTLE,RUSH",Rush Deathrattle: Deal 1 damage to all enemy minions.,bd1ee9e83735bed735a8789000ab5b27ef01b9fb1bd7d8106540516cb5e75643,not_implemented,False,missing
CORE_WON_096,120467,Dark Peddler,CORE,WARLOCK,MINION,True,"BATTLECRY,DISCOVER",Battlecry: Discover a 1-Cost card.,bfe20f2b22b0572bc6a221a9218d518ce122fde403c592fdca7a6692a990f955,not_implemented,False,missing
CORE_WON_141,120352,Menagerie Mug,CORE,NEUTRAL,MINION,True,BATTLECRY,Battlecry: Give 3 random friendly minions of different minion types +1/+1.,72fa5874b2638c11577d3b9b8d28a3c0680553ea46319ec13195d8a36d079409,not_implemented,False,missing
CORE_WON_145,127595,Avatar of Hearthstone,CORE,NEUTRAL,MINION,True,BATTLECRY,Battlecry: Open a Standard Pack. Play all cards from it.,0b34e733774d0efcc41f97eac9ca50e922e988e5a829814fbd955b42a4ba4230,not_implemented,False,missing
CORE_WON_337,127592,Ironforge Portal,CORE,WARRIOR,SPELL,True,,Gain 4 Armor. Summon a random 4-Cost minion.,7cfc59fc13b95ba5c5cac7373e13904e7c43fad9aca627057c42be36a2015fad,not_implemented,False,missing
CORE_WON_350,120468,I Know a Guy,CORE,WARRIOR,SPELL,True,DISCOVER,Discover a Taunt minion. Give it +1/+2.,994862adb2afe361c7cabd8c756c9801a65d7ab2a5fc78ec0908ec2ab6dba480,not_implemented,False,missing
CORE_WON_351,127089,Small-Time Buccaneer,CORE,NEUTRAL,MINION,True,,Has +2 Attack while you have a weapon equipped.,212abc2e3ea7d4b468511ceb0b07f8bfadf75047630ad7f6c304c50bb686463e,legacy_compatibility,True,focused_or_regression_tests
CORE_WW_329,127469,Detonation Juggernaut,CORE,WARRIOR,MINION,True,"BATTLECRY,TAUNT",Taunt. Battlecry: Give Taunt minions in your hand +2/+2.,2e393044f8092d7a2544a516b88e6c9ac6a7dbf97fcf9da6119f1f74fb7a4ae0,declarative,True,focused_or_regression_tests
CORE_WW_374,127535,Corpse Farm,CORE,DEATHKNIGHT,SPELL,True,,Spend up to 8 Corpses to summon a random minion of that Cost.,03d4a8aa62a5dcc797eb34b07686ed15047b65adda073ed93257935c2a51a64c,not_implemented,False,missing
CORE_YOD_026,117061,Fiendish Servant,CORE,WARLOCK,MINION,True,DEATHRATTLE,Deathrattle: Give this minion's Attack to a random friendly minion.,3190daf874621a97422cc3baa100f209cd010c7cb2f2f5d8af0048d57bbc530f,legacy_compatibility,True,focused_or_regression_tests
CORE_YOP_001,97377,Illidari Studies,CORE,DEMONHUNTER,SPELL,True,DISCOVER,Discover an Outcast card. Your next one costs (1) less.,a618f2e84e7f1084d81a3172d482768a3dd5f0d026ca21990e244cde00ba4de0,not_implemented,False,missing
CORE_YOP_034,121240,Runaway Blackwing,CORE,NEUTRAL,MINION,True,TRIGGER_VISUAL,"At the end of your turn, deal 10 damage to a random enemy minion.",4fdfd8f596bee13a91f041c724664ca799f0488d50b5ee8aacf3e1062694ec35,legacy_compatibility,True,focused_or_regression_tests
CS3_001e,62849,Guardian's Legacy,CORE,MAGE,ENCHANTMENT,False,,"Spell Damage +2 and ""Deathrattle: Pass on the Guardian's Legacy.""",e4423d98552c6e769dbd7781928dd2a9cfaf7b0d2e40f42dcee15c7c2ffe2f25,not_implemented,False,missing
CS3_001e2,62861,Guardian's Legacy (player),CORE,MAGE,ENCHANTMENT,False,,The next minion you draw inherits the Guardian's Legacy.,9a1e95949364372f3425db0ef99fc5cf6ef80451a10945cb2cf6acf57807d0b7,not_implemented,False,missing
CS3_002t,63157,Demonic Tyrant,CORE,WARLOCK,MINION,False,,,e3b0c44298fc1c149afbf4c8996fb92427ae41e4649b934ca495991b7852b855,not_implemented,False,missing
CS3_007,62442,Novice Zapper,CORE,SHAMAN,MINION,True,"OVERLOAD,SPELLPOWER",Spell Damage +1 Overload: (1),8b251bca0759b160fc7ebf31a49ca8313fc4a4371458fb6bd1be7e3169dd2424,legacy_compatibility,True,focused_or_regression_tests
CS3_008e,63159,To Arrrms!,CORE,WARRIOR,ENCHANTMENT,False,,Your next weapon costs (1) less.,a04f6ae02bc8ab6e108c04fcc062281987aedd85537ba865de02a237a776b3b3,not_implemented,False,missing
CS3_012e,63158,Nature's Rite,CORE,DRUID,ENCHANTMENT,False,TAG_ONE_TURN_EFFECT,Your next spell this turn costs (3) less.,f7c76d481922c890ffa34c3e42af374dd1792dafd372a55c5b65c895dd6454eb,not_implemented,False,missing
CS3_014e,63156,Holy Affinity,CORE,PRIEST,ENCHANTMENT,False,,+1 Attack.,da9702f303d6e735aba7c40477f38a1b7f086b28e4b9a0ae105228e6b77720fe,not_implemented,False,missing
CS3_017e,64466,Felfist,CORE,DEMONHUNTER,ENCHANTMENT,False,TAG_ONE_TURN_EFFECT,+3 Attack this turn.,9923f8325e11a65972b4ba5dac47bb0432d12c32c9e4c6a58e0ceef89effa6fd,not_implemented,False,missing
CS3_020,66176,Illidari Inquisitor,CORE,DEMONHUNTER,MINION,True,"RUSH,TRIGGER_VISUAL","Rush. After your hero attacks an enemy, this attacks it too.",b99857d2e29e44e668c61f58d077674ade0d85ef429605aa0a6362534c1119ef,legacy_compatibility,True,focused_or_regression_tests
CS3_022,66854,Fogsail Freebooter,CORE,NEUTRAL,MINION,True,BATTLECRY,"Battlecry: If you have a weapon equipped, deal 2 damage.",9439a75bcfb8b3548e7435338ce017ffdc74297dd4388168566040d50df8bbb6,legacy_compatibility,True,focused_or_regression_tests
CS3_024,66856,Taelan Fordring,CORE,NEUTRAL,MINION,True,"DEATHRATTLE,DIVINE_SHIELD,TAUNT","Taunt, Divine Shield Deathrattle: Draw your highest Cost minion.",ee389f622936a5dc54d1e3ba6ff9e94c49a437396dc4d69b97e6f0832d114b8c,legacy_compatibility,True,focused_or_regression_tests
CS3_025,66858,Overlord Runthak,CORE,NEUTRAL,MINION,True,"RUSH,TRIGGER_VISUAL","Rush. Whenever this attacks, give +1/+1 to all minions in your hand.",7e550d3a8585718371b60f42cad1a7a1de62a21516a700fcba5cecfbf0210f93,legacy_compatibility,True,focused_or_regression_tests
CS3_025e,66960,Rallying Cry,CORE,NEUTRAL,ENCHANTMENT,False,,+1/+1.,afc89c2ca41679d8ca8a2c52feea4637bb75b326ab9a2cdeac23cd43d9259603,not_implemented,False,missing
CS3_027e,66961,Focused Will,CORE,PRIEST,ENCHANTMENT,False,,+3 Health.,9937300149b268e632a4c21d3cfa2c35a611782445d4669c29d42d893bf959db,not_implemented,False,missing
CS3_029e,67000,Pursuit of Justice,CORE,PALADIN,ENCHANTMENT,False,,Your Silver Hand Recruits have +1 Attack.,7a2f439d764ee00a15b0a62e762cc42ad2dbbcabedad113d5ed6efd2a704bd83,not_implemented,False,missing
CS3_029e2,67007,Pursuit of Justice,CORE,PALADIN,ENCHANTMENT,False,,+1 Attack.,da9702f303d6e735aba7c40477f38a1b7f086b28e4b9a0ae105228e6b77720fe,not_implemented,False,missing
CS3_035,66870,Nozdormu the Eternal,CORE,NEUTRAL,MINION,True,START_OF_GAME_KEYWORD,"Start of Game: If this is in BOTH players' decks, turns are only 15 seconds long.",b5bda298c2dce3403582f79acb2d8d1c08ab99d7fba3aa42d6b303e3a512e7af,legacy_compatibility,True,focused_or_regression_tests
CS3_035e,67071,Nozdormu Time,CORE,NEUTRAL,ENCHANTMENT,False,,Turns are 15 seconds long.,1f029a0e047764fd0c9ba0e57cb463542ae61e8914f9c1f0d62a474a5734283b,not_implemented,False,missing
CS3_038,72250,Redgill Razorjaw,CORE,NEUTRAL,MINION,True,RUSH,Rush,34ebcd9fcba8b65689b051c3005a425f2d253adfaf42ff0f9cf99487762df7de,not_implemented,False,missing
Core_CS2_200,112924,Boulderfist Ogre,CORE,NEUTRAL,MINION,True,,,e3b0c44298fc1c149afbf4c8996fb92427ae41e4649b934ca495991b7852b855,not_implemented,False,missing
Core_LOE_115,113109,Raven Idol,CORE,DRUID,SPELL,True,"CHOOSE_ONE,DISCOVER",Choose One - Discover a minion; or Discover a spell.,8dde55fac4eff2277c1cfac6d128f09eb165a11a25c2b8146f986294e2c84046,not_implemented,False,missing
Core_UNG_072,112923,Stonehill Defender,CORE,NEUTRAL,MINION,True,"BATTLECRY,DISCOVER,TAUNT",Taunt Battlecry: Discover a Taunt minion.,bb9c3a54e2fa94cda6bb5c8fb3a34ccc31145839e9d8b00d79fac457373df6ec,not_implemented,False,missing
DINO_130,118490,Longneck Egg,THE_LOST_CITY,DRUID,MINION,True,DEATHRATTLE,Deathrattle: Summon a 3/3 Beast. Give your minions +1/+1.,996b8802ed8c53ec4d57130f1d178ee6d692e0423625015144361173709b6987,not_implemented,False,missing
DINO_130e,118493,Long Neck,THE_LOST_CITY,DRUID,ENCHANTMENT,False,,+1/+1.,afc89c2ca41679d8ca8a2c52feea4637bb75b326ab9a2cdeac23cd43d9259603,not_implemented,False,missing
DINO_130t,118489,Little Longneck,THE_LOST_CITY,DRUID,MINION,False,,,e3b0c44298fc1c149afbf4c8996fb92427ae41e4649b934ca495991b7852b855,not_implemented,False,missing
DINO_131,118494,Possessed Animancer,THE_LOST_CITY,WARLOCK,MINION,True,DEATHRATTLE,Deathrattle: Summon a random Beast from your deck. Give it Lifesteal.,d1a3bafc7d4cb09fcd6571d1e440d1fc93a1999e7477ef7ead1f5a15ff24a9c0,not_implemented,False,missing
DINO_132,118497,Asphyxiodon,THE_LOST_CITY,WARLOCK,MINION,True,"TAUNT,TRIGGER_VISUAL","Taunt. At the end of your turn, deal 5 damage to a random enemy minion.",cdaf47ce666b3483f89b2977deea0a937875e3ff87cb6ec6e09c7f0c8c83003a,legacy_compatibility,True,focused_or_regression_tests
DINO_136,118503,Horn of Feasting,THE_LOST_CITY,DEMONHUNTER,SPELL,True,OUTCAST,Summon three 2/1 Raptors with Rush. Outcast: Give them Immune while attacking this turn.,938c8ecd595af279d6e22140a0239a5dcb1d3ad16d857d7efdd3d574a4590399,not_implemented,False,missing
DINO_136e,126207,Feasting,THE_LOST_CITY,,ENCHANTMENT,False,TAG_ONE_TURN_EFFECT,Immune while attacking.,7125442edbbdf577c046be87df59732faa2e1a2dba93c0cfb0ac9e866b76232b,not_implemented,False,missing
DINO_136t,118502,Ravenous Raptor,THE_LOST_CITY,DEMONHUNTER,MINION,False,RUSH,Rush,34ebcd9fcba8b65689b051c3005a425f2d253adfaf42ff0f9cf99487762df7de,not_implemented,False,missing
DINO_137,118505,Skittish Saucier,THE_LOST_CITY,DEMONHUNTER,MINION,True,BATTLECRY,Battlecry: Reduce the Cost of adjacent cards in your hand by (1).,39d1074e7b52832f9166e79ad2a44465afd405f5dfb74c332c0c51120d926431,not_implemented,False,missing
DINO_138,118507,Diabolus Rex,THE_LOST_CITY,DEMONHUNTER,MINION,True,,Kindred: Deal 6 damage to your opponent's left and right-most minions.,8e6a377b41333323469ed5acde477f538f95d989932af4133b71b0d7b7e62e83,legacy_compatibility,True,focused_or_regression_tests
DINO_400,118403,Barricade Basher,THE_LOST_CITY,WARRIOR,MINION,True,TRIGGER_VISUAL,"Whenever you gain Armor, gain +2/+2 and attack a random enemy minion.",247d3deda064409a8848c4885914b34e3aa2a177b1e90b62d435bbc31540b6dc,legacy_compatibility,True,focused_or_regression_tests
DINO_400e,125920,Bashful,THE_LOST_CITY,WARRIOR,ENCHANTMENT,False,,+2/+2.,6496ac6ee3bdc68621e62fed137957624c2b0bd825dd961051f0d8c2f5e4eb44,not_implemented,False,missing
DINO_401,118404,The Great Dracorex,THE_LOST_CITY,WARRIOR,MINION,True,"RUSH,TRIGGER_VISUAL","Rush After this attacks an enemy minion, it damages ALL other enemy minions.",3fc9a296d3f3d786f04bc21d5d178493f9fdf97c544ae326d20bc981e16291d6,legacy_compatibility,True,focused_or_regression_tests
DINO_402,118406,Bat Mask,THE_LOST_CITY,WARLOCK,SPELL,True,,Set a friendly minion's stats to 1/1. Fill your board with copies of it.,16b6c2c53116cc7bb7c72ed431bb8192b58f17539e8e41f0a7e0ac62c5e750b7,not_implemented,False,missing
DINO_402e,118407,Bat Mask,THE_LOST_CITY,WARLOCK,ENCHANTMENT,False,,1/1.,83cde5738c0b14bb76d23434a8ee4ae3018405f3441ad9f57eeee1e47c2bf620,not_implemented,False,missing
DINO_403,118408,Devilsaur Mask,THE_LOST_CITY,HUNTER,SPELL,True,,Set a minion's stats to 8/8. Give it Charge.,c2e7c08c7373dcb31862e05b90be0343197d161f4d462e658d37afa42cf20c27,not_implemented,False,missing
DINO_403e,118409,Devilsaur Mask,THE_LOST_CITY,HUNTER,ENCHANTMENT,False,,8/8 and Charge.,9d7f720fa295403039697dcca850bc5e0cca0b131c1fc50ac9b1f5af22a585f0,not_implemented,False,missing
DINO_404,118410,Firegill,THE_LOST_CITY,PALADIN,MINION,True,,Kindred: Give your other minions Rush.,c5c181d4ba888a6ce4e26191c416d08025ddd6eb8fd3c0bd301e0b7c1ee75cf5,legacy_compatibility,True,focused_or_regression_tests
DINO_405,118413,Hatching Ceremony,THE_LOST_CITY,PALADIN,SPELL,True,,"At the end of your next turn, give your minions +2/+2.",697cf59699fe5af226b7e095e4f5cd9c4bcaa15104eb6ece90cad88f31f10b5e,not_implemented,False,missing
DINO_405e,118415,Hatched,THE_LOST_CITY,PALADIN,ENCHANTMENT,False,,+2/+2.,6496ac6ee3bdc68621e62fed137957624c2b0bd825dd961051f0d8c2f5e4eb44,not_implemented,False,missing
DINO_406,118480,Fire Breath,THE_LOST_CITY,SHAMAN,SPELL,True,,Deal $4 damage. Give your Elementals +1/+1.,32b376f755984f0cdcf3a87196b4d088dbce42c317f744fb8c1cb63c502a9570,declarative,True,focused_or_regression_tests
DINO_406e,123498,Fire Breather,THE_LOST_CITY,SHAMAN,ENCHANTMENT,False,,+1/+1.,afc89c2ca41679d8ca8a2c52feea4637bb75b326ab9a2cdeac23cd43d9259603,not_implemented,False,missing
DINO_407,118481,"Mirrex, the Crystalline",THE_LOST_CITY,ROGUE,MINION,True,,"While in your hand, this is a 3/4 copy of the last minion your opponent played.",92da185ab5e324a64dec9e62c51ddddfcab6dbe7a4eb4bf7013866f53cead002,legacy_compatibility,True,focused_or_regression_tests
DINO_407e,118482,Reflecting,THE_LOST_CITY,ROGUE,ENCHANTMENT,False,,Transforming into the last minion your opponent plays.,90439a4a3375e3afd68b68eb3e3775b91ed1af0ee839e4ed55a08c0ccf1c3346,not_implemented,False,missing
DINO_407e2,121270,Crystalline,THE_LOST_CITY,ROGUE,ENCHANTMENT,False,,3/4.,d6c0214993d1c14955d558ebe1642e03ee2b72871318c026359d60057caba4d2,not_implemented,False,missing
DINO_408,118484,Crystal Tusk,THE_LOST_CITY,ROGUE,WEAPON,True,"BATTLECRY,DEATHRATTLE",Battlecry: Shuffle the left- most card in your hand into your deck. Deathrattle: Draw 2 cards.,0111d6ad898a7bae4ab49ae8d6d6c3b53305d950a8768ea5a46d0ca4294210c2,not_implemented,False,missing
DINO_409,118485,Techysaurus,THE_LOST_CITY,MAGE,MINION,True,TAUNT,Taunt. Costs (1) less for each card you played this game that didn't start in your deck.,d5a9a01fcb85f8534c38a18d6b9a23721c8630f1c3f1b7a8d5474908bb1b236a,legacy_compatibility,True,focused_or_regression_tests
DINO_410,118487,The Egg of Khelos,THE_LOST_CITY,NEUTRAL,MINION,True,DEATHRATTLE,Deathrattle: Summon a slightly cracked Egg. (Break 5 times to hatch a 20/20 Beast with Taunt!),a804c7bfbdc57bb6be156b468c4b7f2a12e78d8a673881b23a14d7f73726a34d,legacy_compatibility,True,focused_or_regression_tests
DINO_410t,118495,Khelos,THE_LOST_CITY,NEUTRAL,MINION,False,TAUNT,Taunt,aa1c342daeb99a7dd8a63d75bed9ad127b763c6cd74891b0ce1a090898c7534e,legacy_compatibility,True,focused_or_regression_tests
DINO_410t2,122542,The Egg of Khelos,THE_LOST_CITY,NEUTRAL,MINION,False,DEATHRATTLE,Deathrattle: Summon a more cracked Egg. (Break 4 times to hatch a 20/20 Beast with Taunt!),0928e2720a0c1992b58d5a115b1a77d85b87f79d16b37666b37aa79150d91c98,legacy_compatibility,True,focused_or_regression_tests
DINO_410t3,122543,The Egg of Khelos,THE_LOST_CITY,NEUTRAL,MINION,False,DEATHRATTLE,Deathrattle: Summon a very cracked Egg. (Break 3 times to hatch a 20/20 Beast with Taunt!),0cd7a9b12d4fbdb2c0ae311d88439183586de1ff28db7089b4db9e4935e46a67,legacy_compatibility,True,focused_or_regression_tests
DINO_410t4,122545,The Egg of Khelos,THE_LOST_CITY,NEUTRAL,MINION,False,DEATHRATTLE,Deathrattle: Summon the most cracked Egg. (Break 2 times to hatch a 20/20 Beast with Taunt!),f6d02f3115a17d65bff8ebeee6edbc2f31adf5c4f86730a7e8aa8865a8810a10,legacy_compatibility,True,focused_or_regression_tests
DINO_410t5,122546,The Egg of Khelos,THE_LOST_CITY,NEUTRAL,MINION,False,DEATHRATTLE,Deathrattle: Summon a 20/20 Khelos with Taunt. (Break to hatch!),46d7674ca1bf16dff6586d62fc3f7f026dcdbb188b9a55e8650a5d43772546a7,legacy_compatibility,True,focused_or_regression_tests
DINO_411,118496,Holy Eggbearer,THE_LOST_CITY,NEUTRAL,MINION,True,BATTLECRY,Battlecry: Draw a 0-Attack minion.,0bcfce698681526dba88db8c4dc04c1f4aeee2126704e5fe009d8df6456687fb,not_implemented,False,missing
DINO_412,118500,Tortotem,THE_LOST_CITY,SHAMAN,MINION,True,TRIGGER_VISUAL,"At the end of your turn, get a random minion with multiple minion types.",ee6dd38c6dc89fb690a1faf1275dd348f807001826efbac926a86512c1b0972e,not_implemented,False,missing
DINO_413,118501,Chillspine Stegodon,THE_LOST_CITY,SHAMAN,MINION,True,BATTLECRY,Battlecry: Deal 2 damage to two random enemy minions. Kindred: And Freeze them.,c1080b0ccb109ef2a0166e98e647d2d9889ad6a553822d32c34cee6fc78d67c4,legacy_compatibility,True,focused_or_regression_tests
DINO_414,118554,Tribute Dance,THE_LOST_CITY,MAGE,SPELL,True,,Choose a minion. Choose a different minion to transform it into.,ac2ee7fda8c4a0d495f922d68262ff828bfd74dabbddb94152fc4c9d5fef8205,not_implemented,False,missing
DINO_414e,126213,Tribute,THE_LOST_CITY,MAGE,ENCHANTMENT,False,MORPH,This minion has been transformed.,08e12be6bcbe96dd884cf9d82783c214c882d9b074156d4bbd1e105a43b3903a,not_implemented,False,missing
DINO_415,118555,Story of Umbra,THE_LOST_CITY,DEATHKNIGHT,SPELL,True,DISCOVER,Discover a Deathrattle minion that costs (5) or more. Summon it and trigger its Deathrattle.,48654e36c25ac144f1277b3bbcc54c15850bc6137adc50cf913f1479bbd25553,not_implemented,False,missing
DINO_416,118558,Hollow Direhorn,THE_LOST_CITY,DEATHKNIGHT,MINION,True,"RUSH,TRIGGER_VISUAL","Rush After a friendly minion dies, spend 3 Corpses to gain Reborn.",e4731bdf2629e37fb76117fc4e8f3fe9f4e82727a02e90176e117736b31f2360,legacy_compatibility,True,focused_or_regression_tests
DINO_417,118559,Soulrest Ceremony,THE_LOST_CITY,DEATHKNIGHT,SPELL,True,,Give your minions +1 Attack and Rush. They die at the end of your turn.,51eb4a45475ecb1ad0cab32d388d4574f3b0fb92561c403d1eee2adc529603a8,not_implemented,False,missing
DINO_417e,118560,Soulrest,THE_LOST_CITY,DEATHKNIGHT,ENCHANTMENT,False,,"+1 Attack and Rush. At the end of your turn, this minion dies.",a4ce359f6d373d7effc4fb51005471e71de9a181f0b7df938abf6a51b03e8c35,not_implemented,False,missing
DINO_419,118563,Herbivore Assistant,THE_LOST_CITY,NEUTRAL,MINION,True,BATTLECRY,Battlecry: Give a friendly Beast +2/+2 and Rush.,46f3f3850c76967baee382f0912fd27dadb25c128242ccdf076e982da66dd257,not_implemented,False,missing
DINO_419e,118564,Making Progress,THE_LOST_CITY,NEUTRAL,ENCHANTMENT,False,,+2/+2 and Rush.,fe88fc62f4339286d433f455441b78e3d75df27cc7c6dcd8df956f1cdba00a6e,not_implemented,False,missing
DINO_421,118617,Seismopod,THE_LOST_CITY,DRUID,MINION,True,"DEATHRATTLE,ELUSIVE,TAUNT","Taunt, Elusive Deathrattle: Give all minions in your hand and deck +3/+3.",e569b030b312b9ae844b02e0d887601f4eb98d4f745a616d17896ad0f990b46d,not_implemented,False,missing
DINO_421e,118618,Seismic,THE_LOST_CITY,DRUID,ENCHANTMENT,False,,+3/+3.,444a886c8744786e6e64b64ffb2478b81fe6c37182e9ce9365216437ffc5471b,not_implemented,False,missing
DINO_422,118620,Ankylodon,THE_LOST_CITY,HUNTER,MINION,True,"DEATHRATTLE,TAUNT",Taunt. Deathrattle: Summon two random 3-Cost Beasts. They attack random enemies.,6117fc0349f707688c0efa9ce9f4e76dd49b4b617f9d6f8e3feea8127a8d54d9,not_implemented,False,missing
DINO_424,118625,Hero's Welcome,THE_LOST_CITY,PALADIN,SPELL,True,DISCOVER,Discover a Legendary minion to summon. Set its stats to 10/10.,da6f3c04cf5139dac27c07f095cbab3c769039e2536c1cedc279a7e8e0c98f81,not_implemented,False,missing
DINO_424e,118627,Hero's Celebration,THE_LOST_CITY,PALADIN,ENCHANTMENT,False,,10/10.,4c6424a2bfa5919d6bd22bb953f367dc6d521684a2ac61ba625d2c5f97c10c5c,not_implemented,False,missing
DINO_426,118628,Ritual of Life,THE_LOST_CITY,PRIEST,SPELL,True,DISCOVER,Discover a 3-Cost minion. Summon a 2/3 copy of it.,c548dd5877fc3d7fd44b22db54e8c7ea5f1a23e5927eb54e6d0357ff47b3565e,not_implemented,False,missing
DINO_426e,118629,Lasting Life,THE_LOST_CITY,PRIEST,ENCHANTMENT,False,,2/3.,0c69b3d0c2b300944218553d3a8ef24b35d7bde8225bd47e35de38d92a8796a4,not_implemented,False,missing
DINO_427,118632,Costume Merchant,THE_LOST_CITY,ROGUE,MINION,True,"BATTLECRY,COMBO",Battlecry: Get a random Mask from another class. Combo: It costs (2) less.,194d244aa251218df06df02adc9d7e0dc242180d40a52813eab5e5097de710de,not_implemented,False,missing
DINO_428,118649,Behemoth Mask,THE_LOST_CITY,PRIEST,SPELL,True,,Set a minion's stats to 8/10 and give it Lifesteal. Force a random enemy minion to attack it.,a4c3bbd185d287f62a171fc11416c8e0c19e8599018629903d578c2085909b7a,not_implemented,False,missing
DINO_428e,118650,Behemoth Mask,THE_LOST_CITY,PRIEST,ENCHANTMENT,False,,8/10 and Lifesteal.,8a638c8fc1bc6e46855903b1144857e323a36c5ced17c3db8cda709d8c7aa85e,not_implemented,False,missing
DINO_429,118651,Sheep Mask,THE_LOST_CITY,MAGE,SPELL,True,,"Set a minion's stats to 1/1 and give it ""Deathrattle: Deal 2 damage to all minions.""",4dc8ec57825c4f61bedc1b3052a005fc9fd44bfa0ace679b3d2ef889211f5611,not_implemented,False,missing
DINO_429e,118652,Sheep Mask,THE_LOST_CITY,MAGE,ENCHANTMENT,False,,1/1 and Deathrattle: Deal 2 damage to all minions.,afb1abbb9ed86146a0cfcdc6fa3401a51e92f8fee0458d68ef791269bae8a049,not_implemented,False,missing
DINO_430,118653,Beast Speaker Taka,THE_LOST_CITY,NEUTRAL,MINION,True,"BATTLECRY,DEATHRATTLE,DISCOVER",Battlecry: Discover a Legendary Beast from any class to gain its stats. Deathrattle: Summon it.,135a8b287db8eedf2ce1c25c1af9876bde667127cc6e477bf5f3b2cd2b7788b1,not_implemented,False,missing
DINO_430e,123511,Legendary Mount,THE_LOST_CITY,NEUTRAL,ENCHANTMENT,False,,Increased stats.,86366dffd9632c41254a7086bccc8785950a645bfec07910fece2646282f81be,not_implemented,False,missing
DINO_431,118656,Atlasaurus,THE_LOST_CITY,PRIEST,MINION,True,"DEATHRATTLE,TAUNT",Taunt. Deathrattle: Summon a random Taunt minion that costs (5) or more.,fd15214e21cf5deb222e22c9f1241e5f8a104b796936fa3c05ddb8886d1c80c8,declarative,True,focused_or_regression_tests
DINO_432,118712,Panther Mask,THE_LOST_CITY,DRUID,SPELL,True,,Set a minion's stats to 5/4 and give it Stealth. Draw 2 cards.,08eb2e95c794351cf5acd9e29f7c8dd175c25c119096d058ede93dcc6e26aff9,declarative,True,focused_or_regression_tests
DINO_432e,121096,Panther Mask,THE_LOST_CITY,DRUID,ENCHANTMENT,False,,5/4 and Stealth.,0e9f0341ae6602de1d9b4af5e6ac4034e885314d514caa427a72b46db6ffa0ed,not_implemented,False,missing
DINO_433,118730,Guard Duty,THE_LOST_CITY,WARRIOR,SPELL,True,,"Summon a random 6, 4, and 2-Cost Taunt minion.",5bbf0a62eb4f57474ac4d80792a9c4e7f910d5fe99daff1e2d764f667a3731f9,not_implemented,False,missing
DINO_434,118766,Raptor-Nest Nurse,THE_LOST_CITY,HUNTER,MINION,True,"BATTLECRY,DEATHRATTLE",Battlecry: Get a random 1-Cost minion. Deathrattle: Get a random 1-Cost spell.,c33cb6230889a1d44d39a5c35f5e634fc29f05938609c08bf9bfb02d1ce694e7,not_implemented,False,missing
DINO_435,119695,Crater Experiment,THE_LOST_CITY,NEUTRAL,MINION,True,,Kindred: Summon a copy of this.,e4783656817866539e90632982edfee54554b7a5282e7f0b00cb0b3b4498ecf1,not_implemented,False,missing
DINO_COIN1,123590,The Coin,THE_LOST_CITY,NEUTRAL,SPELL,False,,Gain 1 Mana Crystal this turn only.,7e0b9838c71ab2fca09f4defa0790398e06cf2d4f4f0c10ea1634a74b712d126,not_implemented,False,missing
DINO_COIN2,123591,The Coin,THE_LOST_CITY,NEUTRAL,SPELL,False,,Gain 1 Mana Crystal this turn only.,7e0b9838c71ab2fca09f4defa0790398e06cf2d4f4f0c10ea1634a74b712d126,not_implemented,False,missing
EDR_000,113321,"Ysera, Emerald Aspect",EMERALD_DREAM,NEUTRAL,MINION,True,"BATTLECRY,START_OF_GAME_KEYWORD",Start of Game: Increase both players'maximum Mana by 5. Battlecry: Gain 3 Mana Crystals.,9de82f4dcd47cb3034c9e2c5645a878deb1b372a9ca9045e0fd933880fc53e6e,declarative,True,focused_or_regression_tests
EDR_001,113328,Hopeful Dryad,EMERALD_DREAM,NEUTRAL,MINION,True,BATTLECRY,Battlecry: Get a random Dream card.,d6cf03f58807a82a8c389666ea4da7713afa8772c8164c3bbe3f0e0a94d9c809,not_implemented,False,missing
EDR_014,113371,Verdant Dreamsaber,EMERALD_DREAM,HUNTER,MINION,True,BATTLECRY,"Battlecry: If this costs (3) or less, attack two random enemy minions.",53da964fee66fcb1ee5a8d59a97978a6dd0741a4e7c590b2efff0ace6485fb10,not_implemented,False,missing
EDR_031,113434,Ohn'ahra,EMERALD_DREAM,SHAMAN,MINION,True,TRIGGER_VISUAL,"At the end of your turn, play the top 3 cards from your deck.",efe904a402c5f218c7a734edd6187be6bf3f2f4dc3f9a79cd4f9105614ac2578,not_implemented,False,missing
EDR_060,110889,Ward of Earth,EMERALD_DREAM,DRUID,SPELL,True,,Gain 5 Armor. Summon a random 5-Cost minion and give it Taunt.,9e71af7a4a59570527f471126738e90dd47f4bfd37752414694de5a369e0a378,not_implemented,False,missing
EDR_060e,120351,Ward of Earth,EMERALD_DREAM,NEUTRAL,ENCHANTMENT,False,TAG_ONE_TURN_EFFECT,Minions you summon this turn gain Taunt.,c14503ca0d9b4c814bb39ccf3c0aab39668a462105e2c22fb790cfce3bc0b2c7,not_implemented,False,missing
EDR_100t,113796,Waking Terror,EMERALD_DREAM,NEUTRAL,SPELL,False,,+3 Attack and Lifesteal.,c83ac3855ec7efd99bee790ec829698caa320cbafa50ab05f4159c57ca75b623,not_implemented,False,missing
EDR_100t1,113797,Well Rested,EMERALD_DREAM,NEUTRAL,SPELL,False,,+2/+2 and Elusive.,343a337773150d80f56ccc863274b82a0a8e96b9b57c7c9fe92878f14ff88fb5,not_implemented,False,missing
EDR_100t10,115658,Nightmare Scales,EMERALD_DREAM,HUNTER,SPELL,False,,Has a Divine Shield that takes 3 hits to break.,e8773a24262d768ba0f4b33545a705730c70070265e9a58e5cff4072640f94c2,not_implemented,False,missing
EDR_100t13,120225,Harpy's Talons,EMERALD_DREAM,NEUTRAL,SPELL,False,"DIVINE_SHIELD,WINDFURY","Divine Shield, Windfury",f920eb0b052f6e18d5b97d17153ea7ba085a5c78fd0b4cd8509e70ef04c19009,not_implemented,False,missing
EDR_100t13e,120226,Harpy's Talons,EMERALD_DREAM,NEUTRAL,ENCHANTMENT,False,,"Divine Shield, Windfury",f920eb0b052f6e18d5b97d17153ea7ba085a5c78fd0b4cd8509e70ef04c19009,not_implemented,False,missing
EDR_100t1e,113804,Well Rested,EMERALD_DREAM,HUNTER,ENCHANTMENT,False,,+2/+2 and Elusive.,343a337773150d80f56ccc863274b82a0a8e96b9b57c7c9fe92878f14ff88fb5,not_implemented,False,missing
EDR_100t2,113798,Short Claws,EMERALD_DREAM,NEUTRAL,SPELL,False,,"Costs (2) less, but has -2 Attack.",74a7895c250e3657c15b8e22cbecfaaac3b3fe98c90d2c3ca2de120d36ecfcd9,not_implemented,False,missing
EDR_100t2e,113805,Short Claws,EMERALD_DREAM,HUNTER,ENCHANTMENT,False,,"Costs (2) less, but has -2 Attack.",74a7895c250e3657c15b8e22cbecfaaac3b3fe98c90d2c3ca2de120d36ecfcd9,not_implemented,False,missing
EDR_100t3,113799,Bundled Up,EMERALD_DREAM,NEUTRAL,SPELL,False,,+4 Health and Taunt.,0fefaed85652e837e8f075e4a9c7beafc574d1a9b988dddc3c269b73ef4f3a8c,not_implemented,False,missing
EDR_100t3e,113806,Bundled Up,EMERALD_DREAM,HUNTER,ENCHANTMENT,False,,+4 Health and Taunt.,0fefaed85652e837e8f075e4a9c7beafc574d1a9b988dddc3c269b73ef4f3a8c,not_implemented,False,missing
EDR_100t4,113800,Inner Demons,EMERALD_DREAM,NEUTRAL,SPELL,False,,Deathrattle: Draw 2 cards.,c7e3d6b7b0427bf678e44fc7f205f04cc70029e1b315647f31741e120308a902,not_implemented,False,missing
EDR_100t4e,113807,Inner Demons,EMERALD_DREAM,HUNTER,ENCHANTMENT,False,,Deathrattle: Draw 2 cards.,c7e3d6b7b0427bf678e44fc7f205f04cc70029e1b315647f31741e120308a902,not_implemented,False,missing
EDR_100t5,113801,Living Nightmare,EMERALD_DREAM,NEUTRAL,SPELL,False,,"When you play this minion, summon a 2/2 copy of it.",2c08c7128b28daaa569919a783b3a945243837cfdd84589c8b8364486074482e,not_implemented,False,missing
EDR_100t5e,113808,Living Nightmare,EMERALD_DREAM,HUNTER,ENCHANTMENT,False,,"When you play this minion, summon a 2/2 copy of it.",2c08c7128b28daaa569919a783b3a945243837cfdd84589c8b8364486074482e,not_implemented,False,missing
EDR_100t5e2,117173,Tiny Nightmare,EMERALD_DREAM,NEUTRAL,ENCHANTMENT,False,,1/1.,83cde5738c0b14bb76d23434a8ee4ae3018405f3441ad9f57eeee1e47c2bf620,not_implemented,False,missing
EDR_100t5e5,120020,Living Nightmare,EMERALD_DREAM,NEUTRAL,ENCHANTMENT,False,,2/2.,d410cf8e215b9c2791911a0f7b44cca4040d713ae5d5593a7367e6b41e5ca15b,not_implemented,False,missing
EDR_100t6,113802,Sleepwalker,EMERALD_DREAM,NEUTRAL,SPELL,False,CHARGE,Charge,ff9f88ce353a222860a9f826971a2b2ee3da6b06c696d67537285890506d4bda,not_implemented,False,missing
EDR_100t6e,113809,Sneaky Sleepwalking,EMERALD_DREAM,HUNTER,ENCHANTMENT,False,,Charge,ff9f88ce353a222860a9f826971a2b2ee3da6b06c696d67537285890506d4bda,not_implemented,False,missing
EDR_100t7,113882,Rude Awakening,EMERALD_DREAM,NEUTRAL,SPELL,False,,This minion's Battlecries trigger twice.,59a58eb1cc70bc2edc7d4fe58564f1c95a9ed8e5d55431e563428b1337ab8c41,not_implemented,False,missing
EDR_100t7e,113883,Rude Awakening,EMERALD_DREAM,HUNTER,ENCHANTMENT,False,,This minion's Battlecries trigger twice.,59a58eb1cc70bc2edc7d4fe58564f1c95a9ed8e5d55431e563428b1337ab8c41,not_implemented,False,missing
EDR_100t7e1,113892,DoubleBattlecryTwist,EMERALD_DREAM,SHAMAN,ENCHANTMENT,False,,Selected minion triggers its battlecry twice.,3dfa9ca2ae6653e3bbb32b2dec5694fc21c480777f71581b2a7ad458bc9abc43,not_implemented,False,missing
EDR_100t8,113884,Sweet Dreams,EMERALD_DREAM,NEUTRAL,SPELL,False,,+4/+5. Place this card on top of your deck.,b84bcdcdf3594c8b687735bd1a4a0a8b75a5c9616442fe1a694e28e855938953,not_implemented,False,missing
EDR_100t8e,113885,Turtled Up,EMERALD_DREAM,HUNTER,ENCHANTMENT,False,,+3/+3 and shuffled stats.,a3683b3ec989ae4c157ec180e3b6870da53d651047b131323256d6c323a63126,not_implemented,False,missing
EDR_100t8e1,115355,Sweet Dreams,EMERALD_DREAM,HUNTER,ENCHANTMENT,False,,+4/+5.,a7da7c2385f75fc7cac0fc0410cfcc284634c92700647a2dcfd7be22b2ba044e,not_implemented,False,missing
EDR_100t9,113886,Persisting Horror,EMERALD_DREAM,NEUTRAL,SPELL,False,REBORN,Reborn. Is Reborn with full Health and enchantments.,dce358bfd14af55bc9832dd382ea93d8bba1167de76a93bf474d0aae0b6f0001,not_implemented,False,missing
EDR_100t9e,113887,Persisting Horror,EMERALD_DREAM,HUNTER,ENCHANTMENT,False,,Reborn. Is Reborn with full Health and enchantments.,dce358bfd14af55bc9832dd382ea93d8bba1167de76a93bf474d0aae0b6f0001,not_implemented,False,missing
EDR_100te,113803,Waking Terror,EMERALD_DREAM,HUNTER,ENCHANTMENT,False,,+3 Attack and Lifesteal.,c83ac3855ec7efd99bee790ec829698caa320cbafa50ab05f4159c57ca75b623,not_implemented,False,missing
EDR_101t,113827,Blinding Carapace,EMERALD_DREAM,HUNTER,SPELL,False,,"Divine Shield, Rush",f0bd1771c2f5f3e1d51a8616f4a991179f61cae9741968739da772128a5bb06d,not_implemented,False,missing
EDR_101t1,113828,Blinding Carapace,EMERALD_DREAM,HUNTER,SPELL,False,,"Divine Shield, Lifesteal",59ef784b47dce045421af632944c240d98a08f38bd7ab7441b4d11c8ede7af03,not_implemented,False,missing
EDR_101t10,113837,Blinding Carapace,EMERALD_DREAM,HUNTER,SPELL,False,,"Lifesteal, Taunt",585c2e4b6b3089464643838b33bed508774f4bb283e4920a6b5e4c573c5c6452,not_implemented,False,missing
EDR_101t11,113838,Blinding Carapace,EMERALD_DREAM,HUNTER,SPELL,False,,"Lifesteal, Poisonous",f6d50a48bdffc271a32ec49e671fd2f9db276f1001a3b39188d3a72a9a5f595f,not_implemented,False,missing
EDR_101t12,113839,Blinding Carapace,EMERALD_DREAM,HUNTER,SPELL,False,,"Reborn, Taunt",9912438a71edfe0369b99aca17394af3ee64c91be8536a16728b9de9c6609093,not_implemented,False,missing
EDR_101t13,113840,Blinding Carapace,EMERALD_DREAM,HUNTER,SPELL,False,,"Reborn, Poisonous",6a232a3caba78909fb7105d0a3ba141ca668d9849b0338cfaf237d82ac10ed74,not_implemented,False,missing
EDR_101t14,113841,Blinding Carapace,EMERALD_DREAM,HUNTER,SPELL,False,,"Taunt, Poisonous",7cfdf22fe317edeee4a9aab0e600f3fddec787d49f1a669f9bc1d9fbc38101f8,not_implemented,False,missing
EDR_101t2,113829,Blinding Carapace,EMERALD_DREAM,HUNTER,SPELL,False,,"Divine Shield, Reborn",c082b539a6b9132df5c5953fe024d873ea7684c52b305625d673d119cfd7928d,not_implemented,False,missing
EDR_101t3,113830,Blinding Carapace,EMERALD_DREAM,HUNTER,SPELL,False,,"Divine Shield, Taunt",8ce3e5136653a27d3431cdd6affebe752d41b6de3d0ae62745183fc64b7c5632,not_implemented,False,missing
EDR_101t4,113831,Blinding Carapace,EMERALD_DREAM,HUNTER,SPELL,False,,"Divine Shield, Poisonous",9cc7d0813339adcfe3caa37fc47fc6aa4c7a496011226134d7f7e6bcfca43543,not_implemented,False,missing
EDR_101t5,113832,Blinding Carapace,EMERALD_DREAM,HUNTER,SPELL,False,,"Rush, Lifesteal",0508662f9d9cdcb7b09da58be995b5d093130fbbd68e4801ffc3456b96bd462f,not_implemented,False,missing
EDR_101t6,113833,Blinding Carapace,EMERALD_DREAM,HUNTER,SPELL,False,,"Rush, Reborn",8859d9c97fe1c8a9568825ad1a5a5fcc409a9b37677f46d96aa262442a043840,not_implemented,False,missing
EDR_101t7,113834,Blinding Carapace,EMERALD_DREAM,HUNTER,SPELL,False,,"Rush, Taunt",b4adb26f1766e9debf76a53b6d9e16dcdb99656b7550d3e036251fad0e7a04cd,not_implemented,False,missing
EDR_101t8,113835,Blinding Carapace,EMERALD_DREAM,HUNTER,SPELL,False,,"Rush, Poisonous",0816fb72d06040e61ae551b8a14f358073314ca8088cbc193b758907027a03dc,not_implemented,False,missing
EDR_101t9,113836,Blinding Carapace,EMERALD_DREAM,HUNTER,SPELL,False,,"Lifesteal, Reborn",3169821d807bce5aba45883fe2e54b56d75cdd46b06f986c01210b071f1cd2e8,not_implemented,False,missing
EDR_102,113822,Treacherous Tormentor,EMERALD_DREAM,NEUTRAL,MINION,True,"BATTLECRY,DISCOVER",Battlecry: Discover a Legendary minion with a Dark Gift.,c04f15251ea7dca7d45df72ac0389637586b0524fa9a8d57e39db11d1ed10882,legacy_compatibility,True,focused_or_regression_tests
EDR_102t,115323,Dark Gift,EMERALD_DREAM,NEUTRAL,SPELL,False,DISCOVER,Executes nightmare bonus,bf09016140df2c55d15f649e3af7733939ede03843542f67bce3fea0d80eb164,not_implemented,False,missing
EDR_105,113973,Creature of Madness,EMERALD_DREAM,NEUTRAL,MINION,True,"BATTLECRY,DISCOVER",Battlecry: Discover a 3-Cost minion with a Dark Gift.,0794f44bb9fe1b7f1b99e132b5b63633b2d14819fafb6c5f694235fa63b7356f,not_implemented,False,missing
EDR_110,115652,Sporegnasher,EMERALD_DREAM,NEUTRAL,MINION,True,"DEATHRATTLE,POISONOUS",Poisonous Deathrattle: Deal 1 damage to a random enemy minion.,419d303a2d307562ce8dbd9a1c53375dcdffec0d41bc6782a9858c896b74b570,not_implemented,False,missing
EDR_209,113588,Forest Lord Cenarius,EMERALD_DREAM,DRUID,MINION,True,,Choose Thrice - Give your other minions +1/+3; or Summon a 5/5 Ancient with Taunt.,0d37b2e4b3a501ece5452c535aeb70e0e48978b1837e2f20c7df2cb22de5d329,not_implemented,False,missing
EDR_209a,117483,Growth of Dreams,EMERALD_DREAM,DRUID,SPELL,False,,Give your other minions +1/+3.,9e437dbcc94216a04ba44ccd96403b347b9b43e55a4d6588eeb78a91e3e7aac6,not_implemented,False,missing
EDR_209b,117484,Ancients of the Dream,EMERALD_DREAM,DRUID,SPELL,False,,Summon a 5/5 Ancient with Taunt.,efed9ff8ac93e909527ee1561cd8272c60b3c5079e914c3c12dc4ad0f19eaa28,not_implemented,False,missing
EDR_209e2,115936,Guidance of the Forest,EMERALD_DREAM,DRUID,ENCHANTMENT,False,,+1/+3.,dff183ae1fe9acccec3c8f526dacb463321f8f15db90c1944854ba54c5202b7d,not_implemented,False,missing
EDR_209t5,116418,Ancient,EMERALD_DREAM,DRUID,MINION,False,TAUNT,Taunt,aa1c342daeb99a7dd8a63d75bed9ad127b763c6cd74891b0ce1a090898c7534e,not_implemented,False,missing
EDR_226,114018,Exotic Houndmaster,EMERALD_DREAM,HUNTER,MINION,True,BATTLECRY,Battlecry: Draw a Beast. Imbue your Hero Power.,96b055e0c0adf1acfbca7569a2dd481f1954974775fde0c856ef3be7d41bd3ae,not_implemented,False,missing
EDR_227,114020,Umbraclaw,EMERALD_DREAM,HUNTER,MINION,True,"DEATHRATTLE,RUSH",Rush Deathrattle: Imbue your Hero Power.,196ca360d5f2be89b6dabf870a14808af90733e5adc7cbfb1a30974ca491ecf2,not_implemented,False,missing
EDR_230,114280,Beanstalk Brute,EMERALD_DREAM,SHAMAN,MINION,True,BATTLECRY,Battlecry: Give +4/+4 to the top 3 minions in your deck.,74b520953680c2ed9d2fe29c92269a30b1b1cbf62cd0d40d15972ea0ed125565,not_implemented,False,missing
EDR_230e,114941,Enchanted,EMERALD_DREAM,SHAMAN,ENCHANTMENT,False,,+4/+4.,20f1be80257a933397600da2dfe7c79c32b25bbeb3c1cde7ff318b1eb033eeb0,not_implemented,False,missing
EDR_231,114367,Aspect's Embrace,EMERALD_DREAM,SHAMAN,SPELL,True,,Restore #4 Health. Draw a card. Imbue your Hero Power.,7f7d904997d15e5c4761eadf6f6b16f87769a3c13fcade8482b7833aaa675ea1,not_implemented,False,missing
EDR_232,114357,Typhoon,EMERALD_DREAM,SHAMAN,SPELL,True,,Each minion gets shuffled into a random player's deck.,c2b82b2e8e8b0a35d941d726f9fa143e7802bd051e54563156435a2788ff971b,not_implemented,False,missing
EDR_233,114369,Spirits of the Forest,EMERALD_DREAM,SHAMAN,SPELL,True,CHOOSE_ONE,Choose One - Summon three 2/3 Wolves with Taunt; or Summon two 4/3 Falcons with Windfury.,b16df271e4f35ba873cddb609522e6385b43ac7ad0014f03c04e32b50f79ccac,not_implemented,False,missing
EDR_233a,114370,Wolf's Strength,EMERALD_DREAM,SHAMAN,SPELL,False,,Summon three 2/3 Wolves with Taunt.,a85976ae98ac7c1bb65dfedee727f33e8e77c76e163683cd5d486b3cc9636874,not_implemented,False,missing
EDR_233b,114371,Falcon's Dexterity,EMERALD_DREAM,SHAMAN,SPELL,False,,Summon two 4/3 Falcons with Windfury.,a548fd66a36d4c7bb2737fb699ff4b879e469dbef2e09e7caeea86d150a782af,not_implemented,False,missing
EDR_233t2,114645,Spirit Falcon,EMERALD_DREAM,SHAMAN,MINION,False,WINDFURY,Windfury,9409ea5a31e0c555256a52444a04b3a28052e45bbb1dbc22ca8a78615ace2ef5,not_implemented,False,missing
EDR_234,114281,Emerald Bounty,EMERALD_DREAM,SHAMAN,SPELL,True,,Draw 2 cards. You can't play them for 2 turns.,56be9a623e7d9072ca51dc58463c8d5d6105faf8974340998f1611503a28d1dc,not_implemented,False,missing
EDR_234e2,116401,Still Growing,EMERALD_DREAM,SHAMAN,ENCHANTMENT,False,,Can't be played for 2 turns.,a86010a8c702b49f51206b7ee8878626be8ee9da995225e043533d8f64e382e4,not_implemented,False,missing
EDR_238,114284,Merithra,EMERALD_DREAM,SHAMAN,MINION,True,BATTLECRY,Battlecry: Resurrect all different friendly minions that cost (8) or more.,c4c8465e4d7ed02238ac0081513ec5c6348a97f02af7276393552f198c99ea51,not_implemented,False,missing
EDR_251,114511,Dragonscale Armaments,EMERALD_DREAM,PALADIN,SPELL,True,,Draw a spell that started in your deck and one that didn't.,7f98847dbb4cb05e9526c7cbadc169a57081816e6dabee5194cf8225f29824b5,not_implemented,False,missing
EDR_252,114630,Mark of Ursol,EMERALD_DREAM,PALADIN,SPELL,True,,"Choose a minion. If it's an enemy, set its stats to 1/1. If it's friendly, set its stats to 3/3 instead.",f3d7d561f9c0c6071451c7873cee3fdaf548ea9053567d9e2e49c4d8e5acac3e,not_implemented,False,missing
EDR_252e,114631,Mark of Ursol,EMERALD_DREAM,PALADIN,ENCHANTMENT,False,,Stats set to 1/1.,ec08c97f978d4f30bfb2e68346afba8c6e251d849d30311b3d450ee57ed35188,not_implemented,False,missing
EDR_252e1,120470,Might of Ursol,EMERALD_DREAM,PALADIN,ENCHANTMENT,False,,Stats set to 3/3.,c351666c0be30aeb86988e9ae02d252978c44bbfcb57019f5ef9b19bdd8952a5,not_implemented,False,missing
EDR_253,114632,Ursine Maul,EMERALD_DREAM,PALADIN,WEAPON,True,TRIGGER_VISUAL,"After your hero attacks, draw a card.",f06799e7e94f17ca198c2bc3374c4755d9dfd82a4031bccf43d7fdd0dd8ff907,not_implemented,False,missing
EDR_254,114533,Animated Moonwell,EMERALD_DREAM,NEUTRAL,MINION,True,TRIGGER_VISUAL,"After you cast a spell, gain Attack equal to its Cost.",f95c19bf44d13175e7a6a725764d9d3ea15ea3018778f08d9298194f67345232,not_implemented,False,missing
EDR_254e1,117300,Overflowing,EMERALD_DREAM,NEUTRAL,ENCHANTMENT,False,,Increased Attack.,465f4dac097f321da78f34baa353d65664d6207924cee5b059a5dc22448009be,not_implemented,False,missing
EDR_255,114543,Renewing Flames,EMERALD_DREAM,PALADIN,SPELL,True,LIFESTEAL,"Lifesteal. Deal $5 damage to the lowest Health enemy, twice.",b3a177d33365c27d4bea40f171e58ccce54fc2e1d169d30d466c6875a41b54b1,not_implemented,False,missing
EDR_256,116674,Dreamwarden,EMERALD_DREAM,PALADIN,MINION,True,"BATTLECRY,TAUNT","Taunt. Battlecry: If there is a card in your deck that didn't start there, draw it and gain +2/+2.",fe55a4e8151eccd0d8822257019c207672d44c608603f2f417dde69baa0a1892,not_implemented,False,missing
EDR_256e,116981,Portalmancy,EMERALD_DREAM,PALADIN,ENCHANTMENT,False,,+2/+2.,6496ac6ee3bdc68621e62fed137957624c2b0bd825dd961051f0d8c2f5e4eb44,not_implemented,False,missing
EDR_257,116667,Lightmender,EMERALD_DREAM,PALADIN,MINION,True,"CHOOSE_ONE,TAUNT",Taunt. Choose One - +3 Attack and Divine Shield; or +3 Health and Lifesteal.,21643047c8e5d04484e7c29045a5513273cc60fe9095ebe8ddbbcbba1725ad48,not_implemented,False,missing
EDR_257a,116668,Holy Bond,EMERALD_DREAM,PALADIN,SPELL,False,,+3 Attack and Divine Shield.,103fee62ec38d5b0eab4837741cc05115af1d7d84a3e579f34466962b2efd289,not_implemented,False,missing
EDR_257ae,120279,Holy Bonded,EMERALD_DREAM,PALADIN,ENCHANTMENT,False,,+3 Attack.,9ff6ca718148527a960800a10bab5d2aff98ca656a0f9545a47002e4188f2dd2,not_implemented,False,missing
EDR_257b,116669,Embrace of the Light,EMERALD_DREAM,PALADIN,SPELL,False,,+3 Health and Lifesteal.,a35ce9798650476234ded139c72c40e22d741686e3fe108a31d20d8e16f47548,not_implemented,False,missing
EDR_257be,120280,Light's Embrace,EMERALD_DREAM,PALADIN,ENCHANTMENT,False,,+3 Health.,9937300149b268e632a4c21d3cfa2c35a611782445d4669c29d42d893bf959db,not_implemented,False,missing
EDR_258,114544,Toreth the Unbreaking,EMERALD_DREAM,PALADIN,MINION,True,"AURA,DIVINE_SHIELD,TAUNT","Divine Shield, Taunt Your Divine Shields take three hits to break.",7dd593e49989b439103888e727071079ba524b2b7331767b6179eca1d35fc153,legacy_compatibility,True,focused_or_regression_tests
EDR_259,114868,Ursol,EMERALD_DREAM,PALADIN,MINION,True,BATTLECRY,Battlecry: Cast the highest Cost spell from your hand as an Aura that lasts 3 turns.,c517596877938c6245258852b5180542b33eb420e3cc20ac6b165024d8331502,not_implemented,False,missing
EDR_259e1,116020,Ursol's Aura,EMERALD_DREAM,PALADIN,SPELL,False,,"At the end of your turn, cast {0}. Lasts 0 turns.",2d05b93781912c374d19dad49ae7b027186597d38361fbac1b00e72de3ff4a0f,not_implemented,False,missing
EDR_260,114884,Illusory Greenwing,EMERALD_DREAM,NEUTRAL,MINION,True,"DEATHRATTLE,TAUNT",Taunt. Deathrattle: Shuffle two 4/5 Dragons with Taunt into your deck. They're Summoned When Drawn.,46f8905ebfb7a21c56dd3d1dde16e7e8ff265492f1b639c8e888a2318976578b,declarative,True,focused_or_regression_tests
EDR_260t,115184,Illusion,EMERALD_DREAM,NEUTRAL,MINION,False,TAUNT,Summoned When Drawn Taunt,ae42252d19f1f78654b9c9472ae4790860b096c8c37407f693ccd1888a98c605,legacy_compatibility,True,focused_or_regression_tests
EDR_261,115052,Amphibian's Spirit,EMERALD_DREAM,HUNTER,SPELL,True,,"Give a minion +2/+2 and ""Deathrattle: Give a friendly minion +2/+2 and this Deathrattle.""",5a0391910461a803aeec96e9d00061bd61ec1452dae0b535f6d90eabb3a6fe4a,not_implemented,False,missing
EDR_261e,115053,Amphibian's Spirit,EMERALD_DREAM,HUNTER,ENCHANTMENT,False,,+2/+2 and Deathrattle: Give a friendly minion +2/+2 and this Deathrattle.,7fc4d3b63bb6cb513fc38b3294c7eb5dbb1eefe98d702b58494fc5687543bcfc,not_implemented,False,missing
EDR_262,115055,Spirit Bond,EMERALD_DREAM,HUNTER,SPELL,True,,"Deal $3 damage to a minion. If it dies, summon a 3/2 Wolf with Rush.",ff715d546b44107e6482ac9afb1b2d4c56dd3b7291faa8fc5271d8b39ae96e38,not_implemented,False,missing
EDR_263,115058,Grace of the Greatwolf,EMERALD_DREAM,HUNTER,SPELL,True,CHOOSE_ONE,Choose One - Deal $4 damage to the enemy hero; or Summon two 3/2 Wolves with Rush.,0ffe3dde1744d27e41c8784ecce5ce45e30a9c3616bc667fb3dbd88e5f2961cd,not_implemented,False,missing
EDR_263a,115497,Greatwolf's Ferocity,EMERALD_DREAM,HUNTER,SPELL,False,,Deal $4 damage to the enemy hero.,b876468e2ecf0c554ff63cd955d172a0ec2bce6a0f3e4d58eaed76d2c5f3a22e,not_implemented,False,missing
EDR_263b,115498,Greatwolf's Guidance,EMERALD_DREAM,HUNTER,SPELL,False,,Summon two 3/2 Wolves with Rush.,9898d85b89fed365087e6c6c76274deb44d54b9534af9a66cd27d51e1667cbd0,not_implemented,False,missing
EDR_264,116675,Aegis of Light,EMERALD_DREAM,PALADIN,SPELL,True,,Summon a random 2-Cost minion and give it Taunt. Imbue your Hero Power.,8abe5206ba68035562425dc4344f73cd805181816341c79e4aea2f23454aa309,not_implemented,False,missing
EDR_270,115080,Horn of Plenty,EMERALD_DREAM,DRUID,SPELL,True,DISCOVER,Discover a Nature spell. It costs (2) less.,f1487a3bdf5fcf9d099c8b786a232c25e14fe58c5bf53b42641711226162edfb,declarative,True,focused_or_regression_tests
EDR_270e,115081,Horn of Plenty,EMERALD_DREAM,DRUID,ENCHANTMENT,False,,Your next Nature spell costs (2) less.,d1111a47954a9d3c01de6250030fb0021582f2b87a4455ed278b937d0e88b096,not_implemented,False,missing
EDR_271,115809,Grove Shaper,EMERALD_DREAM,DRUID,MINION,True,TRIGGER_VISUAL,"After you cast a Nature spell, summon a 2/2 Treant with ""Deathrattle: Get a copy of that spell.""",e882ba27bc13a63312ee01dca3fe5bcc387d74695dafa51120de3854988dd157,declarative,True,focused_or_regression_tests
EDR_271t,117400,Treant of Life,EMERALD_DREAM,DRUID,MINION,False,,Deathrattle: Get {0}.,dba64cbd72762a7eb99306371f2da1bc17554b9820f6d508fbcba001e6aa3f2d,declarative,True,focused_or_regression_tests
EDR_272,115873,Evergreen Stag,EMERALD_DREAM,DRUID,MINION,True,"ELUSIVE,LIFESTEAL,TAUNT",Elusive Lifesteal Taunt,78f72e868d06b9cdb9c839dadba5ed9464d42b04d5ca3d1c3f12d3f8e6f1d82c,not_implemented,False,missing
EDR_273,115876,Symbiosis,EMERALD_DREAM,DRUID,SPELL,True,DISCOVER,Discover a Choose One card from another class.,581503b57cc00e80f748c06ec727e14d86626ce0fe16fa7d887d56bd6a2d788c,not_implemented,False,missing
EDR_416,113568,Shepherd's Crook,EMERALD_DREAM,HUNTER,WEAPON,True,TRIGGER_VISUAL,"After your hero attacks, summon a 3/3 Sheep that's Dormant for 2 turns.",02c8d13f91f1efcf9b2dec796eeba68eeb04489da7a4dde54fd85397b0886ff1,not_implemented,False,missing
EDR_416t,115083,Sleepy Sheep,EMERALD_DREAM,HUNTER,MINION,False,,Dormant for 2 turns.,6c3d77ec3a6359c23cab7cdcd1c3043f0e48ad8f0cfda6321ff14c876bf7653e,not_implemented,False,missing
EDR_416te,115085,Sleepy,EMERALD_DREAM,HUNTER,ENCHANTMENT,False,TRIGGER_VISUAL,Dormant. Awaken in 2 turns.,d95dc183f46ec5710e328dcbe0c35b7ec694ba39f7352b80f1b4a838b3a71634,not_implemented,False,missing
EDR_421,113606,Omen,EMERALD_DREAM,DEMONHUNTER,MINION,True,"DEATHRATTLE,RUSH,WINDFURY","Rush, Windfury Deathrattle: Deal 1 damage to all enemies. (Improves after this attacks!)",94b1fa64ee7fbcce28d5c33306193ec3179bf4b1fa07afeb90cc1cc47b5e3942,legacy_compatibility,True,focused_or_regression_tests
EDR_430,113700,Aessina,EMERALD_DREAM,MAGE,MINION,True,BATTLECRY,"Battlecry: If 20 friendly minions have died this game, deal 20 damage split among all enemies.@ ({0} left!)@ (Ready!)",0fd25fdd838636d1477621f7781da5499cae78e5aadf1defa1dbcc60267032df,not_implemented,False,missing
EDR_445p,114023,Blessing of the Dragon,EMERALD_DREAM,PALADIN,HERO_POWER,False,,Shuffle two Emerald Portals into your deck. (Your Portals summon,f8079d2989b82d31d948789766e99b61be4ee48bba4ca5ff0fb02adc5d83c418,not_implemented,False,missing
EDR_445pt3,114070,Emerald Portal,EMERALD_DREAM,PALADIN,SPELL,False,,Casts When Drawn Summon a random 1-Cost Dragon.,5f6e2981df86ef0703069361d2c185e975a0cbb63ee51730c8fd4054fb68154e,not_implemented,False,missing
EDR_448p,114059,Blessing of the Wind,EMERALD_DREAM,SHAMAN,HERO_POWER,False,,Transform a friendly minion into a random one that costs (,2d097124abdd98329e465ee972e4a4995a37e94ee8fed75b6607ae2efcde1fad,not_implemented,False,missing
EDR_449,114080,Lunarwing Messenger,EMERALD_DREAM,PRIEST,MINION,True,"BATTLECRY,LIFESTEAL",Lifesteal Battlecry: Imbue your Hero Power.,a4d76c0cc1b3c74f1c56e87e7af0144941c4f103caf47d1094ac75a7a79917cd,declarative,True,focused_or_regression_tests
EDR_449e,114295,Fleeting Magic,EMERALD_DREAM,PRIEST,ENCHANTMENT,False,,Costs less. Discard this at the end of your turn.,9a6a1e69f28a7890068b5f39b2239322a91b538a7bd4a092809b03ca1c737556,not_implemented,False,missing
EDR_449p,114069,Blessing of the Moon,EMERALD_DREAM,PRIEST,HERO_POWER,False,,Choose a playable Priest minion or spell to add to your hand. It costs (,7c98bbeca1173d417c9bc93a1c541c091ee6ce622c3548570ea8903329db1126,declarative,True,focused_or_regression_tests
EDR_451,114081,Goldpetal Drake,EMERALD_DREAM,PALADIN,MINION,True,"BATTLECRY,DEATHRATTLE",Battlecry and Deathrattle: Imbue your Hero Power.,908e3a20d137323746643da69ac99be29f460cb05f972c129b2c60de3d046e87,not_implemented,False,missing
EDR_453,114213,Briarspawn Drake,EMERALD_DREAM,NEUTRAL,MINION,True,TRIGGER_VISUAL,"At the end of your turn, attack a random enemy minion (excess damage hits the enemy hero).",ae1825aca7ccd740a199c82769acca1aac1ad1a3befe370d44e78c24c9c7d88d,legacy_compatibility,True,focused_or_regression_tests
EDR_454,114215,Clutch of Corruption,EMERALD_DREAM,WARRIOR,LOCATION,True,,Choose a friendly Dragon. Summon a 0/2 Egg that hatches into a copy of it.,1e6e7064a13ab2aed2085a26bbb917a2f4af254953590897e9808b7b1cce6b63,not_implemented,False,missing
EDR_454t,114609,Horrible Egg,EMERALD_DREAM,WARRIOR,MINION,False,,Deathrattle: Summon {0}.,079d4dece4a68c69b72997b914c192c01052cc860b1e28570a05520b99d6eb92,not_implemented,False,missing
EDR_455,114217,Succumb to Madness,EMERALD_DREAM,WARRIOR,SPELL,True,DISCOVER,Discover a friendly Dragon that died this game. Resummon it.,a9347d2f8176c9d7b19f300c85a0954c6d5662eccdb3f138032fe685564631bc,not_implemented,False,missing
EDR_456,114218,Darkrider,EMERALD_DREAM,WARRIOR,MINION,True,"BATTLECRY,DISCOVER","Battlecry: If you're holding a Dragon, Discover a Dragon with a Dark Gift.",0f5ff3228679f893e9732cff625b5bf3b0f79584fc39b90ddace94f3f09a6475,legacy_compatibility,True,focused_or_regression_tests
EDR_457,114219,Brood Keeper,EMERALD_DREAM,WARRIOR,MINION,True,BATTLECRY,"Battlecry: If you're holding a Dragon, equip a 2/2 Sword.",4ec0df173d5e1de8a9da77b5882758c598cba3668c0feb3d210ea2c03eedfcaf,legacy_compatibility,True,focused_or_regression_tests
EDR_457t,117304,Nightmare Slicer,EMERALD_DREAM,WARRIOR,WEAPON,False,,,e3b0c44298fc1c149afbf4c8996fb92427ae41e4649b934ca495991b7852b855,not_implemented,False,missing
EDR_459,114243,Afflicted Devastator,EMERALD_DREAM,WARRIOR,MINION,True,"BATTLECRY,DEATHRATTLE",Battlecry: Deal 3 damage to all other friendly minions. Deathrattle: Deal 3 damage to all enemy minions.,bbe3d93a76adfd6b37d6d4d95667807df91dac4edf6429759ff0772077ac30aa,declarative,True,focused_or_regression_tests
EDR_460,114299,Wish of the New Moon,EMERALD_DREAM,PRIEST,SPELL,True,,Deal $6 damage to a minion. (Cast 3 spells to gain Lifesteal.),f35c682c4e374d77d2b8029a3dcc002a2b650865e9bcfee79c5c3725e641c079,not_implemented,False,missing
EDR_460t,114297,Wish of the Full Moon,EMERALD_DREAM,PRIEST,SPELL,False,LIFESTEAL,Lifesteal Deal $6 damage to a minion.,7415a28f14e2d71f1c3f053651d9cf4259ab3b56e287dcd6f7dbc3db09b2e6b3,not_implemented,False,missing
EDR_461,114300,Ritual of the New Moon,EMERALD_DREAM,PRIEST,SPELL,True,,Summon two random 3-Cost minions. (Cast 3 spells to summon 6-Cost minions instead.),c5b18e8d238881ef47b25b86ec2a56f16fbd479404df73b50a3362c92476d5ba,not_implemented,False,missing
EDR_461t,114493,Ritual of the Full Moon,EMERALD_DREAM,PRIEST,SPELL,False,,Summon two random 6-Cost minions.,63b16fc06cd5e8f7cb29bd24f3892e6b4f5b6fbf6b7f8742cd963228a1697dd4,not_implemented,False,missing
EDR_462,114308,Selenic Drake,EMERALD_DREAM,PRIEST,MINION,True,"ELUSIVE,TRIGGER_VISUAL","Elusive At the end of your turn, get a random Dragon.",ceea308cc620e428736cd935faea82fcb0767f8612f980f55ff2daa9744f33ff,not_implemented,False,missing
EDR_463,114310,Twilight Influence,EMERALD_DREAM,PRIEST,SPELL,True,CHOOSE_ONE,Choose One - Destroy a minion with 3 or less Attack; or Summon a random 2-Cost minion.,e1efad1be6f741ae1ec23d2bd975d3731ad7e0da3ed974f044f21d8b54a00da8,not_implemented,False,missing
EDR_463a,114311,Constricting Thorns,EMERALD_DREAM,PRIEST,SPELL,False,,Destroy a minion with 3 or less Attack.,0d0531feb458f5528206bb9078c50e5227091f7dcbb20b4b1083ca5a4050b363,not_implemented,False,missing
EDR_463b,114312,Controlling Vines,EMERALD_DREAM,PRIEST,SPELL,False,,Summon a random 2-Cost minion.,1f7bca7e7d1d1fe9832d558f6cbb9019c79cb5dab438e31afbd79b114e681ff6,not_implemented,False,missing
EDR_464,114326,Tyrande,EMERALD_DREAM,PRIEST,MINION,True,BATTLECRY,Battlecry: The next 3 spells you play cast twice.,d1bbec55ca5a197718773151d713ea9115a661a9c273b290101178a8a1000664,not_implemented,False,missing
EDR_464e2,115087,Pull of the Moon,EMERALD_DREAM,PRIEST,ENCHANTMENT,False,,Your next 3 spells cast twice.,2c3ab01ab286890e1519fd128ee1972deab8dabeb06544c2f6f2dcbf31f4ef5b,not_implemented,False,missing
EDR_465,114340,Ysondre,EMERALD_DREAM,WARRIOR,MINION,True,"DEATHRATTLE,TAUNT",Taunt. Deathrattle: Summon a random Dragon for each time Ysondre has died this game.,94ba87f4f7a09e6c2b661f0e3b548106a1f860cc2e294bf2ddb21e82c3449300,legacy_compatibility,True,focused_or_regression_tests
EDR_468,116293,Eggbasher,EMERALD_DREAM,WARRIOR,MINION,True,BATTLECRY,Battlecry: Deal 1 damage to a minion and give it +4 Attack.,5266aa0fb1469ab75341081eefbfec9bc7e8dd173bb665264c43212493f4860c,legacy_compatibility,True,focused_or_regression_tests
EDR_468e1,117305,Scrambled Attack,EMERALD_DREAM,WARRIOR,ENCHANTMENT,False,,+4 Attack.,a71c78593b36e0fc60dec65edc89ecce4edec7d132a0ae16cac34cead0a03965,not_implemented,False,missing
EDR_469,114344,Slumbering Sprite,EMERALD_DREAM,NEUTRAL,MINION,True,,"Starts Dormant. After you use your Hero Power, this awakens.",51921df2baf5731fe6390ea180f14d2b2b4b8289a2cfa0b4b30d78af851900b9,legacy_compatibility,True,focused_or_regression_tests
EDR_469e,114345,Knighttime,EMERALD_DREAM,NEUTRAL,ENCHANTMENT,False,TRIGGER_VISUAL,Dormant. Awaken after you use your Hero Power.,a7f75ca818f0a2792a676cc4ec10bd0e23879502419ee6c539b3953f669403c4,not_implemented,False,missing
EDR_470,114346,Barkshield Sentinel,EMERALD_DREAM,NEUTRAL,MINION,True,"TAUNT,TRIGGER_VISUAL","Taunt After you use your Hero Power, gain +2 Health.",1edba043a471d23d81e4de3540a9844b756743bd6944fd8de6bf931e19291868,not_implemented,False,missing
EDR_470e,114347,Alert,EMERALD_DREAM,NEUTRAL,ENCHANTMENT,False,,+2 Health.,4537d2f8b2241fa9afe523e83498ca53ffec37f32e64a1e49622488d8416d655,not_implemented,False,missing
EDR_471,114353,Tortolla,EMERALD_DREAM,WARRIOR,MINION,True,"ELUSIVE,TAUNT,TRIGGER_VISUAL","Taunt, Elusive After this takes damage, gain 1 Armor and give this minion +1 Attack.",5a0f66970361f8aed4607ef56b7b0fddccdff49eb600ec49c45956536d16e02a,legacy_compatibility,True,focused_or_regression_tests
EDR_471e,116019,Tortolla's Rage,EMERALD_DREAM,WARRIOR,ENCHANTMENT,False,,Increased Attack.,465f4dac097f321da78f34baa353d65664d6207924cee5b059a5dc22448009be,not_implemented,False,missing
EDR_472,114373,Weaver of the Cycle,EMERALD_DREAM,PRIEST,MINION,True,BATTLECRY,"Battlecry: If you're holding a spell that costs (5) or more, deal 3 damage.",f6ba596b6426724dacc0b0cafa2f9c1e6aafd9435aeb339efcc2a7e9465d6191,not_implemented,False,missing
EDR_476,114627,Moonwell,EMERALD_DREAM,PRIEST,SPELL,True,,Deal $4 damage to all enemy characters. Restore #4 Health to all friendly characters.,68a72c63f98620d5ff14808c867bd826955e0c20ce0758aa4bde7687160231f2,declarative,True,focused_or_regression_tests
EDR_477,114920,Glowroot Lure,EMERALD_DREAM,SHAMAN,MINION,True,TAUNT,Taunt. Costs (1) less for each time you used your Hero Power this game.,df1c5786d4002cae2b41274d566782a6a42023f78d7c37a3dff618322abfe852,not_implemented,False,missing
EDR_480,114254,Goldrinn,EMERALD_DREAM,HUNTER,MINION,True,"AURA,RUSH",Rush Friendly Beasts deal double damage.,ad2afce12bc9f9b0b0f1abef27f91a5f01583156dc042c29c9f6048c2624531e,legacy_compatibility,True,focused_or_regression_tests
EDR_480e,122477,Greatwolf's Ferocity,EMERALD_DREAM,HUNTER,ENCHANTMENT,False,,Deals double damage.,4449e39f30ac0ba2b038ac8c06250d2213765732a31d197c9f57de4ab970ec40,not_implemented,False,missing
EDR_481,114298,Mythical Runebear,EMERALD_DREAM,HUNTER,MINION,True,"BATTLECRY,TAUNT","Taunt. Battlecry: If this has 4 or more Attack, summon a copy of this.",25816e3d5ce726d4beacbe09ab39dde468d33ce09d20fef6c341177d7f317516,not_implemented,False,missing
EDR_482,115025,Rotten Apple,EMERALD_DREAM,WARLOCK,SPELL,True,,"Restore #12 Health to your hero. For the next 2 turns, deal $3 damage to your hero.",480bcd07e73e8eff2dea7f181747ad340d818c7d154adf30316eb8e6ed7432e5,not_implemented,False,missing
EDR_482e,115034,Fracture,EMERALD_DREAM,WARLOCK,ENCHANTMENT,False,,"At the end of your turn, deal $3 damage to your hero.",3ae310907c2f3c5b0edbe103980706cad11cc162cd7c0b05abac2d792451e47b,not_implemented,False,missing
EDR_483,115033,Fractured Power,EMERALD_DREAM,WARLOCK,SPELL,True,,"Destroy one of your Mana Crystals. In 2 turns, gain two.",ea185a931e794e728b64233caf5e6e77ef82fbdce2e5f0909e725dec54a782ad,not_implemented,False,missing
EDR_483e,117219,Delayed Mana,EMERALD_DREAM,WARLOCK,ENCHANTMENT,False,,Gain 2 mana in 2 turns.,899bb2ad84c2184bc2b71450ee70b7e96a2bfd99024c23629576db95105e38ec,not_implemented,False,missing
EDR_484,115037,Scavenging Flytrap,EMERALD_DREAM,NEUTRAL,MINION,True,TRIGGER_VISUAL,"After a minion dies, gain its Attack.",b53663698c59b29ba79fa70e305e3fa0488f47ff7b5b34b674de319228885d66,not_implemented,False,missing
EDR_484e,115038,Scavenging,EMERALD_DREAM,NEUTRAL,ENCHANTMENT,False,,Increased Attack.,465f4dac097f321da78f34baa353d65664d6207924cee5b059a5dc22448009be,not_implemented,False,missing
EDR_485,115039,Rotheart Dryad,EMERALD_DREAM,WARLOCK,MINION,True,DEATHRATTLE,Deathrattle: Draw a minion that costs (7) or more.,b5343dd5ec20e804fb297868e6e4b62def2f204ac2511910a52ab9065a1e0e0c,declarative,True,focused_or_regression_tests
EDR_486,115041,Scorching Observer,EMERALD_DREAM,NEUTRAL,MINION,True,"LIFESTEAL,RUSH",Rush Lifesteal,4497ca4053e4e84af22c4bc912ec661a6aa531245f251a7ad5cbe11854540ecd,legacy_compatibility,True,focused_or_regression_tests
EDR_487,115044,"Wallow, the Wretched",EMERALD_DREAM,WARLOCK,MINION,True,,"While this is in your hand or deck, it gains a copy of every Dark Gift given to your minions.",51153ab15bf5afe708a69647fa71a75db642a26215f1caa4f536d05012e57798,not_implemented,False,missing
EDR_488,115086,Avant-Gardening,EMERALD_DREAM,WARLOCK,SPELL,True,DISCOVER,Discover a Deathrattle minion with a Dark Gift.,07348e58ff9044f8733b076f491052882e1e92be5f19521748bfd9ca42b50fda,not_implemented,False,missing
EDR_489,115203,Agamaggan,EMERALD_DREAM,WARLOCK,MINION,True,BATTLECRY,Battlecry: The next card you play costs your OPPONENT'S Health instead of Mana (up to 10).,adfb1a3aae2aacc29d02e0d67929604d95c2a79b7e82853bfa08e88f36b0f524,not_implemented,False,missing
EDR_489e1,116678,Corrupted Thorns,EMERALD_DREAM,WARLOCK,ENCHANTMENT,False,,The next card you play costs your OPPONENT's health instead of mana.,173f01411ef6645983ef1a2d1f75959df55550dc9f6ed13963d6ded1039d2a8b,not_implemented,False,missing
EDR_489e2,120560,Corrupted Thorns,EMERALD_DREAM,NEUTRAL,ENCHANTMENT,False,,The next card you play costs your OPPONENT's health instead of mana.,173f01411ef6645983ef1a2d1f75959df55550dc9f6ed13963d6ded1039d2a8b,not_implemented,False,missing
EDR_490,115215,Sleep Paralysis,EMERALD_DREAM,WARLOCK,SPELL,True,CHOOSE_ONE,Choose One - Summon two 3/6 Demons with Taunt that can't attack; or Destroy an enemy minion.,bc524a41465358119dd0339412ed555e9020b53b1bc78a1723c524a06d717a96,not_implemented,False,missing
EDR_490a,115217,Figure in the Dark,EMERALD_DREAM,WARLOCK,SPELL,False,,Summon two 3/6 Demons with Taunt that can't attack.,6cf20b63305ee81260c139af91304b6042fbb66ee4b961f5af648c107685a166,not_implemented,False,missing
EDR_490b,115216,Wit's End,EMERALD_DREAM,WARLOCK,SPELL,False,,Destroy an enemy minion.,72562e1de706442e27e115722d5e083e43f949be4b3c6d3c9503cafff3522041,not_implemented,False,missing
EDR_490t,115937,Night Terror,EMERALD_DREAM,WARLOCK,MINION,False,"CANT_ATTACK,TAUNT",Taunt Can't attack.,ec4fa29b79ceddcb003b4bbd48bf6ac132a28dfd454e430148066b477dc0e89b,not_implemented,False,missing
EDR_491,115307,Archdruid of Thorns,EMERALD_DREAM,WARLOCK,MINION,True,BATTLECRY,Battlecry: Gain the Deathrattles of your minions that died this turn.,c263ee93cd8184f25c46db1b34bf4d63c14a60beedef40e4541dcde61d9f78cb,not_implemented,False,missing
EDR_491e,119206,Devoured Soul,EMERALD_DREAM,WARLOCK,ENCHANTMENT,False,,Copied Deathrattle from {0}.,e8296038706ca74376158b4f87ac9e5979953da8ad487bae24879378fa4a6dde,not_implemented,False,missing
EDR_492,115365,Mother Duck,EMERALD_DREAM,NEUTRAL,MINION,True,BATTLECRY,Battlecry: Summon three 1/1 Ducklings with Rush.,5564a0b513f466aea8de8f3ab846f36722e5704dc4a8253c61549858a75aa6f0,declarative,True,focused_or_regression_tests
EDR_492t,117208,Duckling,EMERALD_DREAM,NEUTRAL,MINION,False,RUSH,Rush,34ebcd9fcba8b65689b051c3005a425f2d253adfaf42ff0f9cf99487762df7de,legacy_compatibility,True,focused_or_regression_tests
EDR_493,115928,Alara'shi,EMERALD_DREAM,DEMONHUNTER,MINION,True,BATTLECRY,Battlecry: Transform minions in your hand into random Demons. (They keep their original stats and Cost.),df636cd499953089f864c0a7d2f5312fb49691f69864d2e87a906230d1de5a2e,legacy_compatibility,True,focused_or_regression_tests
EDR_493e,121181,Demon Cost,EMERALD_DREAM,NEUTRAL,ENCHANTMENT,False,,Adjusted Cost.,2cec81959f75becf70dbca726f0fefe918e7ad0c3b7dc197bed07f150ce1c3c1,not_implemented,False,missing
EDR_493e2,118275,Demon Form,EMERALD_DREAM,DEMONHUNTER,ENCHANTMENT,False,,Adjusted stats and Cost.,7fac3cea86e851ae28424be0efde21cdf616d1f735fb2f1fbc84ea7fa98a132d,not_implemented,False,missing
EDR_494,117498,Hungering Ancient,EMERALD_DREAM,WARLOCK,MINION,True,"DEATHRATTLE,TRIGGER_VISUAL","At the end of your turn, eat a minion in your deck and gain its stats. Deathrattle: Add them to your hand.",35172585104e8b77ccf405133e3c97eaa2cf82698c3bb47fb9405c9136dea88c,not_implemented,False,missing
EDR_494e,120498,Feed Me!,EMERALD_DREAM,ROGUE,ENCHANTMENT,False,,Destroyed {0} and gained its stats.,c0949505682f64ea93d0c4284721ed0e9eeb2c2b0b584b7e9bf22ba4e3f634a4,not_implemented,False,missing
EDR_495,115027,Twisted Treant,EMERALD_DREAM,NEUTRAL,MINION,True,DEATHRATTLE,Deathrattle: Give a random minion in each player's hand -2 Attack.,181f6189e794cee4099e653f36ca6e53a9ab610763b4c612958b90bff143e184,not_implemented,False,missing
EDR_495e,115031,Twisted,EMERALD_DREAM,NEUTRAL,ENCHANTMENT,False,,-2 Attack.,51040be6e53f5e9ca8ff2dbccca5b68a38dba416b9c64d5ba3985c7787803d19,not_implemented,False,missing
EDR_500,120511,Fleeing Treant,EMERALD_DREAM,NEUTRAL,MINION,False,BATTLECRY,Battlecry: Imbue your Hero Power. Your next one costs (0).,eaaae69df335fb012a2b8ee69f2241ce7473e22036d0c94d4f1267fee4588793,not_implemented,False,missing
EDR_500e,120512,"Run, Forest!",EMERALD_DREAM,NEUTRAL,ENCHANTMENT,False,,Your Hero Power costs (0).,6a1ab273fd60d1df6d13ad87134348658483bdc130a160dc2d72e6fd467be1e5,not_implemented,False,missing
EDR_517,114287,Q'onzu,EMERALD_DREAM,MAGE,MINION,True,"BATTLECRY,DISCOVER",Battlecry: Discover a spell. Choose to keep it or put it on top of your opponent's deck.,fce9685f1a00ed84a9a0be5a5b1269a3911e5d9b0553d9873a4e81708e112dc9,not_implemented,False,missing
EDR_517A,116500,Tranquil Breeze,EMERALD_DREAM,MAGE,SPELL,False,,Keep the spell.,080adc9dc009cb7ad502782149a1849f67f82b3d1296cd21092ed28427747912,not_implemented,False,missing
EDR_517B,116501,Winds of Change,EMERALD_DREAM,MAGE,SPELL,False,,Put it on top of your opponent's deck.,3912e30b276f40e1f20001e300d85bed19ea96b51e196a66fc5c1a5bbcbae73c,not_implemented,False,missing
EDR_518,114289,Living Garden,EMERALD_DREAM,SHAMAN,MINION,True,BATTLECRY,Battlecry: Imbue your Hero Power. Reduce the Cost of a minion in your hand by (1).,32ea1d3e542c745a9b5ae51a055b35a71e2b33f3110e347af732397fcc4d573c,not_implemented,False,missing
EDR_519,114292,Wisprider,EMERALD_DREAM,MAGE,MINION,True,BATTLECRY,"Battlecry: Imbue your Hero Power, then trigger it.",4f173e822e6e5dc1379e3817bf1e30da238a938396d0569c20c6240b77824d3f,not_implemented,False,missing
EDR_519e,115924,Wisprider Magic,EMERALD_DREAM,MAGE,ENCHANTMENT,False,,Increased Stats,ebc2980fc1feea6ebc383b46a3747080d068539644701ec9de412c695a99415e,not_implemented,False,missing
EDR_520,114293,Forbidden Shrine,EMERALD_DREAM,MAGE,LOCATION,True,,Spend all your Mana. Cast a random spell that costs that much.,7346e2ed08e4ff53981a65f0712ecc6ffda89e7fff14ef1ac1e746cbe66d6093,not_implemented,False,missing
EDR_520e,114970,Luminosity,EMERALD_DREAM,MAGE,ENCHANTMENT,False,TAG_ONE_TURN_EFFECT,Your next spell this turn has Spell Damage +3.,b2476a9bd312b6fbf79bd7647971918d0ab49c1bb16d00be82a4f4de206863cb,not_implemented,False,missing
EDR_521,114505,Tricky Satyr,EMERALD_DREAM,ROGUE,MINION,True,BATTLECRY,Battlecry: Get a copy of the lowest Cost card in your opponent's hand.,8de33a4735235593ceb505ed5981291c361f54a5d343377c12f23913cfcd59bb,legacy_compatibility,True,focused_or_regression_tests
EDR_521e1,120094,Tricky,EMERALD_DREAM,DEMONHUNTER,ENCHANTMENT,False,,+1 Attack.,da9702f303d6e735aba7c40477f38a1b7f086b28e4b9a0ae105228e6b77720fe,not_implemented,False,missing
EDR_521e2,120095,Tricked,EMERALD_DREAM,DEMONHUNTER,ENCHANTMENT,False,,-1 Attack.,f943999f4793390fbddb92e5d8700f1ac9542ac72cc7709906aeee9b811dc691,not_implemented,False,missing
EDR_522,114508,Mimicry,EMERALD_DREAM,ROGUE,SPELL,True,,Your opponent draws 2 cards. You get copies of them.,33b867c9c21a1482eeed66b3a5123dc5b8956535bf1dbc03699d9c9ede1efb3e,not_implemented,False,missing
EDR_523,114510,Web of Deception,EMERALD_DREAM,ROGUE,SPELL,True,,Return a friendly minion to your hand to summon a 4/4 Spider with Stealth.,05f2358f9e53301099ef1530fa8c526d2af11b277475a5d23939d6f9cc05c73b,not_implemented,False,missing
EDR_523t,114512,Skittering Spiderling,EMERALD_DREAM,ROGUE,MINION,False,STEALTH,Stealth,526a40a447ddd7aa52d34bb62dbf1da04dc4aba8403769d239ade80893ffef7a,not_implemented,False,missing
EDR_524,114514,Shadowcloaked Assailant,EMERALD_DREAM,ROGUE,MINION,True,BATTLECRY,"Battlecry: If you're holding one of the same cards as your opponent, shuffle theirs into their deck.",de37b997e2d1e3814537c1e74dd45e036b95434b1326eca1e7bd0044873e424e,legacy_compatibility,True,focused_or_regression_tests
EDR_525,114517,Barbed Thorn,EMERALD_DREAM,ROGUE,WEAPON,True,CHOOSE_ONE,"Choose One - Gain Poisonous this turn; or Gain ""Deathrattle: Deal 2 damage to all enemies.""",25ebcdaf625e42dc235f2e40e0fa6c1d8e1d7a186928bbd2b428cc8d422534e2,not_implemented,False,missing
EDR_525A,117240,Extra Eyes,EMERALD_DREAM,ROGUE,SPELL,False,,Gain Poisonous this turn.,e358c9fdbd64c64bdaa3c50ba61aa4ff48051d5177432edea93732528018dfd6,not_implemented,False,missing
EDR_525B,117241,Extra Thorns,EMERALD_DREAM,ROGUE,SPELL,False,,"Gain ""Deathrattle: Deal 2 damage to all enemies.""",2742220765f46f2ddfb291dc3302619057ec416d8d476f2e7f5fa84fd96b0ff7,not_implemented,False,missing
EDR_525e,117239,Barbed Upgrade,EMERALD_DREAM,ROGUE,ENCHANTMENT,False,,Deathrattle: Deal 2 damage to all enemies.,7bdc43c8ffd5711dc29e5df77d8ad6e9f34b3242115a22d5d29d9c0e08625450,not_implemented,False,missing
EDR_525e1,120013,Corrupted Toxins,EMERALD_DREAM,HUNTER,ENCHANTMENT,False,,Poisonous this turn.,7a4c6636765288a5d72abe6095b00e9e65654932792bc9e4f8cf29497ce9fada,not_implemented,False,missing
EDR_526,114518,"Renferal, the Malignant",EMERALD_DREAM,ROGUE,MINION,True,BATTLECRY,Battlecry: Trap 1 random card in your opponent's hand for a turn. (Improved for each time you've played this.),07f3c4df2d4864ff8882a3a43a984366d025afc4cbdd5d2de8309d4ed8b45f15,not_implemented,False,missing
EDR_526e,120480,Webbed!,EMERALD_DREAM,SHAMAN,ENCHANTMENT,False,,Can't be played for a turn.,6856abfa0ec5172661de0d58d21d596261f94587578b6441e2046219c3ef7f10,not_implemented,False,missing
EDR_527,114527,Ashamane,EMERALD_DREAM,ROGUE,MINION,True,BATTLECRY,Battlecry: Fill your hand with copies of cards from your opponent's deck. They cost (3) less.,90cfb1744d57f06ab28ddbfd067b34b9b995bc3bc7a75454e0d6808c3d1a9e70,not_implemented,False,missing
EDR_528,115088,Nightmare Fuel,EMERALD_DREAM,ROGUE,SPELL,True,"COMBO,DISCOVER",Discover a copy of a minion in your opponent's deck. Combo: With a Dark Gift.,8aecc42464f4105d7adf5daa8b84ccafebd757ae51dcddb0751c2678b1d0a45b,not_implemented,False,missing
EDR_529,115295,Plucky Podling,EMERALD_DREAM,SHAMAN,MINION,True,TRIGGER_VISUAL,"If this would transform into a minion, it transforms into one that costs (2) more.",98ca18291229a312d4b80b5df6d8846baa0f6cd4c011e2f944efa79fdf2b71d2,legacy_compatibility,True,focused_or_regression_tests
EDR_530,115364,Daydreaming Pixie,EMERALD_DREAM,NEUTRAL,MINION,True,TRIGGER_VISUAL,"At the end of your turn, get a random Nature spell.",db31979bf2a592c334d3f02baef8ad0408450e035ef1eb9b2ee8c78df16db67a,not_implemented,False,missing
EDR_531,116684,Siphoning Growth,EMERALD_DREAM,WARRIOR,SPELL,True,,Destroy a friendly minion to gain 8 Armor.,8ec687b5385f22d31cbf7ecc65f2d8c3e35633e3aa25d63c7b92b19e93bad7ea,not_implemented,False,missing
EDR_531e,120093,Siphoned Growth,EMERALD_DREAM,WARRIOR,ENCHANTMENT,False,,+2 Attack. This minion's Deathrattles trigger twice.,a76bfb96ba1bb6e49e69e0715e6bece2f32703ab74c3a671578d0061717e7025,not_implemented,False,missing
EDR_540,115612,Twisted Webweaver,EMERALD_DREAM,ROGUE,MINION,True,TRIGGER_VISUAL,"Whenever you play another minion you've already played, draw a card.",4cbcd0a4881e0951742ca24004b9c01f362713c360e816e125ceaf2fb816a263,not_implemented,False,missing
EDR_570,116660,Ominous Nightmares,EMERALD_DREAM,WARRIOR,SPELL,True,CHOOSE_ONE,Choose One - Deal $1 damage to all minions; or Give a damaged minion +2/+2.,16165775517569d7e69cdf5df37db184f8c3f0b62331433ef639272a2b3906ba,not_implemented,False,missing
EDR_570A,116661,Nightmarish Burst,EMERALD_DREAM,WARRIOR,SPELL,False,,Deal $1 damage to all minions.,332d278fff06db354f0c9c72c3b45dc517431502585d0f1a4c4cdd796660eb9a,not_implemented,False,missing
EDR_570B,116662,Unstable Power,EMERALD_DREAM,WARRIOR,SPELL,False,,Give a damaged minion +2/+2.,3eb16f59576637ba30b02dc3ff076f678d6a44785dc0e63967c756d0f26f3d35,not_implemented,False,missing
EDR_570e,116665,Terror of the Night,EMERALD_DREAM,WARRIOR,ENCHANTMENT,False,,+2/+2.,6496ac6ee3bdc68621e62fed137957624c2b0bd825dd961051f0d8c2f5e4eb44,not_implemented,False,missing
EDR_571,116672,Fae Trickster,EMERALD_DREAM,NEUTRAL,MINION,True,DEATHRATTLE,Deathrattle: Draw a spell that costs (5) or more.,c55616658f1251e441e2a9403b81e7271dd440e7c3bd53c01aab823cfc2d51c9,declarative,True,focused_or_regression_tests
EDR_572,116673,Tormented Dreadwing,EMERALD_DREAM,NEUTRAL,MINION,True,DEATHRATTLE,Deathrattle: Draw 2 Dragons. Reduce their Costs by (1).,a70029bc77d85bac931a079ee8ed3ac3751e2d8c1c791c0697236227aa50ea1f,declarative,True,focused_or_regression_tests
EDR_598,117420,Dream Rager,EMERALD_DREAM,NEUTRAL,MINION,True,ELUSIVE,Elusive,b22d58e783495e79ad2cbe289b1e2b0e31dce1f1912a2420df0775e6cdf04cb5,not_implemented,False,missing
EDR_654,118250,Overgrown Horror,EMERALD_DREAM,WARLOCK,MINION,True,"BATTLECRY,TAUNT",Taunt Battlecry: Reduce the Cost of minions in your hand with Dark Gifts by (2).,cadbdf59bfcd7fcaca3cc3be643ea7abb4eba67c61ce29b8880d54f82734af62,not_implemented,False,missing
EDR_654e,120206,Overgrown,EMERALD_DREAM,WARLOCK,ENCHANTMENT,False,,+5 Health.,01b76fb2fccdae0262e84f203cb16e4aabf01d8c440f7541b20f02fd170f142e,not_implemented,False,missing
EDR_780,115174,Bloodthistle Illusionist,EMERALD_DREAM,NEUTRAL,MINION,True,BATTLECRY,Battlecry: Summon a copy of this. One secretly dies when it takes damage.,a7d77731feee4052263da401cc8a40cd93941fd0b7a5df1eeba0d1ce3ec38346,legacy_compatibility,True,focused_or_regression_tests
EDR_780e,115175,Illusion?,EMERALD_DREAM,ROGUE,ENCHANTMENT,False,,This might be an illusion that dies when it takes damage.,1af6d3341fbb604dc0eb8d2ded6eec0ebd037b812934111a8186d33e470effb5,not_implemented,False,missing
EDR_780e1,117301,Illusion?,EMERALD_DREAM,NEUTRAL,ENCHANTMENT,False,,This might be an illusion that dies when it takes damage.,1af6d3341fbb604dc0eb8d2ded6eec0ebd037b812934111a8186d33e470effb5,not_implemented,False,missing
EDR_781,115176,Harbinger of the Blighted,EMERALD_DREAM,ROGUE,MINION,True,,"Whenever this enters your hand from the battlefield, summon two random 2-Cost minions.",44728dd73d1c427abd627307bb4ae01aad1de5ec0f9312743f0410fb5a6b5a87,not_implemented,False,missing
EDR_800,114006,Flutterwing Guardian,EMERALD_DREAM,NEUTRAL,MINION,True,"BATTLECRY,DIVINE_SHIELD,TAUNT","Taunt, Divine Shield Battlecry: Imbue your Hero Power.",553969aad838d321b484729c9096e8867c80d426be9f897de2ffbf5d3560b68d,not_implemented,False,missing
EDR_804,114012,Divination,EMERALD_DREAM,MAGE,SPELL,True,,Destroy a friendly Wisp to draw 3 cards.,1ecde26f60164f95dd5829ab95b08195fb581ec8d8d49f4994a30178e842a0e5,not_implemented,False,missing
EDR_810,114301,Hideous Husk,EMERALD_DREAM,DEATHKNIGHT,MINION,True,"AURA,BATTLECRY",Your Leeches steal 1 more Health from their victims. Battlecry: Summon two 0/2 Leeches.,641b05e7c26300ce373bc08c3bc6de8325af3d60ce7ec757d995ffdd6e7520be,declarative,True,focused_or_regression_tests
EDR_810e,114969,Blood Sucker,EMERALD_DREAM,DEATHKNIGHT,ENCHANTMENT,False,,Reduced Health.,4dd4acb85099f9188ad0e06e8b4da63b7d0f83b53d93b6dd3aa4a3051acc95a1,not_implemented,False,missing
EDR_810e2,118713,Blood Soaked,EMERALD_DREAM,DEATHKNIGHT,ENCHANTMENT,False,,Increased Health.,0a095116cbb96492ee4587258e88f9f9ab41df735339655f8787bdaa56f08dd0,not_implemented,False,missing
EDR_810t,114302,Bloated Leech,EMERALD_DREAM,DEATHKNIGHT,MINION,False,TRIGGER_VISUAL,"At the end of your turn, your hero steals 1 Health from the lowest Health enemy.",ab8502eaea681ae8dd22629522d8785e0e226e3c8f9067d70d18686ebb2969e7,legacy_compatibility,True,focused_or_regression_tests
EDR_811,114303,Rite of Atrocity,EMERALD_DREAM,DEATHKNIGHT,SPELL,True,DISCOVER,Discover an Undead. Spend 2 Corpses to give it a Dark Gift.,99a0639b770b903fce6e127d1197a97522fc8025b5ace6db6cfc4db110fca33e,not_implemented,False,missing
EDR_812,114304,Grotesque Runeblade,EMERALD_DREAM,DEATHKNIGHT,WEAPON,True,BATTLECRY,"Battlecry: If the last card you played had an Unholy rune, gain +1 Attack. Repeat for Blood and +1 Durability.",1141af4bdd0cba275dfd24dc34ab557e64c0431573ec5bd67fe7a9eb2e4670ac,not_implemented,False,missing
EDR_812e,120207,Unholy Corruption,EMERALD_DREAM,NEUTRAL,ENCHANTMENT,False,,+1 Attack.,da9702f303d6e735aba7c40477f38a1b7f086b28e4b9a0ae105228e6b77720fe,not_implemented,False,missing
EDR_812e1,120092,Bloody Corruption,EMERALD_DREAM,NEUTRAL,ENCHANTMENT,False,,+1 Durability.,9a1c4c7b5e382080dedd3946cedc8d7e72f519bc3319dc507b02db0c7271533b,not_implemented,False,missing
EDR_813,114967,Morbid Swarm,EMERALD_DREAM,DEATHKNIGHT,SPELL,True,CHOOSE_ONE,Choose One - Summon two 1/1 Ants; or Spend 2 Corpses to deal $4 damage to a minion.,0fc7c2e4c3e256efb1ce067a32b172aa08853a3e90d52fd2539932e0363aa115,not_implemented,False,missing
EDR_813a,115797,Contaminated Colony,EMERALD_DREAM,DEATHKNIGHT,SPELL,False,,Summon two 1/1 Ants.,b4bed713c8fc94b2328ffef47d7a97d39a14995cca11affe4df75e97a1648faa,not_implemented,False,missing
EDR_813at,117526,Ant Husk,EMERALD_DREAM,DEATHKNIGHT,MINION,False,,,e3b0c44298fc1c149afbf4c8996fb92427ae41e4649b934ca495991b7852b855,not_implemented,False,missing
EDR_813b,117525,Bug Bites,EMERALD_DREAM,DEATHKNIGHT,SPELL,False,,Spend 2 Corpses to deal $4 damage to a minion.,189bdce4756415239918493c82473cbf106e74bb6e6818ed42b6eb151e5f097a,not_implemented,False,missing
EDR_814,114305,Infested Breath,EMERALD_DREAM,DEATHKNIGHT,SPELL,True,,Deal $2 damage. Summon a 0/2 Leech.,3c47b9606779610ca6496f1be6eedfbd339aba8ba22a87b307ba4089ed6cd529,not_implemented,False,missing
EDR_815,114306,Corpse Flower,EMERALD_DREAM,DEATHKNIGHT,MINION,True,TRIGGER_VISUAL,"After your opponent summons a minion, spend 2 Corpses to deal 3 damage to it.",f7a16d9bd786d748b208a2731c7ac340abd22fffe762b8ef618421f08f5b73c7,not_implemented,False,missing
EDR_816,116296,Monstrous Mosquito,EMERALD_DREAM,DEATHKNIGHT,MINION,True,TRIGGER_VISUAL,"At the end of your turn, give your other minions +1 Attack.",86b48490047064663f88e492fd7d620f96af3a11ffb20ac9d2bd474981b66e98,legacy_compatibility,True,focused_or_regression_tests
EDR_816e,116885,Shared Blood,EMERALD_DREAM,DEATHKNIGHT,ENCHANTMENT,False,,+1 Attack.,da9702f303d6e735aba7c40477f38a1b7f086b28e4b9a0ae105228e6b77720fe,not_implemented,False,missing
EDR_817,114966,Sanguine Infestation,EMERALD_DREAM,DEATHKNIGHT,SPELL,True,,Draw 2 cards. Summon two 0/2 Leeches.,7573c426ccd86a230bae304073b67db50be7fc4064c307178d33a5de5cc36d68,not_implemented,False,missing
EDR_818,114307,Nythendra,EMERALD_DREAM,DEATHKNIGHT,MINION,True,"DEATHRATTLE,TAUNT","Taunt. Deathrattle: Split into 1/1 Beetles. At the start of your turn, reform with any remaining.",e3301afaa2f1448f7119a4963da1ac25523c8ab1dd881479e9f25817eb3aa020,legacy_compatibility,True,focused_or_regression_tests
EDR_818t,114313,Nythendric Beetle,EMERALD_DREAM,DEATHKNIGHT,MINION,False,TRIGGER_VISUAL,"At the start of your turn, combine with any other friendly Beetles and reform Nythendra.",bcbf7adaf6695a81a484c5365048874ca7bfb85d9ba61d94a056abe416ffadd6,not_implemented,False,missing
EDR_819,116018,Ursoc,EMERALD_DREAM,DEATHKNIGHT,MINION,True,"BATTLECRY,DEATHRATTLE",Battlecry: Attack ALL other minions. Deathrattle: Resurrect any this killed.,c660c6d980899c2b8088bf5d43b6e8be20953d64dfb26c959a4071e1c7b577ed,not_implemented,False,missing
EDR_819e,118743,Defeated Spirit,EMERALD_DREAM,DEATHKNIGHT,ENCHANTMENT,False,,{0},a00644508de97e85263c9d0cd67e63d3c3b5d733bcaddc65b110e501ad5a7b73,not_implemented,False,missing
EDR_820,115198,Wyvern's Slumber,EMERALD_DREAM,DEMONHUNTER,SPELL,True,CHOOSE_ONE,Choose One - Summon two Dormant Dreadseeds; or Deal $2 damage to all minions.,977e4ad382bfb10c27a00042a1f99db6189c7c961f788947d67fb5c442bccca1,not_implemented,False,missing
EDR_820a,115200,Encroaching Fear,EMERALD_DREAM,DEMONHUNTER,SPELL,False,,Summon two random Dormant Dreadseeds.,a5f1e70d560f645906f9c2a6d92a449e6a5774440093c0e5831c33b7f6460467,not_implemented,False,missing
EDR_820b,115201,Awoken Darkness,EMERALD_DREAM,DEMONHUNTER,SPELL,False,,Deal $2 damage to all minions.,29d8d69660e6efa051f2e502546136a9be19cbb17eeeaa3539cf26a20e7a5f14,not_implemented,False,missing
EDR_840,114654,Grim Harvest,EMERALD_DREAM,DEMONHUNTER,SPELL,True,,Draw a card. Summon a random Dormant Dreadseed.,02311ceef8f85af55f00b9ac4f31f0de163d04d26979b9b645a8f2cf356fa574,not_implemented,False,missing
EDR_840t,114655,Hound Dreadseed,EMERALD_DREAM,DEMONHUNTER,MINION,False,,"Dormant for 2 turns. When this awakens, give your hero +3 Attack this turn.",a989cbb9547d303bb81f64c84abb92970f49a398bb1c941f11fe6a9cd7a7b071,not_implemented,False,missing
EDR_840t1,114658,Crow Dreadseed,EMERALD_DREAM,DEMONHUNTER,MINION,False,ELUSIVE,Elusive Dormant for 1 turn.,dd7d3d47d783f4206b1d7d504b7c7c62a2d541144da6f75e9bd8913848b0f788,not_implemented,False,missing
EDR_840t1e,114656,Dreaming Hound,EMERALD_DREAM,DEMONHUNTER,ENCHANTMENT,False,TRIGGER_VISUAL,Dormant. Awaken in 2 turns.,d95dc183f46ec5710e328dcbe0c35b7ec694ba39f7352b80f1b4a838b3a71634,not_implemented,False,missing
EDR_840t1e1,114660,Dreaming Crow,EMERALD_DREAM,DEMONHUNTER,ENCHANTMENT,False,TRIGGER_VISUAL,Dormant. Awaken in 1 turn.,95bbf7304a579ff3317fa2227ef6d3bb965d88b1be0eb8b1e2f3148fdfd9f585,not_implemented,False,missing
EDR_840t2,114661,Serpent Dreadseed,EMERALD_DREAM,DEMONHUNTER,MINION,False,"LIFESTEAL,TAUNT","Taunt, Lifesteal Dormant for 3 turns.",4ee1efc54ddd9b41f84a9789d4c176a7d2cccdb38f1d10514c00ba76974c9ef7,not_implemented,False,missing
EDR_840t2e1,114662,Dreaming Serpent,EMERALD_DREAM,DEMONHUNTER,ENCHANTMENT,False,TRIGGER_VISUAL,Dormant. Awaken in 3 turns.,3b30e0a566ef0310a7afd8d72c0e92c700e92715572a5dacced91e39b329c92d,not_implemented,False,missing
EDR_840te,114659,Hound's Fangs,EMERALD_DREAM,DEMONHUNTER,ENCHANTMENT,False,TAG_ONE_TURN_EFFECT,+3 Attack this turn.,9923f8325e11a65972b4ba5dac47bb0432d12c32c9e4c6a58e0ceef89effa6fd,not_implemented,False,missing
EDR_841,114663,Dreadsoul Corrupter,EMERALD_DREAM,DEMONHUNTER,MINION,True,"BATTLECRY,DEATHRATTLE",Battlecry and Deathrattle: Summon a random Dormant Dreadseed.,a570179d11872113e834459e3f78780c3551eae2f334988a8cc9f00195be9287,not_implemented,False,missing
EDR_842,114844,Defiled Spear,EMERALD_DREAM,DEMONHUNTER,WEAPON,True,TRIGGER_VISUAL,"After your hero attacks an enemy, deal your hero's Attack damage to another random enemy.",990709e1bebdaf2ecdb58141f4aa8b9424f129ca788a6873bf1751fb4ae1fa95,not_implemented,False,missing
EDR_843,114848,Reforestation,EMERALD_DREAM,DRUID,SPELL,True,CHOOSE_ONE,Choose One - Draw a spell; or Draw a minion. (Hold this for 3 turns to do both!),c9da8cf2494ee4eb68ece3b15b8c10838c8761a0641969a8165049fe4335c65d,not_implemented,False,missing
EDR_843a,115932,Aid of the Forest,EMERALD_DREAM,DRUID,SPELL,False,,Draw a spell.,61ef74c6d0ae717bf7db7750dbb60c1a9f8edde0f2ab8cfb0d4c2156e08dabb7,not_implemented,False,missing
EDR_843b,115933,Fertilize,EMERALD_DREAM,DRUID,SPELL,False,,Draw a minion.,91a03a92500489b20a6e84af48e50da125b96ea973b068a89960efebfb61e7bf,not_implemented,False,missing
EDR_843t1,117402,Reforestation,EMERALD_DREAM,DRUID,SPELL,False,,Draw a spell and a minion.,3859eb1aecd8a20a6580cb5cd03a335abd99224b22c3e97cac4c00b038285419,not_implemented,False,missing
EDR_844,114849,"Naralex, Herald of the Flights",EMERALD_DREAM,NEUTRAL,MINION,True,AURA,Your first Dragon each turn costs (1).,53682c7c07f3178164d0f71c16ac863a6f60885eedf7d07938d311a9ae9875c8,legacy_compatibility,True,focused_or_regression_tests
EDR_845,114858,Hamuul Runetotem,EMERALD_DREAM,DRUID,MINION,True,START_OF_GAME_KEYWORD,"Start of Game: If each spell in your deck is Nature, Imbue your Hero Power. Repeat this every 3 spells you cast.",09bbaace833573272e6a920dd38f0c2d79ec881754637b9c1ffd93ab09826ef1,not_implemented,False,missing
EDR_845e1,117403,Runetotem's Favor,EMERALD_DREAM,DRUID,ENCHANTMENT,False,TRIGGER_VISUAL,"After you cast three spells, Imbue your Hero Power. (3 left!)",c36ee99556b83b1a3043a12c453b3262bffb270c1d75082826b0606079c02dd6,not_implemented,False,missing
EDR_846,115090,Shaladrassil,EMERALD_DREAM,NEUTRAL,SPELL,True,,"Get all 5 Dream cards. If you've played a higher Cost card while holding this, corrupt them!",73626d752d287cd5ec3ca565213245885a739a4629e73a20b2dd9310247eb59b,declarative,True,focused_or_regression_tests
EDR_846t1,115096,Corrupted Nightmare,EMERALD_DREAM,DREAM,SPELL,False,,Give a minion Immune this turn and +5/+5.,b1d73d9f1746fcd7e5b27025155a2dbaae5fcbb397d3f95dd8f23f566ebf3df4,declarative,True,focused_or_regression_tests
EDR_846t1e,115097,Nightmare,EMERALD_DREAM,NEUTRAL,ENCHANTMENT,False,,+5/+5.,96c2da060cc4cc95b680ff54aa5da2770aad57b28a975232f41679704bce410a,not_implemented,False,missing
EDR_846t2,115095,Corrupted Dream,EMERALD_DREAM,DREAM,SPELL,False,,Shuffle a minion into its owner's deck.,8273cab98ff712e4dbbe5dd4e9b8995f4e3ab327dd3af82b99d5fccbb74b5fff,declarative,True,focused_or_regression_tests
EDR_846t3,115092,Corrupted Laughing Sister,EMERALD_DREAM,DREAM,MINION,False,ELUSIVE,Elusive Your hero is Elusive.,53b1cba56f9ee3227864a790fddf86e03f1ecedceae8ead0794bedf5bcc1aec7,legacy_compatibility,True,focused_or_regression_tests
EDR_846t3e,118553,Laughing,EMERALD_DREAM,NEUTRAL,ENCHANTMENT,False,,Corrupted Laughing Sister grants Elusive.,b6258cb9f8e0119f9b4a472e488215ab0470ddff255830869ac3ace764fbb759,not_implemented,False,missing
EDR_846t4,115093,Corrupted Awakening,EMERALD_DREAM,DREAM,SPELL,False,,Deal $5 damage to all enemies. (ESPECIALLY Ysera!),b30e02e812d62ae27d625b1ea6700663628579750675a31e292e972e39c0f1d6,declarative,True,focused_or_regression_tests
EDR_846t5,115094,Corrupted Drake,EMERALD_DREAM,DREAM,MINION,False,,,e3b0c44298fc1c149afbf4c8996fb92427ae41e4649b934ca495991b7852b855,legacy_compatibility,True,focused_or_regression_tests
EDR_846te2,115098,Eterenal Nightmare,EMERALD_DREAM,NEUTRAL,ENCHANTMENT,False,TAG_ONE_TURN_EFFECT,Immune this turn.,b4a8b191668b1036197019d3060e76faa6c9dde10c5b9301b94239b714ca0a63,not_implemented,False,missing
EDR_847,114912,Dreambound Disciple,EMERALD_DREAM,DRUID,MINION,True,"BATTLECRY,DEATHRATTLE",Battlecry and Deathrattle: Your next Hero Power costs (0).,4b2c93a1828ac9d13e274dc4a9995a3651b44ff770ab8b2dc45ae33af22fad6d,not_implemented,False,missing
EDR_847e,118261,Dreambound,EMERALD_DREAM,DRUID,ENCHANTMENT,False,,Your next Hero Power costs (0).,2ae6a46faea6b5ad1adab7b888f278a9e3cf2b81dc48e6749f8fd40cf531c65c,not_implemented,False,missing
EDR_847p,114905,Blessing of the Golem,EMERALD_DREAM,DRUID,HERO_POWER,False,,Summon a @/@ Plant Golem.,54ec105745d584c517e2148c74301c9e5804b0e389b2eb9d2c560353ab3d2f42,not_implemented,False,missing
EDR_847pt2,117399,Plant Golem,EMERALD_DREAM,DRUID,MINION,False,,,e3b0c44298fc1c149afbf4c8996fb92427ae41e4649b934ca495991b7852b855,not_implemented,False,missing
EDR_847pt3,118288,Plant Golem,EMERALD_DREAM,DRUID,MINION,False,,,e3b0c44298fc1c149afbf4c8996fb92427ae41e4649b934ca495991b7852b855,not_implemented,False,missing
EDR_847pt4,118289,Plant Golem,EMERALD_DREAM,DRUID,MINION,False,,,e3b0c44298fc1c149afbf4c8996fb92427ae41e4649b934ca495991b7852b855,not_implemented,False,missing
EDR_848,114914,Photosynthesis,EMERALD_DREAM,DRUID,SPELL,True,,Restore #6 Health. Get 3 random Druid spells.,7cf33e48e1f8e90e24a6a10ba247f2b73ffd0cf8efd862e6f558f8ff4f77df95,not_implemented,False,missing
EDR_849,114933,Dreambound Raptor,EMERALD_DREAM,NEUTRAL,MINION,True,TRIGGER_VISUAL,"After you play a minion, give it a random Bonus Effect.",7cf6e7f60f4faeda27950014a2ea5cd5d9c0aba3d9ab948a2c3c4caa066e055b,legacy_compatibility,True,focused_or_regression_tests
EDR_850p,114052,Blessing of the Wolf,EMERALD_DREAM,HUNTER,HERO_POWER,False,,Give a random Beast in your hand +@ Attack. It costs (@) less.,9de44ecaa91783e556faaa2fe414606faf4d847e808a8cce41f3cdae1bc46785,not_implemented,False,missing
EDR_850pe,114053,Playful Pup,EMERALD_DREAM,HUNTER,MINION,False,RUSH,Rush,34ebcd9fcba8b65689b051c3005a425f2d253adfaf42ff0f9cf99487762df7de,not_implemented,False,missing
EDR_850pe1,114619,Goldrinn's Courage,EMERALD_DREAM,HUNTER,ENCHANTMENT,False,,+0 Attack.,2fe05ca089aa98cf2aacb3ad141a8bb0064191dccd00b190441212fae7d69b07,not_implemented,False,missing
EDR_850pe5,114959,Great Wolf's Howl,EMERALD_DREAM,HUNTER,ENCHANTMENT,False,,Costs less.,55ffb31942f3a7cfd3ce9fb04473831bea3c227c883786154a01271dd2fd245d,not_implemented,False,missing
EDR_851p,114056,Blessing of the Wisp,EMERALD_DREAM,MAGE,HERO_POWER,False,ImmuneToSpellpower,Summon @ Wisp. Deal $@ damage randomly split among all enemies.,20728e99b31aaf6834fb0f6b0d25f630ad62b745468d08c0ec5d07a6b56862fb,not_implemented,False,missing
EDR_851t,116450,Wisp,EMERALD_DREAM,MAGE,MINION,False,,,e3b0c44298fc1c149afbf4c8996fb92427ae41e4649b934ca495991b7852b855,not_implemented,False,missing
EDR_852,114935,Bitterbloom Knight,EMERALD_DREAM,NEUTRAL,MINION,True,BATTLECRY,Battlecry: Imbue your Hero Power.,ebfcda185b40b9d855adf1b9553d8edf9e3e58c69930105de1e6f53449705a8f,declarative,True,focused_or_regression_tests
EDR_853,114857,Broll Bearmantle,EMERALD_DREAM,HUNTER,MINION,True,TRIGGER_VISUAL,"After you cast a spell, summon a random Animal Companion.",e1dac8442f1aa0a627178dc5975a6abcb77dba451a06aae2838c3be883522674,not_implemented,False,missing
EDR_853e,114960,Verdant Dreamsaber,EMERALD_DREAM,HUNTER,ENCHANTMENT,False,,Doubled Attack and Health.,ea31175b7dbb3f0b1f0e38824be3bd30348b0bf68299188bf4cb3c48661ce506,not_implemented,False,missing
EDR_856,115139,Nightmare Lord Xavius,EMERALD_DREAM,NEUTRAL,MINION,True,"BATTLECRY,DISCOVER",Battlecry: Discover a minion from your deck. Give it a Dark Gift.,77baf5d982e3f0018a549f0c0608c5f726ae00354510c8b37e087c5c1997f6c2,legacy_compatibility,True,focused_or_regression_tests
EDR_860,114076,Resplendent Dreamweaver,EMERALD_DREAM,NEUTRAL,MINION,True,"BATTLECRY,LIFESTEAL","Lifesteal Battlecry: If you've Imbued your Hero Power twice, deal 4 damage to a minion.",17139a5fe40c316a4b6972db9616bb596256420708a0dd451386dbeba400a0a7,not_implemented,False,missing
EDR_861,116292,Tranquil Treant,EMERALD_DREAM,NEUTRAL,MINION,True,DEATHRATTLE,Deathrattle: Both players gain an empty Mana Crystal.,33ad28e8e6a5f9922775be7fbf99ae8ed7105e4a960d3112f82149e5a03e4024,not_implemented,False,missing
EDR_871,116462,Spirit Gatherer,EMERALD_DREAM,MAGE,MINION,True,BATTLECRY,Battlecry: Get a Wisp. Imbue your Hero Power.,9347dc0051422aa017ce44c029ca46c06452c7ae5a6aa4f15fef045aab8ef2c3,not_implemented,False,missing
EDR_872,116977,Spark of Life,EMERALD_DREAM,MAGE,SPELL,True,"CHOOSE_ONE,DISCOVER",Choose One - Discover a Mage spell; or Discover a Druid spell.,7f9c32063b952bce46898f542bda4ab519c4f76612aa7ef73bf5a82059e03617,not_implemented,False,missing
EDR_872A,116978,Gift of Fire,EMERALD_DREAM,MAGE,SPELL,False,DISCOVER,Discover a Mage spell.,39dbe2c1910d2e8e617b74676630105d712aac4f11aededea46f41feafb19016,not_implemented,False,missing
EDR_872B,116979,Gift of Nature,EMERALD_DREAM,MAGE,SPELL,False,DISCOVER,Discover a Druid spell.,655cbe5bdb72b89c49347d306a7966866ed87390226674c40ab5f1bf3de5e488,not_implemented,False,missing
EDR_873,116495,Envoy of the Glade,EMERALD_DREAM,NEUTRAL,MINION,True,BATTLECRY,Battlecry: Transform all Neutral cards in your deck into random Druid ones.,5e1fed2d6e17a9158f0252ac13a1f45f3c879c40a6cce610528556ed9d03d9f1,not_implemented,False,missing
EDR_874,116980,Stellar Balance,EMERALD_DREAM,MAGE,SPELL,True,,Get a Moonfire and a Starfire. Give them Spell Damage +1.,82d462f095d9fa077a15ff24834d12a0f5764a10c99ade9f8c787878c75704c9,not_implemented,False,missing
EDR_874e,119165,Stellar Balance,EMERALD_DREAM,MAGE,ENCHANTMENT,False,,Spell Damage +1.,5696f77d33677cc0f6ed3fb9174d508cdaa1954c772c892d59d04eeadfc870ed,not_implemented,False,missing
EDR_882,114337,Jumpscare!,EMERALD_DREAM,DEMONHUNTER,SPELL,True,DISCOVER,Discover a Demon that costs (5) or more with a Dark Gift. Shuffle the other two into your deck.,3620d4e13f54a9263dd0d16a2d161d50e7863320aa66e836ce0607dd3480d304,not_implemented,False,missing
EDR_888,115186,Malorne the Waywatcher,EMERALD_DREAM,NEUTRAL,MINION,True,"BATTLECRY,DISCOVER","Battlecry: Discover a Legendary Wild God. If you've Imbued your Hero Power 4 times, set its Cost to (1).",e0574532cf9a141b9dc2042ea359ba18614707bfdd253340ba1974e0f8e30467,not_implemented,False,missing
EDR_889,115191,Petal Peddler,EMERALD_DREAM,NEUTRAL,MINION,True,TRIGGER_VISUAL,"At the end of your turn, give another random friendly Dragon +1/+1.",b6b2709754bf9f8e2fc0ec82b351f184104936e5c62d14443c6dba81b94feb82,legacy_compatibility,True,focused_or_regression_tests
EDR_889e,115194,Flowery,EMERALD_DREAM,NEUTRAL,ENCHANTMENT,False,,+1/+1.,afc89c2ca41679d8ca8a2c52feea4637bb75b326ab9a2cdeac23cd43d9259603,not_implemented,False,missing
EDR_890,114496,Nightmare Dragonkin,EMERALD_DREAM,DEMONHUNTER,MINION,True,DEATHRATTLE,Deathrattle: Reduce the Cost of the right-most card in your hand by (2).,f0f3330cc49b7e282e83e457d6f241f951c7d42eb1ae4d48553042f8b76a082c,not_implemented,False,missing
EDR_891,114497,Ravenous Felhunter,EMERALD_DREAM,DEMONHUNTER,MINION,True,DEATHRATTLE,Deathrattle: Resurrect a friendly Deathrattle minion that costs (4) or less. Summon a copy of it.,35345297f58302bf33c09d331169f246d7f0c710c9640a1e8bb738bf6132e962,legacy_compatibility,True,focused_or_regression_tests
EDR_892,114498,Ferocious Felbat,EMERALD_DREAM,DEMONHUNTER,MINION,True,DEATHRATTLE,Deathrattle: Resurrect a different friendly Deathrattle minion that costs (5) or more. Summon a copy of it.,bbcf145b01ba2af61e9d12734ac42db3fa23e212277e0755132d3f3196e0771a,legacy_compatibility,True,focused_or_regression_tests
EDR_895,115264,"Aviana, Elune's Chosen",EMERALD_DREAM,PRIEST,MINION,True,BATTLECRY,"Battlecry: Start a three turn lunar cycle. When the Full Moon rises, your cards cost (1) this game.",6080f430964cab2309b16942ed536335532e9871031ab67bf18cc30de163708b,not_implemented,False,missing
EDR_895e,117527,Full Moon,EMERALD_DREAM,PRIEST,ENCHANTMENT,False,TRIGGER_VISUAL,Your cards cost (1).,e46880dc85979dfe57d2944b1fc6d5100e1c885e3dca02718f086303eeb146f5,not_implemented,False,missing
EDR_895t,115265,Moon Cycle,EMERALD_DREAM,PRIEST,ENCHANTMENT,False,,"In 3 turns, your cards cost (1).",6191b54e71c05050c093da5639f05574fec820a2525504d135db71c8f9132987,not_implemented,False,missing
EDR_940,115805,Merry Moonkin,EMERALD_DREAM,MAGE,MINION,True,TRIGGER_VISUAL,"At the end of your turn, gain 1 Armor. (Improved by Wisps you control!)",ce4fa8cdd29a0cb289d109d897e494c25e515ea68a86b08cd4a03153c651625b,not_implemented,False,missing
EDR_941,115866,Starsurge,EMERALD_DREAM,MAGE,SPELL,True,,Deal $1 damage to a minion. (Improved by each friendly minion that died this game.),aa314f08eec4dca0702f4a7be3a47a24d3308532bbc8d714ee69d5f8f23b0bed,not_implemented,False,missing
EDR_942,115867,Curious Cumulus,EMERALD_DREAM,NEUTRAL,MINION,True,TRIGGER_VISUAL,"At the end of your turn, give your hero Divine Shield.",9b5e0b853dd7384ea98eed857986cd7296ebabd15dd242c92e3b97ca00b72d8d,not_implemented,False,missing
EDR_970,115461,Kaldorei Priestess,EMERALD_DREAM,PRIEST,MINION,True,BATTLECRY,Battlecry: Give all enemy minions -2 Attack until your next turn. Imbue your Hero Power.,939f5c7fa975ec2aa3dd3d7fb3c20c87200b706f85245f795653db1496b79dec,declarative,True,focused_or_regression_tests
EDR_970e,115731,Pacified,EMERALD_DREAM,PRIEST,ENCHANTMENT,False,,-2 Attack until your next turn.,5beddeaba44f07639d0d7f655835958aa8b4b0aee6e7a535288d634848fb21c2,not_implemented,False,missing
EDR_971,115938,Critter Caretaker,EMERALD_DREAM,NEUTRAL,MINION,True,TRIGGER_VISUAL,"At the end of your turn, restore #3 Health to both heroes.",27578c7bc8037be74ff8c186e8d225d9d4f947886bb0b4c461e9581f541547ac,legacy_compatibility,True,focused_or_regression_tests
EDR_978,117511,Meadowstrider,EMERALD_DREAM,NEUTRAL,MINION,True,"DEATHRATTLE,TAUNT",Taunt. Deathrattle: Put a Meadowstrider on the bottom of your deck. It costs (1).,6af1a2e8c5f4410c635cb44834cd54a1ec94689617d3aa70c7820a5dedd122e6,not_implemented,False,missing
EDR_979,117302,Ancient of Yore,EMERALD_DREAM,NEUTRAL,MINION,True,,"Dormant for 2 turns. While Dormant, gain 3 Armor and draw a card at the end of your turn.",b04795b601bef9d15f63d316531250670dcb484fa408ad30b3bb3ae4309ac18a,not_implemented,False,missing
EDR_979e,117303,Ancient Slumber,EMERALD_DREAM,NEUTRAL,ENCHANTMENT,False,TRIGGER_VISUAL,Dormant. Awaken in 2 turns.,d95dc183f46ec5710e328dcbe0c35b7ec694ba39f7352b80f1b4a838b3a71634,not_implemented,False,missing
EDR_979e2,125970,Ancient Draw,EMERALD_DREAM,NEUTRAL,ENCHANTMENT,False,"ENCHANTMENT_INVISIBLE,TRIGGER_VISUAL",Draw card and gain Armor while dormant,e0a59ea82a4de80ae651cc198882ee1cb7dc881cd9543df05bd68090d51d1cf3,not_implemented,False,missing
EDR_999,116256,Gnawing Greenfin,EMERALD_DREAM,NEUTRAL,MINION,True,BATTLECRY,Battlecry: Get a random Murloc.,a0cc94e2ff3fc7b3964c928c8594b298946ec09f0f8d3250282ddbaa43881bfe,legacy_compatibility,True,focused_or_regression_tests
EDR_COIN1,118814,The Coin,EMERALD_DREAM,NEUTRAL,SPELL,False,,Gain 1 Mana Crystal this turn only.,7e0b9838c71ab2fca09f4defa0790398e06cf2d4f4f0c10ea1634a74b712d126,not_implemented,False,missing
EDR_COIN2,118815,The Coin,EMERALD_DREAM,NEUTRAL,SPELL,False,,Gain 1 Mana Crystal this turn only.,7e0b9838c71ab2fca09f4defa0790398e06cf2d4f4f0c10ea1634a74b712d126,not_implemented,False,missing
EDR_XXX,117230,32 Standard Health Increase,EMERALD_DREAM,DEATHKNIGHT,ENCHANTMENT,False,,Increased Health.,0a095116cbb96492ee4587258e88f9f9ab41df735339655f8787bdaa56f08dd0,not_implemented,False,missing
END_000,121242,Eventuality,TIME_TRAVEL,ROGUE,SPELL,True,,Deal $2 damage. Imbue your Hero Power.,d59717240fbb99bb51c7d6bbb217abde59648fb07091c660a041be27a2ed97e0,not_implemented,False,missing
END_000e,121257,Dimensionally Shifted,TIME_TRAVEL,ROGUE,ENCHANTMENT,False,,Reduced Cost.,43eceb37d861975aa829862bc41ea7d5c6c9af92497a731e6a85f3bbabd54997,not_implemented,False,missing
END_000p,121243,Blessing of the Bronze,TIME_TRAVEL,ROGUE,HERO_POWER,False,,Rewind Get a random minion from another class. It costs (,dd91cc66d73e49a0c43786c8aceec17bf73b6b6a96f9a1b08e9e44f228eb7461,not_implemented,False,missing
END_001,121274,Jagged Edge of Time,TIME_TRAVEL,"DEATHKNIGHT,ROGUE",WEAPON,True,BATTLECRY,Battlecry: Imbue your Hero Power.,ebfcda185b40b9d855adf1b9553d8edf9e3e58c69930105de1e6f53449705a8f,not_implemented,False,missing
END_002,121057,Wicked Blightspawn,TIME_TRAVEL,"DEATHKNIGHT,ROGUE",MINION,True,"DEATHRATTLE,REBORN","Reborn. Deathrattle: Equip a 1/2 Dagger. If you already have a weapon equipped, give it +2 Attack instead.",2e26fff8745df98358d0f9df5df445d254112839d63bd6d68916062e71c3f09f,not_implemented,False,missing
END_002e,123912,Wicked,TIME_TRAVEL,NEUTRAL,ENCHANTMENT,False,,+2 Attack.,ad58756f20b83ed958edf6687782c09403fe9f5c401f6a1b3fcab1861ae44ebb,not_implemented,False,missing
END_003,121271,Finality,TIME_TRAVEL,DEATHKNIGHT,SPELL,True,,Draw an Undead. Imbue your Hero Power twice.,704e4f683695ec12837565afa14cd94e2e1e624968b3a292057097a3a611416d,not_implemented,False,missing
END_003p,121272,Blessing of the Infinite,TIME_TRAVEL,DEATHKNIGHT,HERO_POWER,False,TRIGGER_VISUAL,Passive The first Undead you play each turn gains +,1c41fab8b37d3cdae65a8e07756696bc7f47acc5f6dfe083909f67eb43e5d007,not_implemented,False,missing
END_003pe,121273,The End is Nigh,TIME_TRAVEL,DEATHKNIGHT,ENCHANTMENT,False,,Increased Attack.,465f4dac097f321da78f34baa353d65664d6207924cee5b059a5dc22448009be,not_implemented,False,missing
END_004,121058,Remnant of Rage,TIME_TRAVEL,"DEATHKNIGHT,DEMONHUNTER",MINION,True,BATTLECRY,Costs (1) less for each minion that died this turn. Battlecry: Draw 2 cards.,de04979dd98b6feb39827613b5b20567315849c56a9f13f6898e353765db7dda,declarative,True,focused_or_regression_tests
END_005,121060,Bygone Echoes,TIME_TRAVEL,"DEATHKNIGHT,DEMONHUNTER",SPELL,True,OUTCAST,Summon a random 4-Cost minion. Spend 4 Corpses to summon another. Outcast: And another.,1e9b94778d151e59e3628068882a4048228bfa2a458ebafaaa68c3cf090fa8eb,not_implemented,False,missing
END_006,121063,Chronikar,TIME_TRAVEL,DEMONHUNTER,MINION,True,BATTLECRY,"Battlecry: Give your hero +3 Attack this turn, next turn, and the turn after.",459ebd5d5bd7b31765ddcfbefa023a7619216039605749e43f65d2a6cf34f9be,not_implemented,False,missing
END_006e,123974,Eon Fragments,TIME_TRAVEL,DEMONHUNTER,ENCHANTMENT,False,,+3 Attack for 3 turns.,a1171078393ca2cfc1bff8c3570ac246189aeeed8246c5ad3aa2d44945abe694,not_implemented,False,missing
END_007,121064,Press the Advantage,TIME_TRAVEL,"DRUID,DEMONHUNTER",SPELL,True,,Deal $1 damage. Give your hero +1 Attack this turn. Draw 1 card. Gain 1 Armor.,a57ac01f4f3dba5d36ce90339b82bdd428ad2642c84019f444fc3d0646317fef,declarative,True,focused_or_regression_tests
END_007e1,121065,Claws of Fury,TIME_TRAVEL,NEUTRAL,ENCHANTMENT,False,TAG_ONE_TURN_EFFECT,+1 Attack this turn.,ede41a2244b0f986992bb6880306b6c21a90c30b43211b86f124b970ecc9fac8,not_implemented,False,missing
END_008,121106,Enduring Roach,TIME_TRAVEL,"DRUID,DEMONHUNTER",MINION,True,TRIGGER_VISUAL,"After you use your Hero Power, refresh 2 Mana Crystals.",4b83134c2a78e7d968e3e5bed211ac22fb4a9484d6e7dc67f95354471a89a90b,not_implemented,False,missing
END_009,121107,Splintered Reality,TIME_TRAVEL,DRUID,SPELL,True,,Summon two 2/2 Treants. They gain +1/+1 for each friendly Treant that died this game.@ (@),973bdb83c5bc30fe8fb60bc3d5889ad4d51f623e839731785b3fda46138cb4d1,not_implemented,False,missing
END_009e,121110,Splintered,TIME_TRAVEL,DRUID,ENCHANTMENT,False,,Increased stats.,86366dffd9632c41254a7086bccc8785950a645bfec07910fece2646282f81be,not_implemented,False,missing
END_009t,121108,Treant,TIME_TRAVEL,DRUID,MINION,False,,,e3b0c44298fc1c149afbf4c8996fb92427ae41e4649b934ca495991b7852b855,not_implemented,False,missing
END_010,121144,Twilight Timereaver,TIME_TRAVEL,"DRUID,PALADIN",MINION,True,CHOOSE_ONE,Choose One - Set the Attack of all other minions to 1; or Health to 1.,db90d8694f8c9739005e523426307975f67834ed36544bb65be96599a285957d,not_implemented,False,missing
END_010a,121145,Finite Will,TIME_TRAVEL,"DRUID,PALADIN",SPELL,False,,Set the Attack of all other minions to 1.,a0283702f507a356f5fddd38758d880f8a8c46041ada2b87c8dc745fd1f91e30,not_implemented,False,missing
END_010ae,121146,Finite Will,TIME_TRAVEL,NEUTRAL,ENCHANTMENT,False,,Attack set to 1.,fc369d28edfb769052db11eea5e8a1d2b2808d1a5afefc63f09ba451c676a9c0,not_implemented,False,missing
END_010b,121147,Finite Resolve,TIME_TRAVEL,"DRUID,PALADIN",SPELL,False,,Set the Health of all other minions to 1.,b9f678f07ca5e49f19848759bc16e64c2e0fd96ebdc77079696b2a24141a56e4,not_implemented,False,missing
END_010be,121148,Finite Resolve,TIME_TRAVEL,NEUTRAL,ENCHANTMENT,False,,Health set to 1.,81160ef37194bfd83dbd99af4be5e15f97bbb307327f580f801d16b8e1fb5917,not_implemented,False,missing
END_010e,121149,Finite Existence,TIME_TRAVEL,NEUTRAL,ENCHANTMENT,False,,Attack and Health set to 1.,2813be22cce6a12e2bcc176b1e446a13f4cb7bd48c9893b95a58aff5cbd2a06a,not_implemented,False,missing
END_011,121150,Acceleration Aura,TIME_TRAVEL,"DRUID,PALADIN",SPELL,True,,"At the start of your turn, gain a temporary Mana Crystal. Lasts 3 turns.",4e612ab361b70cea7071dc18ba4d8079ac13fb09bf1471c49a38982eba32c5a3,declarative,True,focused_or_regression_tests
END_012,121151,Hand of Infinity,TIME_TRAVEL,PALADIN,WEAPON,True,BATTLECRY,Can't attack heroes. Battlecry: Set this weapon's Attack to INFINITY this turn!,e09d866258361ff4a47f58e03e6491f5cca851824c8eef1850d83cace3f76103,not_implemented,False,missing
END_012e,121152,Infinite Sharpness,TIME_TRAVEL,PALADIN,ENCHANTMENT,False,TAG_ONE_TURN_EFFECT,Attack set to INFINITY this turn.,3f3a394248bdc730464bbaa2d0cc9995c4f342e0871ac0cc2cfaf2c55ab21667,not_implemented,False,missing
END_013,121153,Brutish Endmaw,TIME_TRAVEL,"HUNTER,PALADIN",MINION,True,"BATTLECRY,DISCOVER",Battlecry: Discover a 1-Cost minion with a Dark Gift.,d1b5696104927fc61964b494a10ab42fa324bbbc052e4e5a3a2c2c4a77336d8d,not_implemented,False,missing
END_014,121154,Synchronized Spark,TIME_TRAVEL,"HUNTER,PALADIN",SPELL,True,,"Deal $3 damage to an enemy. If it dies, give a random friendly minion +3/+3.",93a0d41dbc893d9afae2668daa021723abf5ed1f356bfa8992f8c759d52b8c13,not_implemented,False,missing
END_014e,121155,In Sync,TIME_TRAVEL,NEUTRAL,ENCHANTMENT,False,,+3/+3.,444a886c8744786e6e64b64ffb2478b81fe6c37182e9ce9365216437ffc5471b,not_implemented,False,missing
END_015,121157,Triennium Rex,TIME_TRAVEL,HUNTER,MINION,True,DEATHRATTLE,Kindred and Deathrattle: Get a random Deathrattle minion. It costs (2) less.,5adffa9ab36c6464bbc0dfd0e123cac970451de372696bae1194036628fa9d76,not_implemented,False,missing
END_016,121158,Chronoclaws,TIME_TRAVEL,"HUNTER,WARLOCK",WEAPON,True,TRIGGER_VISUAL,"After your hero attacks, discard your highest Cost card.",f44242806036caa2dc10594c467220341c476d1723eb6ff85005cd37ff912879,not_implemented,False,missing
END_017,121159,Battle at the End Time,TIME_TRAVEL,"HUNTER,WARLOCK",SPELL,True,QUEST,"Quest: Fill your hand, then empty it. Reward: Tick and Tock.",a760305c0af47a8a83d8e4c9080ee918e78375484a1dea7050f6116c74ecd8dc,not_implemented,False,missing
END_017t,121160,Tick and Tock,TIME_TRAVEL,"HUNTER,WARLOCK",MINION,False,"BATTLECRY,DEATHRATTLE",Battlecry: Draw until your hand is full. Deathrattle: Empty the opponent's hand.,e8d12ef0559472637bd8276187ea7cc85cb0845838e7980a7c433315e48cc594,not_implemented,False,missing
END_018,121162,Acolyte of Infinity,TIME_TRAVEL,WARLOCK,MINION,True,"BATTLECRY,DEATHRATTLE",Battlecry: Set the Cost of a random card in your hand to INFINITY! Deathrattle: Change it back.,75aed9b1879813d1bf26ddb55e21279df61baab0c0562551f57000b1df272052,not_implemented,False,missing
END_018e,121163,Infinite Delay,TIME_TRAVEL,WARLOCK,ENCHANTMENT,False,,Cost set to INFINITY!,3717db35facde858325e556d180a272442b25c3f0063935ed2ad9a813ea8a254,not_implemented,False,missing
END_018e2,121164,Preserved Essence,TIME_TRAVEL,WARLOCK,ENCHANTMENT,False,,Cost returned to normal.,55361efdba03843af5656129793a16fed5f9c5665bd2793b04e013f234fe122d,not_implemented,False,missing
END_019,121166,Endtime Survivor,TIME_TRAVEL,"WARLOCK,WARRIOR",MINION,True,"BATTLECRY,TAUNT","Taunt. Battlecry: If your hero took damage this turn, gain +3/+3.",70c7e7bc60ed0b258e510c507cb64e89dd96cbc2bb22a57da9341abfaab3dc52,legacy_compatibility,True,focused_or_regression_tests
END_019e,121167,Alone in Time,TIME_TRAVEL,NEUTRAL,ENCHANTMENT,False,,+3/+3.,444a886c8744786e6e64b64ffb2478b81fe6c37182e9ce9365216437ffc5471b,not_implemented,False,missing
END_020,121168,Eternal Toil,TIME_TRAVEL,"WARLOCK,WARRIOR",SPELL,True,,"Deal $1 damage to a minion. If it survives, draw a card. If it dies, summon a random 1-Cost minion.",10449b8a30c95bbd63a9118974b64fcd1a7ff8c3e47b2953b4385661c4630899,not_implemented,False,missing
END_021,121171,Dimensional Weaponsmith,TIME_TRAVEL,WARRIOR,MINION,True,BATTLECRY,Battlecry: Give all minions and weapons in your hand +2 Attack.,e7675099eb9f56d1e5889b27cefbf617753867e8adb88b254e30837e7ea8614b,declarative,True,focused_or_regression_tests
END_021e,121172,Cutting Edge,TIME_TRAVEL,WARRIOR,ENCHANTMENT,False,,+2 Attack.,ad58756f20b83ed958edf6687782c09403fe9f5c401f6a1b3fcab1861ae44ebb,not_implemented,False,missing
END_022,121174,Time-Twisted Seer,TIME_TRAVEL,"MAGE,WARRIOR",MINION,True,,Has Spell Damage +2 while damaged.,8fceadb95544a985260ad7acbeaaa661106193ef9ba04a8dac5fc367c74a55ca,legacy_compatibility,True,focused_or_regression_tests
END_022e,121175,Time-Twisted,TIME_TRAVEL,NEUTRAL,ENCHANTMENT,False,,Spell Damage +2.,3c246513c43c7a98ec845d00c890f8f93c235c6c901f98f8710a5c4dd9311fbf,not_implemented,False,missing
END_023,121176,Bitter End,TIME_TRAVEL,"MAGE,WARRIOR",SPELL,True,,Freeze a minion and its neighbors. Destroy any that are damaged.,02a45e0ab9a4598f1d6f61ed98eb770b21b6802a505e9206443918903c8a70f4,not_implemented,False,missing
END_024,121187,Flames of Infinity,TIME_TRAVEL,MAGE,SPELL,True,"SECRET,ImmuneToSpellpower","Secret: When your enemy's turn ends, deal INFINITE damage to their highest Health minion.",83055f8f9a51a383d6a8f917399804d460fda106fe561cda5bb049f14deae436,declarative,True,focused_or_regression_tests
END_025,121188,Eternal Firebolt,TIME_TRAVEL,"MAGE,PRIEST",SPELL,True,LIFESTEAL,"Lifesteal Deal $3 damage to a minion. If it dies, return this to your hand at the end of your turn.",045800e6297774b4481f402262e455c2df9f13cfef42b837846e4ff552e4a2da,declarative,True,focused_or_regression_tests
END_025e,128926,Eternal Firebolt,TIME_TRAVEL,NEUTRAL,ENCHANTMENT,False,,Get an Eternal Flame at the end of the turn.,da190ab14a4510004a805280f9ab26bee3ec10dc9209cdf97e88280f26fe48dd,not_implemented,False,missing
END_026,121189,Fragment of Nothing,TIME_TRAVEL,"MAGE,PRIEST",MINION,True,TRIGGER_VISUAL,"After you cast a spell on a minion, draw a card.",c6229671d7b643b4030a7b6e37166cb98af009aa429f1ac71bb409e5fa03cfcd,not_implemented,False,missing
END_027,121190,Wings of Eternity,TIME_TRAVEL,PRIEST,SPELL,True,DISCOVER,Discover a Dragon from the past with a Dark Gift.,e88f0cd128db232d7487dff6ea47ccbbcd7f95914967bfe562bb1aeeab60cf52,not_implemented,False,missing
END_028,121191,For All Time,TIME_TRAVEL,"PRIEST,SHAMAN",SPELL,True,OVERLOAD,Destroy all minions with 4 or less Attack. Overload: (2),74db232bba685034afeaa3c1d18b311f603c15e109b57e4ab9daebd40accaace,not_implemented,False,missing
END_029,121192,Voodoo Totem,TIME_TRAVEL,"PRIEST,SHAMAN",MINION,True,TRIGGER_VISUAL,"At the end of your turn, get a random Shadow spell.",cbd6db8f3bf82c05099037541c36e386ff2260a10267a35393402cc642e6583b,not_implemented,False,missing
END_030,121193,Haywire Hornswog,TIME_TRAVEL,SHAMAN,MINION,True,"ELUSIVE,TAUNT","Elusive, Taunt Costs (1) less for each Mana Crystal you've Overloaded this game.",d4526516a2d0979733ee8b6fe459e9527105566e7437f935a3622ae070add987,legacy_compatibility,True,focused_or_regression_tests
END_031,121194,Shade of the End Time,TIME_TRAVEL,"ROGUE,SHAMAN",MINION,True,"SPELLPOWER,STEALTH",Stealth Spell Damage +1,cd499891f34fd0536edb6138a83117fbc03525910c1bd9a97ba80a217421addd,not_implemented,False,missing
END_032,121195,Winged Aberration,TIME_TRAVEL,"ROGUE,SHAMAN",MINION,True,"COMBO,RUSH",Rush Combo: Overload for (2) to gain Immune this turn and Windfury.,33abb12591f64cf33b2443999e936a1ab734e3665dcb79bbe977b5993629b859,not_implemented,False,missing
END_032e,128906,Aberrant,TIME_TRAVEL,SHAMAN,ENCHANTMENT,False,TAG_ONE_TURN_EFFECT,Immune this turn.,b4a8b191668b1036197019d3060e76faa6c9dde10c5b9301b94239b714ca0a63,not_implemented,False,missing
END_033,121196,Prescient Slitherdrake,TIME_TRAVEL,NEUTRAL,MINION,True,ELUSIVE,Elusive Costs (3) less if you're holding another Dragon.,5eda357510df2d5b2fed5d77c4d56829d7735105b06be89fe64e82d95ed26c80,legacy_compatibility,True,focused_or_regression_tests
END_034,121197,Crumblecrusher,TIME_TRAVEL,NEUTRAL,MINION,True,BATTLECRY,"Battlecry: Destroy a random enemy minion, location, and weapon.",74407d25e35343edf09dd0ecb4170704db4ea2f35f557995e0a7dff5e5c7c4f6,legacy_compatibility,True,focused_or_regression_tests
END_035,121199,Omen of the End,TIME_TRAVEL,NEUTRAL,MINION,True,BATTLECRY,"Battlecry: If your deck is empty, destroy the top 5 cards of the enemy deck.",cbd994bfc1e9ec95de535bcde72d9dae8215bdad04ddb1e5f270f132f778a641,legacy_compatibility,True,focused_or_regression_tests
END_036,121202,Morchie,TIME_TRAVEL,NEUTRAL,MINION,True,"AURA,BATTLECRY,DISCOVER,TRIGGER_VISUAL",Your Rewinds keep BOTH potential outcomes. Battlecry: Discover a Rewind card from any class.,b76aac37d49e0cbe83be28c58ac12ca0f64a55352a46ba28e24a598f6626ec84,not_implemented,False,missing
END_036e,129100,Multiversal Singularity,TIME_TRAVEL,NEUTRAL,ENCHANTMENT,False,ENCHANTMENT_INVISIBLE,Your Rewinds keep BOTH outcomes.,1a0170139b1eb831a5171cf982d3c67ab7223f806a4f903551e156b995a733e7,not_implemented,False,missing
END_037,121203,Endtime Murozond,TIME_TRAVEL,NEUTRAL,MINION,True,BATTLECRY,Battlecry: Fill your board with random Dragons. Fully heal your hero. Skip your next turn.,05fdbfed4f3eeaed026b9c0d392eb36e2384194fcd682f28a611d88e067eb27a,not_implemented,False,missing
EX1_118e2,125483,Charged Guardian,ESCAPEFROM_VIOLET_HOLD,PALADIN,ENCHANTMENT,False,,Increased stats.,86366dffd9632c41254a7086bccc8785950a645bfec07910fece2646282f81be,not_implemented,False,missing
EX1_3350e,97206,Illuminated,CORE,PRIEST,ENCHANTMENT,False,,+2 Health.,4537d2f8b2241fa9afe523e83498ca53ffec37f32e64a1e49622488d8416d655,not_implemented,False,missing
EX1_3354e,97400,Light's Blessing,CORE,PRIEST,ENCHANTMENT,False,AURA,+3 Attack.,9ff6ca718148527a960800a10bab5d2aff98ca656a0f9545a47002e4188f2dd2,not_implemented,False,missing
EX1_561e1,114586,Alexstrasza Strength,CORE,NEUTRAL,ENCHANTMENT,False,,Health Set to 15,b121fb286724459b4047ea8a31f80396eca82fdc8acfd191ea3c61eb62b4e0f5,not_implemented,False,missing
FIR_777,117292,Spirit of the Kaldorei,EMERALD_DREAM,PRIEST,MINION,True,"BATTLECRY,LIFESTEAL,TAUNT","Taunt, Lifesteal Battlecry: If you used your Hero Power this turn, gain +3/+3.",753fcfed10dde7852e44a350306a66e3f2901c9b80cbbd0ef5ac507229e731c1,not_implemented,False,missing
FIR_777e2,121683,Amirdrassil's Agony,EMERALD_DREAM,NEUTRAL,ENCHANTMENT,False,,+3/+3.,444a886c8744786e6e64b64ffb2478b81fe6c37182e9ce9365216437ffc5471b,not_implemented,False,missing
FIR_778,117294,Avatar of Destruction,EMERALD_DREAM,SHAMAN,MINION,True,"DEATHRATTLE,TAUNT",Taunt Deathrattle: Deal 9 damage to all enemy minions.,721a35f0fda32b6e5eae9a258242db45114e142f8f61508d4a2f259eb480f496,not_implemented,False,missing
FIR_900,115624,Cremate,EMERALD_DREAM,DEATHKNIGHT,SPELL,True,DISCOVER,Discover a minion with a Dark Gift. It costs (2) less.,26a6464ea0232eb47a893c61c79a978dda844d864353632ec19de39f9a015b70,not_implemented,False,missing
FIR_901,115625,Frostburn Matriarch,EMERALD_DREAM,DEATHKNIGHT,MINION,True,BATTLECRY,"Battlecry: If you're holding a minion with a Dark Gift, summon two 4/4 Dragons with Taunt.",a2952b61e6240a9f803965a9173b2a63ada3f6d63deed637dfcea8854f5772a4,not_implemented,False,missing
FIR_901t,117286,Frostburn Broodling,EMERALD_DREAM,DEATHKNIGHT,MINION,False,TAUNT,Taunt,aa1c342daeb99a7dd8a63d75bed9ad127b763c6cd74891b0ce1a090898c7534e,not_implemented,False,missing
FIR_902,115626,Sigil of Cinder,EMERALD_DREAM,DEMONHUNTER,SPELL,True,ImmuneToSpellpower,"At the start of your next turn, deal $6 damage randomly split among all enemies.",c709716691364650f075e68cdb53d64d52b32e00eeb2a8913d8a06c2945b0299,not_implemented,False,missing
FIR_904,115628,Felfire Blaze,EMERALD_DREAM,DEMONHUNTER,MINION,True,TRIGGER_VISUAL,"After you cast a Fel spell, destroy this and deal 2 damage to all enemies.",13493c755f91114fb4d6786a5716547225a9298be81f75fb64c762a8a46def32,not_implemented,False,missing
FIR_906,115630,Overheat,EMERALD_DREAM,DRUID,SPELL,True,,Give your minions +1/+1. Discard a random Nature spell to give them +1/+1 more.,50666992297b34c679b8d416000125d389b576befc2771d60311a9fa51b34a15,declarative,True,focused_or_regression_tests
FIR_906e,122042,Overheated,EMERALD_DREAM,DRUID,ENCHANTMENT,False,,+1/+1.,afc89c2ca41679d8ca8a2c52feea4637bb75b326ab9a2cdeac23cd43d9259603,not_implemented,False,missing
FIR_907,115631,Amirdrassil,EMERALD_DREAM,DRUID,LOCATION,True,,"Summon a 1-Cost minion. Gain 1 Armor. Draw 1 card. Refresh 1 Mana |4(Crystal, Crystals). (Improves each use!)",7146fc74f9492ab0fe7ad69a04e3ea523f550b19f3caffaaf7c8fd865996717f,not_implemented,False,missing
FIR_908,115632,Charred Chameleon,EMERALD_DREAM,DRUID,MINION,True,BATTLECRY,"Battlecry: If you've used your Hero Power this turn, give a friendly minion +1/+2 and Rush.",a2d12d6f4398359b0b7306076d09d2ad9fc702d98804e8b5ff88aaa0ea17199c,legacy_compatibility,True,focused_or_regression_tests
FIR_908e3,121681,Spreading Flames,EMERALD_DREAM,DRUID,ENCHANTMENT,False,,+1/+2.,72bcf2369a393c9cf9cdcfe12599ba27ae7fedba99a93735e4c38a5385c2a403,not_implemented,False,missing
FIR_909,115633,Bursting Shot,EMERALD_DREAM,HUNTER,SPELL,True,,Deal $2 damage to three random enemies.,7767d7e0328ca3101831d4e8eabaf70cb6822aa783908257fe9982f56b7bb8b8,declarative,True,focused_or_regression_tests
FIR_910,115634,Scorching Winds,EMERALD_DREAM,MAGE,SPELL,True,,Deal $3 damage. Discard a random Fire spell to deal $3 more.,249fa1e30f2623c3cdfcaf703320b02104f404a963c6ca6f1bb9ca20876a10f1,declarative,True,focused_or_regression_tests
FIR_911,115635,Smoldering Grove,EMERALD_DREAM,MAGE,SPELL,True,,"Draw {0} card. (Upgrades each turn, but discards after {1}!)1Draw {0} cards. (Discards this turn!)",bceef90eb2c4adc4a519d84637b469a7d22c399ef7c6ba0f90cf2c2aaedd461b,not_implemented,False,missing
FIR_913,115637,Inferno Herald,EMERALD_DREAM,MAGE,MINION,True,TRIGGER_VISUAL,"After you cast a Fire spell, get a random Elemental and reduce its Cost by (3).",f6bfcd862adcedabba043b5528a47f88c73ff4ed26bd7bc5b3526defa25aa1f2,not_implemented,False,missing
FIR_914,115638,Smoldering Strength,EMERALD_DREAM,PALADIN,SPELL,True,,"Give a friendly minion +{0}/+{0}. (Upgrades each turn, but discards after {1}!)1Give a friendly minion +{0}/+{0}. (Discards this turn!)",c62d02e4953fe7f663420bfacfe166e632ec79d66fd0d435a97e4435e5ef113d,not_implemented,False,missing
FIR_914e,121559,Smoldering Strength,EMERALD_DREAM,PALADIN,ENCHANTMENT,False,,+{0}/+{0}.,5316a3996a6a802d332dbb209dbecc6977930232f99cdd60a0ae0c7685253d0d,not_implemented,False,missing
FIR_916,115640,Smoldering Ascent,EMERALD_DREAM,PRIEST,SPELL,True,,"Deal ${0} damage to all enemy minions. (Upgrades each turn, but discards after {1}!)1Deal ${0} damage to all enemy minions. (Discards this turn!)",70bdcf2faf75a19aa4dd6799fa15ed76ee0cb14229b40b0c3424b33ce133cfa2,not_implemented,False,missing
FIR_918,115642,Light of the New Moon,EMERALD_DREAM,PRIEST,SPELL,True,,Give a minion +3/+3. (Cast 3 spells to return this to your hand when played.),9e041c3bd5d51c8235ec9e4b1f83900f8a71d7c9764df02039cf5992a56814b6,not_implemented,False,missing
FIR_918e1,121627,Elune's Light,EMERALD_DREAM,NEUTRAL,ENCHANTMENT,False,,+3/+3.,444a886c8744786e6e64b64ffb2478b81fe6c37182e9ce9365216437ffc5471b,not_implemented,False,missing
FIR_918t,115643,Light of the Full Moon,EMERALD_DREAM,PRIEST,SPELL,False,,Give a minion +3/+3. Add a Light of the New Moon to your hand.,68c644abd7fcd72af62a26687e3583b57233abe782fb348334582e9d523d253c,not_implemented,False,missing
FIR_919,115646,Everburning Phoenix,EMERALD_DREAM,ROGUE,MINION,True,DEATHRATTLE,"Costs (1) less for each card you've played this turn. Deathrattle: At end of turn, get another Phoenix.",1c3caeac67024a396a2e44bd696aa4ec4940e6d1ff6de6edf1701650ca97eec8,legacy_compatibility,True,focused_or_regression_tests
FIR_919e,126379,Everburning,EMERALD_DREAM,NEUTRAL,ENCHANTMENT,False,,Get Everburning Phoenix at the end of the turn.,0c1b24bfa88a7b8641b880f2dbe61b89ed937881729f8eb60a73134571141b85,not_implemented,False,missing
FIR_920,115647,Smoke Bomb,EMERALD_DREAM,ROGUE,SPELL,True,DISCOVER,"Discover a Combo, Battlecry, or Stealth minion with a Dark Gift.",164f506eb062e4a24404e9c8d172803fa99a9411dbd64f2ad833a363b9b489c7,not_implemented,False,missing
FIR_921,115648,Petal Picker,EMERALD_DREAM,NEUTRAL,MINION,True,BATTLECRY,"Battlecry: If you've Imbued your Hero Power twice, draw 2 cards.",a0e6125c32117379a7c55531ad4041ef90dda3ef8fb0f7ed2c697d282386b155,not_implemented,False,missing
FIR_921e,117235,Mana Bloom,EMERALD_DREAM,NEUTRAL,ENCHANTMENT,False,,Gain 1 Mana Crystal this turn only.,7e0b9838c71ab2fca09f4defa0790398e06cf2d4f4f0c10ea1634a74b712d126,not_implemented,False,missing
FIR_922,115649,Cindersword,EMERALD_DREAM,ROGUE,WEAPON,True,BATTLECRY,"Battlecry: If you're holding a minion with a Dark Gift, gain +3 Attack.",8cb9bfbaee01f39b4e871a419fbf7a52315d7fa0af8dfaebaa9896f809450e8e,not_implemented,False,missing
FIR_922e,122048,Fiery,EMERALD_DREAM,ROGUE,ENCHANTMENT,False,,+3 Attack.,9ff6ca718148527a960800a10bab5d2aff98ca656a0f9545a47002e4188f2dd2,not_implemented,False,missing
FIR_923,115650,Flames of the Firelord,EMERALD_DREAM,SHAMAN,SPELL,True,,"Deal $4 damage to a random enemy minion. If you're holding a card that costs (8) or more, deal $8 instead.",b43ad1359f0f193f78552c816ebd9187a1a08a198be1b7f601edeb9b724397f2,declarative,True,focused_or_regression_tests
FIR_924,115651,Shadowflame Stalker,EMERALD_DREAM,WARLOCK,MINION,True,"BATTLECRY,DISCOVER",Battlecry: Discover a Demon with a Dark Gift. Get a copy of it.,931c6c7dded62d3834f2e645e3db3271eadbfc49f1753dce3cb0006551d8a7a3,legacy_compatibility,True,focused_or_regression_tests
FIR_927,115656,Emberscarred Whelp,EMERALD_DREAM,SHAMAN,MINION,True,"BATTLECRY,DISCOVER",Battlecry: Discover a 5-Cost card. Gain 1 Mana Crystal next turn only.,1b19dc8bc13f2bdf192fcd92600fe6474edd5cace15c03428e4a5437314b6dd5,not_implemented,False,missing
FIR_928,115653,Keeper of Flame,EMERALD_DREAM,WARRIOR,MINION,True,BATTLECRY,Battlecry: Give all minions in your hand +3/+3. They are destroyed in 3 turns.,da762eaf5765afdd352a946a63f89f55cb475999e5f88c34aad3e2e396886817,legacy_compatibility,True,focused_or_regression_tests
FIR_928e,122038,Blazing Strength,EMERALD_DREAM,WARRIOR,ENCHANTMENT,False,,+3/+3.,444a886c8744786e6e64b64ffb2478b81fe6c37182e9ce9365216437ffc5471b,not_implemented,False,missing
FIR_928e2,122045,Burning Up,EMERALD_DREAM,DRUID,ENCHANTMENT,False,,This card is on fire!,6be09c66d4e4bffcf0b40d582fcafee25006b19e5f55cd7550966cfb6667fdfe,not_implemented,False,missing
FIR_928e3,122046,Burning Up,EMERALD_DREAM,DRUID,ENCHANTMENT,False,,This card is on fire!,6be09c66d4e4bffcf0b40d582fcafee25006b19e5f55cd7550966cfb6667fdfe,not_implemented,False,missing
FIR_929,115655,Living Flame,EMERALD_DREAM,NEUTRAL,MINION,True,DEATHRATTLE,Deathrattle: Draw a Fire spell.,ba4ebd5069532f2840e3ee172256b1b67dcae11cf8d8e3a2038b085436d80a7e,not_implemented,False,missing
FIR_939,115688,Shadowflame Suffusion,EMERALD_DREAM,WARRIOR,SPELL,True,DISCOVER,Deal $2 damage. Discover a Warrior minion with a Dark Gift.,11b812b3ac4e2dd451ea6ac7f0070e09cb66015f585699b7f1821d9aae97c457,legacy_compatibility,True,focused_or_regression_tests
FIR_940,115654,Zaqali Flamemancer,EMERALD_DREAM,NEUTRAL,MINION,True,BATTLECRY,"Battlecry: If every card in your hand is of a different Cost, reduce their Costs by (2).",cb34d491d203dd4441b4358cb586bc7df203a074a0125af72afcf714be2f34fd,not_implemented,False,missing
FIR_941,115776,Searing Reflection,EMERALD_DREAM,PALADIN,SPELL,True,,Draw a minion. Summon an 8/8 copy of it with Divine Shield.,3c376ab922e52cabeb01859d9b3b52ea40c3d6e26d37b99ec56693085ee16f75,declarative,True,focused_or_regression_tests
FIR_941e1,117291,Searing Reflection,EMERALD_DREAM,PALADIN,ENCHANTMENT,False,,Stats set to 8/8.,37cfcfb180c422c5b315e5ea84f1c8d9eb894ac155e4cd7fb37f41669b8496ad,not_implemented,False,missing
FIR_951,115748,Volcoross,EMERALD_DREAM,DEATHKNIGHT,MINION,True,"BATTLECRY,RUSH,TAUNT","Rush, Taunt Battlecry: Choose to spend 10, 20, or 30 Corpses to gain that many stats.",d6fed8b80ffe2a38b691ec3198720cfcf1d91da7be18c7f8e0f50dfd614e8966,legacy_compatibility,True,focused_or_regression_tests
FIR_951e,115889,Voracious Appetite,EMERALD_DREAM,DEATHKNIGHT,ENCHANTMENT,False,,Increased Stats.,4846a99b92270bfeda6b0124bb66bb9e657a7bc5f9e1dae212aff812e8912441,not_implemented,False,missing
FIR_951t2,115891,Tail Smash,EMERALD_DREAM,DEATHKNIGHT,SPELL,False,,Spend 10 Corpses to gain +10/+10.,86d49d586e290d1886fcb602854bcea52792a296980ac2c0e3fea051c2e5acc9,not_implemented,False,missing
FIR_951t3,115892,Fiery Chomp,EMERALD_DREAM,DEATHKNIGHT,SPELL,False,,Spend 20 Corpses to gain +20/+20.,8eaf16bc174a1117e2f6ce602aa5e0017ba501241c724edea3b3d5642cca1614,not_implemented,False,missing
FIR_951t4,115893,Lava Wave,EMERALD_DREAM,DEATHKNIGHT,SPELL,False,,Spend 30 Corpses to gain +30/+30.,2a41620e88c47b5e34bbdc769fba89d801ec9728e83ac6fae60cd10e55041e41,not_implemented,False,missing
FIR_952,115749,Scorchreaver,EMERALD_DREAM,DEMONHUNTER,MINION,True,"BATTLECRY,DISCOVER",Battlecry: Discover a Fel spell. Reduce the Cost of Fel spells in your hand by (1).,248ad915f2f4364a39cd156c72fcb44aed95db9a3bf58270c09c2bdab3ce5a1b,not_implemented,False,missing
FIR_953,115751,Magma Hound,EMERALD_DREAM,HUNTER,MINION,True,"RUSH,TRIGGER_VISUAL","Rush. After this attacks a minion and survives, deal this minion's Attack damage split among all enemies.",1b6d92cc122f052aa41b51b13b3d8af324a2b6c195068f297785e62695cb8f82,legacy_compatibility,True,focused_or_regression_tests
FIR_954,115753,Conflagrate,EMERALD_DREAM,WARLOCK,SPELL,True,,Deal $5 damage to a minion. Its owner draws a card.,c0e12a9730085f790f7824a4ee4ebbb48de2512b8ab876475a815785c88c3e5e,declarative,True,focused_or_regression_tests
FIR_955,115754,Emberroot Destroyer,EMERALD_DREAM,WARLOCK,MINION,True,TRIGGER_VISUAL,"Whenever your hero takes damage on your turn, deal 3 damage to a random enemy minion.",b626bc3a27523facedf93a3b8d4357cbeda83452c33a9464ba55069aea58b4e2,not_implemented,False,missing
FIR_956,115755,Dragon Turtle,EMERALD_DREAM,WARRIOR,MINION,True,BATTLECRY,"Battlecry: If you're holding a minion with a Dark Gift, give your hero +3 Attack this turn and 6 Armor.",8b8005799b110814c7d2554101317a4031e9016362622ed778aab610addef586,legacy_compatibility,True,focused_or_regression_tests
FIR_956e,122044,Turtle Maw,EMERALD_DREAM,WARRIOR,ENCHANTMENT,False,TAG_ONE_TURN_EFFECT,+3 Attack this turn.,9923f8325e11a65972b4ba5dac47bb0432d12c32c9e4c6a58e0ceef89effa6fd,not_implemented,False,missing
FIR_958,115759,Tindral Sageswift,EMERALD_DREAM,NEUTRAL,MINION,True,DEATHRATTLE,"Deathrattle: Deal 1 damage to all enemies. If it's your opponent's turn, deal 4 damage instead.",9e5bae24441bbecb39d33992a95ba774b8655a18160785417a0bcf5fc2c85694,legacy_compatibility,True,focused_or_regression_tests
FIR_959,115756,Fyrakk the Blazing,EMERALD_DREAM,NEUTRAL,MINION,True,BATTLECRY,Immune to Fire spells. Battlecry: Cast 15 Mana worth of Fire spells at random enemies.,1d6013ea56eb247f3ab4b1dc35bb7b3263277d75db59ce7ae29fc2af4fc7dbf4,legacy_compatibility,True,focused_or_regression_tests
FIR_960,115960,Tending Dragonkin,EMERALD_DREAM,HUNTER,MINION,True,BATTLECRY,Battlecry: Copy the lowest Cost Beast in your hand.,67814c6fd72f3b22104fbe45a79dc3eb3d3b63a4bf3ad9b73173b1ab07816c3a,not_implemented,False,missing
FIR_961,115972,Ashleaf Pixie,EMERALD_DREAM,PALADIN,MINION,True,BATTLECRY,"Battlecry: If you're holding a spell that costs (5) or more, gain Divine Shield and Lifesteal.",816c59702315ed0cf9859820a015dfa33a785ce1ec990b910175f081254f47c4,not_implemented,False,missing
GAME_005,1746,The Coin,CORE,NEUTRAL,SPELL,False,,Gain 1 Mana Crystal this turn only.,7e0b9838c71ab2fca09f4defa0790398e06cf2d4f4f0c10ea1634a74b712d126,declarative,True,focused_or_regression_tests
JAIL_007,123995,Sewer Imp,ESCAPEFROM_VIOLET_HOLD,NEUTRAL,MINION,True,"DEATHRATTLE,TAUNT",Taunt Deathrattle: Deal 2 damage to all enemies.,2bdd3baa04a9b42faaf2d1d67a8cb49d21f5ee8d59dce430d15652d5a5411e37,declarative,True,focused_or_regression_tests
JAIL_029,126094,Rioter,ESCAPEFROM_VIOLET_HOLD,WARRIOR,MINION,True,TRIGGER_VISUAL,"After a friendly minion survives damage, give it +1 Attack.",40cf16f308bd0900016eb67a3a0ecf421a025fbab83f14052fa3743faca07429,legacy_compatibility,True,focused_or_regression_tests
JAIL_029e,126483,RIOT!,ESCAPEFROM_VIOLET_HOLD,NEUTRAL,ENCHANTMENT,False,,+1 Attack.,da9702f303d6e735aba7c40477f38a1b7f086b28e4b9a0ae105228e6b77720fe,not_implemented,False,missing
JAIL_030,125643,Escape Artist,ESCAPEFROM_VIOLET_HOLD,NEUTRAL,MINION,True,TRIGGER_VISUAL,"After this attacks and survives, draw a card and escape the game!",41165c3cdb4ef7932dfbc2fba4a637495553ef225d85578e68d3788ae3ab6e1e,not_implemented,False,missing
JAIL_035,125660,Vigilant Sentry,ESCAPEFROM_VIOLET_HOLD,PALADIN,MINION,True,"BATTLECRY,TAUNT","Taunt Battlecry: If your deck has no Neutral cards, summon two Vigilant Sentries.",5d32a7d87ee3ce1d4cb9e769d6b0f8314f5eacf40c757864c19f2f9f74bce719,not_implemented,False,missing
JAIL_101,124003,Violet Punisher,ESCAPEFROM_VIOLET_HOLD,NEUTRAL,MINION,True,BATTLECRY,Battlecry: Choose an enemy minion. Steal its Bonus Effects and gain +1/+1 for each stolen.,9050b4a5a6355a975a55c5dc358be0dc705c7e6a299e3a13f527c3297dd2fc89,not_implemented,False,missing
JAIL_101e,126481,Always Punished,ESCAPEFROM_VIOLET_HOLD,NEUTRAL,ENCHANTMENT,False,,+1/+1 and a stolen Bonus Effect.,c184d8569c1a88a2e7c23d80825c5f7171248d9794f5e4f6eb3c73cc4eb394a8,not_implemented,False,missing
JAIL_118,125462,"V'ama, Looming Death",ESCAPEFROM_VIOLET_HOLD,PALADIN,MINION,True,BATTLECRY,Battlecry: Destroy all non-Paladin minions.,f4bc7a9d4c545e052d8d4b11c441efe3bfc1a17be074aba6db9cf6e2fdca8743,not_implemented,False,missing
JAIL_122,126353,Jailhouse Manastorm,ESCAPEFROM_VIOLET_HOLD,MAGE,MINION,True,BATTLECRY,"Battlecry: After you cast a spell this game, summon a random minion of the same Cost.",af88a1b7c356a42c8e1c290b9b34e98d3aedecf02bd5ec532702112b399fbc84,not_implemented,False,missing
JAIL_122e5,131290,Manastorm Summoning,ESCAPEFROM_VIOLET_HOLD,MAGE,ENCHANTMENT,False,TRIGGER_VISUAL,"After you cast a spell, summon a minion of the same Cost.",71f39bcc59fa0fe6a8a60d9e9c897c8782a6c4ef3ee8af22efa1dfa2245ff604,not_implemented,False,missing
JAIL_123,126354,Breakout Architect,ESCAPEFROM_VIOLET_HOLD,MAGE,MINION,True,"BATTLECRY,DISCOVER",Battlecry: Discover a spell that costs (5) or more. It casts twice when played.,92e4156b0d61c765a7b8fee18799c54195b59d7f986c2c328b674baa5faefa37,not_implemented,False,missing
JAIL_123e,131299,Breaking Out,ESCAPEFROM_VIOLET_HOLD,NEUTRAL,ENCHANTMENT,False,,Casts twice.,78631cdd2b08ad58f659f0f10c7cc5f52d2f018b6d14c56c09770521821420f0,not_implemented,False,missing
JAIL_125,126356,Cold Snap,ESCAPEFROM_VIOLET_HOLD,MAGE,SPELL,True,,Freeze an enemy. Get a random Frost spell.,af48ddf3fe768026fbb2727967010ada4289ece405187bffe089a39772f01891,not_implemented,False,missing
JAIL_200,127815,Infest the Scullery,ESCAPEFROM_VIOLET_HOLD,DRUID,SPELL,True,,Summon two random 3-Cost minions. (Improved by your hero attacks this game.),0d3a65a9ad2d4f5f2b758b1e69169f88a9f9457263857e65f6a0b72129833bcd,not_implemented,False,missing
JAIL_201,127932,Secret Ingredient,ESCAPEFROM_VIOLET_HOLD,DRUID,SPELL,True,CHOOSE_ONE,Choose One - Give your hero +2 Attack this turn; or get a random Druid card.,6cff0841f9e86d3ea594b5fe07a003ad2367e4e93e36b4b4b391e05e5af2ee48,declarative,True,focused_or_regression_tests
JAIL_201a,130019,A Little of This,ESCAPEFROM_VIOLET_HOLD,DRUID,SPELL,False,,Give your hero +2 Attack this turn.,2bcab32e9d2d89c875cdb041f4a8fa83ef3c18c6bd705c485f95977c8b44948a,not_implemented,False,missing
JAIL_201ae1,132947,A Little of This,ESCAPEFROM_VIOLET_HOLD,DRUID,ENCHANTMENT,False,TAG_ONE_TURN_EFFECT,+2 Attack this turn.,7e6adecaa454292141cace245784519a7519cabe4c5f622ea91deb319c0d6991,not_implemented,False,missing
JAIL_201b,130020,A Dash of That,ESCAPEFROM_VIOLET_HOLD,DRUID,SPELL,False,,Get a random Druid card.,7fa39f3d1c120f192ceb9fd24143bfd40b20929d470fee4675851e3eba6594e5,not_implemented,False,missing
JAIL_202,127946,Spiderling,ESCAPEFROM_VIOLET_HOLD,DRUID,MINION,True,AURA,Your hero has +1 Attack on your turn.,146e7e9e02eb03ca184b73ff79962a830ee0760942519243022d649f86d8ddd2,legacy_compatibility,True,focused_or_regression_tests
JAIL_202e,127947,Tiny Fangs,ESCAPEFROM_VIOLET_HOLD,DRUID,ENCHANTMENT,False,,+1 Attack.,da9702f303d6e735aba7c40477f38a1b7f086b28e4b9a0ae105228e6b77720fe,not_implemented,False,missing
JAIL_204,127994,Solitary Prisoner,ESCAPEFROM_VIOLET_HOLD,NEUTRAL,MINION,True,,Costs (2) if there are no minions on the battlefield.,ec2e36a846ef426f5e9aa303de8455f87492c9ef65dc9b68f211df2003287e5d,not_implemented,False,missing
JAIL_205,131316,Rat Burglar,ESCAPEFROM_VIOLET_HOLD,NEUTRAL,MINION,True,TRIGGER_VISUAL,"At the end of your turn, steal all cards that entered your opponent's hand during your turn.",121e22573f71b118783a3e6cc5b1e66dc96e1950a3218034d56082ede6162288,not_implemented,False,missing
JAIL_206,128019,Dark Bribe,ESCAPEFROM_VIOLET_HOLD,DEMONHUNTER,SPELL,True,,Draw 3 cards. Pick one to give to your opponent.,0864cbab92371927a93db5575d22b7c2bc79d707df9d6f7baf0da10d99f899ff,not_implemented,False,missing
JAIL_225,125571,Nab,ESCAPEFROM_VIOLET_HOLD,ROGUE,SPELL,True,,"Deal $3 damage to a minion. If it dies, shuffle a copy of it into your deck that costs (2).",476debbea99beab0f5e5518d8acb9bf8b8d05c8349e6bbc326b80cd7eb1be606,not_implemented,False,missing
JAIL_303,125878,Ancient Augur,ESCAPEFROM_VIOLET_HOLD,WARLOCK,MINION,True,"BATTLECRY,DEATHRATTLE",Battlecry: Look at 3 cards in your opponent's hand and secretly choose one. Deathrattle: Discard it.,42e063bc3a359b71095adb82e10d362537e403a23214c32afe24e8733c6e1391,not_implemented,False,missing
JAIL_303e,132685,Eyes Without A Faceless,ESCAPEFROM_VIOLET_HOLD,WARLOCK,ENCHANTMENT,False,,Deathrattle: Destroy the chosen card.,01beb630837b05a823cb76fc4c23f88fa1804420384f5e6c450bbca237d15861,not_implemented,False,missing
JAIL_307,126100,Crowd Control,ESCAPEFROM_VIOLET_HOLD,WARRIOR,SPELL,True,,"Deal $2 damage to all minions twice. If your deck has 25 or more cards, this costs (2) less.",648280257b546ac9255a06367a1988bcf3d24bf3781724a792443041255945eb,declarative,True,focused_or_regression_tests
JAIL_311,126104,Scrappy Defender,ESCAPEFROM_VIOLET_HOLD,WARRIOR,MINION,True,TAUNT,Taunt Has +5 Attack if your deck has 25 or more cards.,f040153950f20add5f84d4dd96d876316a952b3ada53201ed00b0cdaf64df443,legacy_compatibility,True,focused_or_regression_tests
JAIL_312,126109,Contraband Wands,ESCAPEFROM_VIOLET_HOLD,MAGE,SPELL,True,,Get 3 Arcane Missiles.,d191d18acdf38706aaf1e72ac93f806a967f24e8e63bdc1a2f3a553a14cb7db1,not_implemented,False,missing
JAIL_313,126111,Bootleg Alchemist,ESCAPEFROM_VIOLET_HOLD,MAGE,MINION,True,BATTLECRY,Battlecry: Choose a card in your hand. Transform it into a spell that costs (5) more (keeps its original Cost).,f49b59af35e755f073eb2c12859716c124c08a828708758ec0350c02d5df5795,not_implemented,False,missing
JAIL_313e,131362,Bootleg,ESCAPEFROM_VIOLET_HOLD,MAGE,ENCHANTMENT,False,,Transformed and kept Cost.,1e5486fc7db026cfbaddab8a3f91441fc7c7fc0f335ce25341a1a8aacc212807,not_implemented,False,missing
JAIL_315,126113,Mystic Misdirection,ESCAPEFROM_VIOLET_HOLD,MAGE,SPELL,True,SECRET,"Secret: When an enemy minion attacks, transform it into a 1/1 Sheep.",c0e3562c61cf97bc079c6a5c6d7a0c5930d0600c88f81cc4ab2277fb0f53b1a5,not_implemented,False,missing
JAIL_318e,126121,Disturbed Sanity,ESCAPEFROM_VIOLET_HOLD,NEUTRAL,ENCHANTMENT,False,,Cost adjusted.,2840f7a4b93a01b84229a4ca2760d6616336df5f72bcf266fe2b31fc763c1f4a,not_implemented,False,missing
JAIL_319,126116,The Skeleton Key,ESCAPEFROM_VIOLET_HOLD,MAGE,SPELL,True,DISCOVER,"Discover a spell, or refresh your options (20% chance to take 5 damage each refresh!)",06be924d54596069b6ad7e1cc09518a6a7abfac23b1678aace85f95c619129d2,not_implemented,False,missing
JAIL_319e,126251,Skeleton Key,ESCAPEFROM_VIOLET_HOLD,MAGE,ENCHANTMENT,False,,Transforming into a random spell that costs (2) less. (Transforms after you play a card.),1da4c70e0127db099afef0dcd630626acfba9f035eb884b1ad5bc61f4def9efd,not_implemented,False,missing
JAIL_319t,131199,Transform the Key!,ESCAPEFROM_VIOLET_HOLD,MAGE,SPELL,False,,Refresh your options. (20% chance to take 5 damage!),70e2ac17122f6c21b0a0397d087799b349d130757dd47bb611119db40e8035a7,not_implemented,False,missing
JAIL_321,126253,Tricksy Improviser,ESCAPEFROM_VIOLET_HOLD,MAGE,MINION,True,BATTLECRY,"Prepare Battlecry: If you've cast a spell this turn, cast two random Mage Secrets.",f6c29f8c5429566e852a532029ca40e26f9ab2de8a4635d168b487f347a3395f,not_implemented,False,missing
JAIL_326,126616,Judgment,ESCAPEFROM_VIOLET_HOLD,PALADIN,SPELL,True,,Prepare Choose a friendly minion. Set all minions' stats equal to that minion's.,38389ed19941a7da7fd8f7ddfeb80ff1dd1fc4b13076e33e80f62f7b17e7860f,not_implemented,False,missing
JAIL_326e,127146,Judgment,ESCAPEFROM_VIOLET_HOLD,PALADIN,ENCHANTMENT,False,,Stats set to another minion's.,bc7a5b276e2722f1b119813d545df8b428cee245aa71ba3f6431823b287e5b33,not_implemented,False,missing
JAIL_327,126617,Reinforcement Aura,ESCAPEFROM_VIOLET_HOLD,PALADIN,SPELL,True,,"At the end of your turn, summon a minion from your deck that costs (2) or less. Lasts 3 turns.",3a221b392f994cb3f527cd83c55fe81467fa28b0c68f6761b5088a660fa29ec8,not_implemented,False,missing
JAIL_328,126618,Scarlet Bruiser,ESCAPEFROM_VIOLET_HOLD,PALADIN,MINION,True,DEATHRATTLE,"Deathrattle: If your deck has no Neutral cards, get a random Paladin card. It costs (2) less.",6651e15f7cc8eb634dc31bc25c2c67f9518840f6a217664035a8df73b346f7c7,not_implemented,False,missing
JAIL_329,126619,Truth Seeker,ESCAPEFROM_VIOLET_HOLD,PALADIN,WEAPON,True,TRIGGER_VISUAL,"After your hero attacks, give your Paladin minions +2/+2.",b9e62940ca043a136cc4cea259cd1f2ffa9581dcd3085e2c270c5d250b748073,not_implemented,False,missing
JAIL_329e,131317,Fire of Truth,ESCAPEFROM_VIOLET_HOLD,PALADIN,ENCHANTMENT,False,,+2/+2.,6496ac6ee3bdc68621e62fed137957624c2b0bd825dd961051f0d8c2f5e4eb44,not_implemented,False,missing
JAIL_330,126620,Dalaran Champion,ESCAPEFROM_VIOLET_HOLD,PALADIN,MINION,True,"DIVINE_SHIELD,TAUNT,TRIGGER_VISUAL","Divine Shield, Taunt After this gains stats, gain an extra +1/+1 (wherever this is).",35391add5c75ca473ebc0688903fe5dc1ad1e880278c74db00054ca3b7c06a00,not_implemented,False,missing
JAIL_330e,133047,Activated Combat Mode,ESCAPEFROM_VIOLET_HOLD,NEUTRAL,ENCHANTMENT,False,,+{0}/+{1}.,47b8a3ec218af5a134c7b7cdef809950b21187cb9aef77ad4d73b8cd5d193d81,not_implemented,False,missing
JAIL_376,126597,Ball and Chain,ESCAPEFROM_VIOLET_HOLD,WARRIOR,WEAPON,True,DEATHRATTLE,Deathrattle: Give your damaged minions +1/+2.,50a5603773c503d443694145c600883d9f10b84a03ed7d59d3ba23e523aed15f,not_implemented,False,missing
JAIL_376e,127170,Makeshift Weapon,ESCAPEFROM_VIOLET_HOLD,WARRIOR,ENCHANTMENT,False,,+1/+2.,72bcf2369a393c9cf9cdcfe12599ba27ae7fedba99a93735e4c38a5385c2a403,not_implemented,False,missing
JAIL_377,126652,Holy Bola!,ESCAPEFROM_VIOLET_HOLD,PALADIN,SPELL,True,,"Draw a card. If it costs (2) or less, draw another.",84256d343fbf30103fec8b4a99260e4ec2fec584f3dd88e44b451d58385668ed,not_implemented,False,missing
JAIL_379,126355,Spire Security,ESCAPEFROM_VIOLET_HOLD,MAGE,MINION,True,BATTLECRY,"Battlecry: Reveal a spell in your deck. If it costs (5) or more, deal 5 damage split among enemy minions.",1bd91a5f926e27a07a35dc813c57cb21020cd41572e4008c9a745bd3ef4729d3,not_implemented,False,missing
JAIL_380,125996,Smuggled Shovel,ESCAPEFROM_VIOLET_HOLD,HUNTER,WEAPON,True,DEATHRATTLE,Deathrattle: Draw a spell that didn't start in your deck.,7c00c41e0b3c12c7d9690668c892e03d2138175004f54ef0ee8ea99920f07fd5,not_implemented,False,missing
JAIL_384,126002,Chainbreaker Hogger,ESCAPEFROM_VIOLET_HOLD,WARRIOR,MINION,True,"START_OF_GAME_KEYWORD,TAUNT",Taunt Start of Game: Duplicate all other Legendary cards in your deck.,2ede8a892f35cc327a9d943818020b340e4e313a9d051d8bafa00530af5ff8d4,legacy_compatibility,True,focused_or_regression_tests
JAIL_386,125893,Scramble for Gear,ESCAPEFROM_VIOLET_HOLD,WARRIOR,SPELL,True,,Gain 2 Armor. Shuffle five Gear spells into your deck that give 2 Armor when drawn.,0f7fa4a56c40e7483671f1ec3d06e517ba9f8090216ea9afa3a38ac7da039b06,not_implemented,False,missing
JAIL_386t,127174,Found Gear!,ESCAPEFROM_VIOLET_HOLD,WARRIOR,SPELL,False,,Casts When Drawn Gain 2 Armor.,5d5e8607eba4fa79b42038922c6ac6a8343c452dbab4c3f8e6142c03673233ea,not_implemented,False,missing
JAIL_387,126598,Release the Beasts,ESCAPEFROM_VIOLET_HOLD,WARRIOR,SPELL,True,,Give minions in your hand +1/+1. Legendary minions get an extra +2/+1.,c9c3cb91c974c280410ec477eac933fc20eaff42331591f97e5ac4b5957b1598,not_implemented,False,missing
JAIL_387e,126599,Released,ESCAPEFROM_VIOLET_HOLD,WARRIOR,ENCHANTMENT,False,,+1/+1.,afc89c2ca41679d8ca8a2c52feea4637bb75b326ab9a2cdeac23cd43d9259603,not_implemented,False,missing
JAIL_387e2,132710,Legendary Prisoner,ESCAPEFROM_VIOLET_HOLD,WARRIOR,ENCHANTMENT,False,,+2/+1.,a899a78f3b35544a9be6db4edfe6042ca106644a37cc4598388e2c5d2d9d95ab,not_implemented,False,missing
JAIL_395,125934,Sewer Swimmer,ESCAPEFROM_VIOLET_HOLD,HUNTER,MINION,True,BATTLECRY,Prepare Battlecry: Trigger a friendly minion's Deathrattle.,2be37c0dfa8f74605b92ded95f42fafb4746aa840216862287230579c52bfbaa,not_implemented,False,missing
JAIL_397,126621,Commander Beatrix,ESCAPEFROM_VIOLET_HOLD,PALADIN,MINION,True,"START_OF_GAME_KEYWORD,TAUNT","Taunt While building your deck, pick a 2-Cost minion. Ten copies join your deck!",308498519692c0c0910258293e6499575217ae8d9528ecc27a74761a6ef958fd,not_implemented,False,missing
JAIL_397e3,126934,Straight to JAIL!!,ESCAPEFROM_VIOLET_HOLD,DRUID,ENCHANTMENT,False,TRIGGER_VISUAL,Dormant. Awaken in 2 turns.,d95dc183f46ec5710e328dcbe0c35b7ec694ba39f7352b80f1b4a838b3a71634,not_implemented,False,missing
JAIL_397e4,126935,Straight to Jail!,ESCAPEFROM_VIOLET_HOLD,SHAMAN,ENCHANTMENT,False,,Can't be played for a turn.,6856abfa0ec5172661de0d58d21d596261f94587578b6441e2046219c3ef7f10,not_implemented,False,missing
JAIL_398,125918,IMPFERNAL!,ESCAPEFROM_VIOLET_HOLD,NEUTRAL,MINION,True,"DEATHRATTLE,InvisibleDeathrattle",Deathrattle: Deal 3 damage to all other characters. (Also triggers in hand or deck.),ddc7ebe5948def51ec8add3f44c3c97cf7805e370e4d4908888a1435ebc7912e,declarative,True,focused_or_regression_tests
JAIL_398e,127437,Demonic Power,ESCAPEFROM_VIOLET_HOLD,WARLOCK,ENCHANTMENT,False,,Costs Health instead of Mana.,1f46521bc0779ac9a90794999209cae672255d2e2544699856907d9cd85296eb,not_implemented,False,missing
JAIL_399,125917,Imp Gang Stooge,ESCAPEFROM_VIOLET_HOLD,WARLOCK,MINION,True,"DEATHRATTLE,TAUNT",Taunt. Deathrattle: Put two 8/8 Demons with Taunt and Lifesteal on the bottom of your deck.,f0c1fadbd54b61906749db78855e4d8b26dd01793b58fdb1915d2ba060011b4a,declarative,True,focused_or_regression_tests
JAIL_399t1,127507,Grandmother Imp,ESCAPEFROM_VIOLET_HOLD,WARLOCK,MINION,False,"LIFESTEAL,TAUNT",Taunt Lifesteal,c7a891debb348afa24722ca152fdfa992dc9c6d91963c442158de55170eedb0c,legacy_compatibility,True,focused_or_regression_tests
JAIL_407,124150,Vanessa the Ringleader,ESCAPEFROM_VIOLET_HOLD,NEUTRAL,MINION,True,TRIGGER_VISUAL,"Prepare After you play a card, get a random Battlecry minion. It costs (2) less.",08e435722b9f0f4f9c1f4fcee7546ba2dc68f9057647d7d1aefa095365e50220,not_implemented,False,missing
JAIL_421,125803,Warptooth,ESCAPEFROM_VIOLET_HOLD,WARRIOR,MINION,True,CHARGE,"Charge. If four friendly characters take damage on one of your turns, summon this from hand or deck.",93db82eef8a5794e6e4113a02f23e257c8ac4aae28d885c4a6ff6cb6b91db748,legacy_compatibility,True,focused_or_regression_tests
JAIL_421e,125843,Warp Attack!,ESCAPEFROM_VIOLET_HOLD,NEUTRAL,ENCHANTMENT,False,TAG_ONE_TURN_EFFECT,Summon Warptooth when there's space.,23085f25295e78b02cfc6cf7e7316400f79a32e3700a44d960f9ff0d8ad18797,not_implemented,False,missing
JAIL_430,126055,Azalina Soulsever,ESCAPEFROM_VIOLET_HOLD,PRIEST,MINION,True,"BATTLECRY,START_OF_GAME_KEYWORD","Your starting Health is 40. Your deck is 20 cards, plus 20 copied from your enemy. Battlecry: Draw until your hand is full.",2228f24c7210d1c4ed48e240645133e4d3a62700f487ebdd3c27304566ed7e94,not_implemented,False,missing
JAIL_430e1,126380,Severed Soul,ESCAPEFROM_VIOLET_HOLD,PRIEST,ENCHANTMENT,False,,Copied Hint,8a83652533e1ebf23dcf501021f899f2ac5e5afdfdaaed4046239964689090ef,not_implemented,False,missing
JAIL_432,126122,Mind Sweeper,ESCAPEFROM_VIOLET_HOLD,PRIEST,MINION,True,BATTLECRY,"Battlecry: If you played a copy of an opponent's card while holding this, deal 2 damage to all enemy minions.",3b207b1b71766d862ad1aa60e546955bcdfd99d92d93323aef9cf78d1ec41a1f,declarative,True,focused_or_regression_tests
JAIL_433,126124,Unshackle Soul,ESCAPEFROM_VIOLET_HOLD,PRIEST,SPELL,True,,"Destroy a minion. If you played a copy of an opponent's card while holding this, this costs (1).",44817f269751bde55e2cfd7df59aaaf33b4edc541f9ec9cd0234b080cba2244d,declarative,True,focused_or_regression_tests
JAIL_434,126127,Enthralled Shade,ESCAPEFROM_VIOLET_HOLD,PRIEST,MINION,True,DEATHRATTLE,Deathrattle: Reduce the Cost of cards in your hand that were copied from your opponent by (1).,baaa16d5470d69af9b92a9c258ac28d9533d28dc5547618b79ec7e5a7007253e,not_implemented,False,missing
JAIL_435,126136,Rampaging Hound,ESCAPEFROM_VIOLET_HOLD,WARRIOR,MINION,True,BATTLECRY,Prepare Battlecry: Force all enemy minions to attack this.,5504c48b55ff5fd2bdd2995c81972f615d3efe7d331974a32840cbb385b5d799,legacy_compatibility,True,focused_or_regression_tests
JAIL_436,126180,Widow's Bite,ESCAPEFROM_VIOLET_HOLD,DRUID,SPELL,True,,"Give your hero +1 Attack this turn. Gain 1 Armor. Add ""Widow's Feast"" to your hand.",f93477defccc1f4881531220436be11982f407ade57746be562d8c4aedacb289,not_implemented,False,missing
JAIL_436e,126870,Threads,ESCAPEFROM_VIOLET_HOLD,DRUID,ENCHANTMENT,False,TAG_ONE_TURN_EFFECT,+1 Attack this turn.,ede41a2244b0f986992bb6880306b6c21a90c30b43211b86f124b970ecc9fac8,not_implemented,False,missing
JAIL_436e2,126871,Webs,ESCAPEFROM_VIOLET_HOLD,DRUID,ENCHANTMENT,False,TAG_ONE_TURN_EFFECT,+2 Attack this turn.,7e6adecaa454292141cace245784519a7519cabe4c5f622ea91deb319c0d6991,not_implemented,False,missing
JAIL_436e3,126872,Fates,ESCAPEFROM_VIOLET_HOLD,DRUID,ENCHANTMENT,False,TAG_ONE_TURN_EFFECT,+4 Attack this turn.,c049daebae4d77732e49411a4cc849cddcefd38a902588d3696970981e9bedb7,not_implemented,False,missing
JAIL_436t,126868,Widow's Feast,ESCAPEFROM_VIOLET_HOLD,DRUID,SPELL,False,,"Give your hero +2 Attack this turn. Gain 2 Armor. Add ""Widow's Banquet"" to your hand.",57a35b9926b8efed2c7a7869175c4f848464e7daf07b81ef715cee1a226d2cf0,not_implemented,False,missing
JAIL_436t2,126869,Widow's Banquet,ESCAPEFROM_VIOLET_HOLD,DRUID,SPELL,False,,Give your hero +4 Attack this turn. Gain 4 Armor.,3fa97de59dc9b6ad736e673b8adf8d3fabd1c39ca5b3f93d80d105fcafb59bd7,not_implemented,False,missing
JAIL_440,126252,Tower of Ghouls,ESCAPEFROM_VIOLET_HOLD,DEATHKNIGHT,MINION,True,TRIGGER_VISUAL,"After this minion takes damage, summon two 1/1 Frail Ghouls.",f00dfabef40d3a0889c3627d1b283e58e52a2d8b32a04c457cc5e38ce89a9d70,not_implemented,False,missing
JAIL_440e,128793,Ghoulish,ESCAPEFROM_VIOLET_HOLD,NEUTRAL,ENCHANTMENT,False,,Increased Stats.,4846a99b92270bfeda6b0124bb66bb9e657a7bc5f9e1dae212aff812e8912441,not_implemented,False,missing
JAIL_441,126254,Drink Blood,ESCAPEFROM_VIOLET_HOLD,DEATHKNIGHT,SPELL,True,LIFESTEAL,Lifesteal Deal $3 damage to a minion. Refresh your Hero Power.,1dc777b4aa102cf078ba293263f542ba6446345111acb6492b178c77293562f7,not_implemented,False,missing
JAIL_4411e,128376,Botched Surgery,ESCAPEFROM_VIOLET_HOLD,DEATHKNIGHT,ENCHANTMENT,False,,Reduced Health.,4dd4acb85099f9188ad0e06e8b4da63b7d0f83b53d93b6dd3aa4a3051acc95a1,not_implemented,False,missing
JAIL_442,126255,Disguised Doctor,ESCAPEFROM_VIOLET_HOLD,DEATHKNIGHT,MINION,True,DEATHRATTLE,Can be played on either side. Deathrattle: Shuffle 4 Blights into your deck that deal 2 damage when drawn.,613b91192b1f88c857002477f4a265267b7cb30bf19e9a4e3fa7b25468af9386,legacy_compatibility,True,focused_or_regression_tests
JAIL_442a,126336,Detected!,ESCAPEFROM_VIOLET_HOLD,DEATHKNIGHT,SPELL,False,,This was played on the friendly side.,87374bd3fcfdc7c22785183298a64aa1dc8a1fa91748e5a866b0551e692deca9,not_implemented,False,missing
JAIL_442b,126337,Disguised!,ESCAPEFROM_VIOLET_HOLD,DEATHKNIGHT,SPELL,False,,This was played on the enemy side.,5104416a69fc5614dc54f6a2ccaeb9777dc8d0fbc5d0d0bf033dc647b66de370,not_implemented,False,missing
JAIL_443,126259,The Living Plague,ESCAPEFROM_VIOLET_HOLD,DEATHKNIGHT,MINION,True,"CHARGE,TRIGGER_VISUAL","Charge. Instead of damaging heroes, this shuffles that many Blights into their deck that deal 2 damage when drawn.",5a5d51de4c506950a178472d69d6401df7e69b29ed69801ef0d667fd8662cb5a,not_implemented,False,missing
JAIL_443t,129675,Blight,ESCAPEFROM_VIOLET_HOLD,DEATHKNIGHT,SPELL,False,ImmuneToSpellpower,Casts When Drawn Deal 2 damage to your hero.,4e754e2d144fdad4b8a76b8057b033b9255b9344635e3fc86c162b4cd17d5a78,not_implemented,False,missing
JAIL_444,126260,Sawbones,ESCAPEFROM_VIOLET_HOLD,DEATHKNIGHT,MINION,True,BATTLECRY,Prepare. Battlecry: Destroy all your other minions. Draw a card and refresh a Mana for each one destroyed.,67744f87892a7f8e902641066bbb095d100c961cd2228d3b1ea7432d749ccf0e,not_implemented,False,missing
JAIL_445,126261,Bone Flurry,ESCAPEFROM_VIOLET_HOLD,DEATHKNIGHT,SPELL,True,ImmuneToSpellpower,"Deal $3 damage randomly split among enemies. If a friendly minion died this turn, deal $3 more.",7b80f9b909de563148bef4e293ee3832ccc749e775f8959ec002733f14edc799,not_implemented,False,missing
JAIL_446,126365,Blood Doctor Thal'ena,ESCAPEFROM_VIOLET_HOLD,DEATHKNIGHT,MINION,True,BATTLECRY,Battlecry: Get a second Hero Power that costs Corpses.,ba5bfde10d63ef3d94d81ac36eeba311f77fe4f134d33e74371dd67d15ad45ec,not_implemented,False,missing
JAIL_446hp,126366,Vampyr's Kiss,ESCAPEFROM_VIOLET_HOLD,DEATHKNIGHT,HERO_POWER,False,,Give a minion +3 Attack. This costs Corpses instead of Mana.,2c34af57aacc07ecdbc931cb5042fcb3788f9db6c3ea5389e8b32d4d247c0580,not_implemented,False,missing
JAIL_446hpe6,131005,Vampyr's Kiss,ESCAPEFROM_VIOLET_HOLD,NEUTRAL,ENCHANTMENT,False,,+3 Attack,7121a9d756e7b76fdf8fac678ab10cb5de221eae3bbcb741305abcb63e9cfb81,not_implemented,False,missing
JAIL_447,126479,Reckless Detective,ESCAPEFROM_VIOLET_HOLD,NEUTRAL,MINION,True,"DEATHRATTLE,RUSH",Rush. Deathrattle: Get Detective's Clothes that give +4/+4 and Rush.,c67ccf67835d949d3a6b427e90cc1c0ee343ba447f4459e347752e7b50da38d5,not_implemented,False,missing
JAIL_447e,126839,Detective's Clothes,ESCAPEFROM_VIOLET_HOLD,NEUTRAL,ENCHANTMENT,False,,+4/+4 and Rush.,2b888251a4d517fbddc05005f9a461d39ec08e5d218aa84e3e598ad5b63dc38f,not_implemented,False,missing
JAIL_447t,126480,Detective's Clothes,ESCAPEFROM_VIOLET_HOLD,NEUTRAL,SPELL,False,,Give a minion +4/+4 and Rush.,3557a7211a5f67e1e653404e5b7d6ae4789efe33e8eef8b05f0deac04e51e29f,not_implemented,False,missing
JAIL_448,126482,Karov the Broken,ESCAPEFROM_VIOLET_HOLD,PRIEST,MINION,True,"DEATHRATTLE,TAUNT",Taunt Deathrattle: Get three 1/1 copies of random Legendary minions. They cost (1).,e90a656a329da389c56889e1b5c4b8cb1dfcdeb869d43db13760cb3db0a5aa1c,not_implemented,False,missing
JAIL_448e,131586,Under Her Spell,ESCAPEFROM_VIOLET_HOLD,PRIEST,ENCHANTMENT,False,,Cost and stats set to 1.,8bd90bdad6db3e96c8e09ac742437c6ca412d8cff2a4ca3fc73db4bd64532227,not_implemented,False,missing
JAIL_450,126502,Corpse Cannon,ESCAPEFROM_VIOLET_HOLD,DEATHKNIGHT,WEAPON,True,TRIGGER_VISUAL,"After your hero attacks, summon a 1/1 Frail Ghoul.",7c4a27bd283f6d4be99ab3aac006287b5621aea94694cbc337471be035f04874,not_implemented,False,missing
JAIL_451,126503,Blood Clone,ESCAPEFROM_VIOLET_HOLD,DEATHKNIGHT,SPELL,True,DISCOVER,Discover a 5-Cost minion. Spend 5 Corpses to summon a copy of it.,4e95b706cf7f18c22271030b8ad87b517bbc0b1da2add7ac6abfb9e6929cb158,not_implemented,False,missing
JAIL_452,126627,Disguised Detective,ESCAPEFROM_VIOLET_HOLD,SHAMAN,MINION,True,OVERLOAD,Can be played on either side. Overload that player for (2).,38c8be7bdc71f175c1a4876f05e4552c5c5e077ca22138a5baaf759e9df14163,legacy_compatibility,True,focused_or_regression_tests
JAIL_452a,130022,Detected!,ESCAPEFROM_VIOLET_HOLD,SHAMAN,SPELL,False,,This was played on the friendly side.,87374bd3fcfdc7c22785183298a64aa1dc8a1fa91748e5a866b0551e692deca9,not_implemented,False,missing
JAIL_452b,130023,Disguised!,ESCAPEFROM_VIOLET_HOLD,SHAMAN,SPELL,False,,This was played on the enemy side.,5104416a69fc5614dc54f6a2ccaeb9777dc8d0fbc5d0d0bf033dc647b66de370,not_implemented,False,missing
JAIL_453,126666,Jailbird,ESCAPEFROM_VIOLET_HOLD,NEUTRAL,MINION,True,TAUNT,"Taunt. When you Prepare while holding this, reduce this card's Cost by the same amount.",e5a90c17e728a07e967532bbe6c9d172eabddd8c9a92475ce81d640451466077,not_implemented,False,missing
JAIL_453e,134480,Locked Down,ESCAPEFROM_VIOLET_HOLD,NEUTRAL,ENCHANTMENT,False,,Cost changed.,237383701bbaabb9b71fce4b5f360d92b4730c364878de40b7b9409244ba1a7a,not_implemented,False,missing
JAIL_454,126911,Emergency Surgery,ESCAPEFROM_VIOLET_HOLD,DEATHKNIGHT,SPELL,True,,Choose an enemy minion. Summon four 3/1 Undead with Lifesteal that attack it.,1f4b33f49b812b6ed680bcc8bfb7288dee6838b7c6fb065ce553ec5bfefabb0e,not_implemented,False,missing
JAIL_454t,126319,Necronurse,ESCAPEFROM_VIOLET_HOLD,DEATHKNIGHT,MINION,False,LIFESTEAL,Lifesteal,3fa7fb78015de1ab3cb62a2032789b047c7f4b247372c823a3be42abb6e9e6f1,not_implemented,False,missing
JAIL_455,127260,Disguised Watchman,ESCAPEFROM_VIOLET_HOLD,WARRIOR,MINION,True,BATTLECRY,"Can be played on either side. Battlecry: Deal 1 damage to all other friendly minions, twice.",fcc6dc9103aa277136cda50f8db1aa533b08b76085da9ec31d703a2d972b6a4a,legacy_compatibility,True,focused_or_regression_tests
JAIL_455a,130024,Detected!,ESCAPEFROM_VIOLET_HOLD,WARRIOR,SPELL,False,,This was played on the friendly side.,87374bd3fcfdc7c22785183298a64aa1dc8a1fa91748e5a866b0551e692deca9,not_implemented,False,missing
JAIL_455b,130025,Disguised!,ESCAPEFROM_VIOLET_HOLD,WARRIOR,SPELL,False,,This was played on the enemy side.,5104416a69fc5614dc54f6a2ccaeb9777dc8d0fbc5d0d0bf033dc647b66de370,not_implemented,False,missing
JAIL_456,127322,P1CK-P0K3T,ESCAPEFROM_VIOLET_HOLD,NEUTRAL,MINION,True,BATTLECRY,"Battlecry: If your deck has 25 or more cards, draw a card.",3a6e49d09207a7459167096126023528b1a2dafb8ff1f5b96830c4df2d8ebd79,legacy_compatibility,True,focused_or_regression_tests
JAIL_457,127688,Hijacked Securitybot,ESCAPEFROM_VIOLET_HOLD,SHAMAN,MINION,True,BATTLECRY,Prepare Battlecry: Give your other minions +1/+1.,971177f0ef7241da1f795da240e7791875d23a60d84fd41888cb071ddc5dbc66,declarative,True,focused_or_regression_tests
JAIL_457e,127689,Hijacked,ESCAPEFROM_VIOLET_HOLD,NEUTRAL,ENCHANTMENT,False,,Increased stats.,86366dffd9632c41254a7086bccc8785950a645bfec07910fece2646282f81be,not_implemented,False,missing
JAIL_458,127711,Tiny Pal,ESCAPEFROM_VIOLET_HOLD,SHAMAN,WEAPON,True,"BATTLECRY,TRIGGER_VISUAL","Battlecry: Choose your elemental ammunition! (After your hero attacks, choose another).",8ed639acda9b6f1021893055aaa2ecc61aeb8af7c41b92f4b8d15a375b719ce3,not_implemented,False,missing
JAIL_458t1,127713,Tiny Pal,ESCAPEFROM_VIOLET_HOLD,SHAMAN,WEAPON,False,TRIGGER_VISUAL,"After your hero attacks, Freeze 2 other random enemies. Choose another ammunition.",cd2925d570372e2b60c1bf1bc0dcec4bcffcab7405f22eba95bbc4f177e58ac7,not_implemented,False,missing
JAIL_458t2,127715,Tiny Pal,ESCAPEFROM_VIOLET_HOLD,SHAMAN,WEAPON,False,TRIGGER_VISUAL,"After your hero attacks, deal 1 damage to all enemies. Choose another ammunition.",592fd7d31c504c7d1629623d711106ff9fa68c764272f675530bb634eae6f8a7,not_implemented,False,missing
JAIL_458t3,127716,Tiny Pal,ESCAPEFROM_VIOLET_HOLD,SHAMAN,WEAPON,False,TRIGGER_VISUAL,"After your hero attacks, summon a random 3-Cost minion. Give it Taunt. Choose another ammunition.",6218453f0b2b1915567260ae69a65f816a9137981abf3ea6d533488221c66ea5,not_implemented,False,missing
JAIL_458t4,127717,Tiny Pal,ESCAPEFROM_VIOLET_HOLD,SHAMAN,WEAPON,False,TRIGGER_VISUAL,"After your hero attacks, get a random Battlecry minion. It costs (2) less. Choose another ammunition.",ecdd5ddc7db591f2ffbb249ee08d37cebde77beb4cdad71886436a4e2b82ad75,not_implemented,False,missing
JAIL_459,127996,Arachnathid,ESCAPEFROM_VIOLET_HOLD,NEUTRAL,MINION,True,"AURA,RUSH",Rush All friendly minions are Poisonous.,6beb3c17f7f21de20a2cd685e513a2408aa9ecf4150df568d6930824e5673fbc,legacy_compatibility,True,focused_or_regression_tests
JAIL_459e,127997,Arachnathid's Venom,ESCAPEFROM_VIOLET_HOLD,NEUTRAL,ENCHANTMENT,False,POISONOUS,Poisonous.,bbdd35f3e75d9733bf0d60d72cc3d4be54da7863a7ba86410781918876765b33,not_implemented,False,missing
JAIL_460,128004,Concealing Confection,ESCAPEFROM_VIOLET_HOLD,NEUTRAL,MINION,True,DEATHRATTLE,Deathrattle: Get a random weapon.,b03a6003fc640fb63ddbcb42aafde2a5d74aac2d37247f0c08ff444ff5094393,not_implemented,False,missing
JAIL_461,128052,Disguised Executioner,ESCAPEFROM_VIOLET_HOLD,NEUTRAL,MINION,True,BATTLECRY,Can be played on either side. Battlecry: Destroy a random adjacent minion.,c687cc42313d5d1a235433ede3718ea55f3a47bc43e578a062e58929ceb95803,not_implemented,False,missing
JAIL_461a,130026,Detected!,ESCAPEFROM_VIOLET_HOLD,NEUTRAL,SPELL,False,,This was played on the friendly side.,87374bd3fcfdc7c22785183298a64aa1dc8a1fa91748e5a866b0551e692deca9,not_implemented,False,missing
JAIL_461b,130027,Disguised!,ESCAPEFROM_VIOLET_HOLD,NEUTRAL,SPELL,False,,This was played on the enemy side.,5104416a69fc5614dc54f6a2ccaeb9777dc8d0fbc5d0d0bf033dc647b66de370,not_implemented,False,missing
JAIL_462,128053,Getaway Hogdriver,ESCAPEFROM_VIOLET_HOLD,NEUTRAL,MINION,True,BATTLECRY,"Battlecry: Draw 2 cards. If they're both minions, gain Charge.",e0b060e78bc431da9dbe44683b2c38a74e09b0c92b5464b5aa1ca4dbc8731f30,not_implemented,False,missing
JAIL_470,129983,Lotus Troublemaker,ESCAPEFROM_VIOLET_HOLD,ROGUE,MINION,True,BATTLECRY,Battlecry: Deal 1 damage to a random enemy. Shoot 1 time! (While in hand or deck play cards for 2 Mana to shoot more!),06d9ceb05f2cec326d38efbada5f86f7d333896b5f5fb806f8367e56b0eef024,not_implemented,False,missing
JAIL_474,130021,Jade Guardians,ESCAPEFROM_VIOLET_HOLD,ROGUE,SPELL,True,,Get two random 8-Cost minions. They cost (1) less for each card you played for 2 Mana this game.@ (@),0d1afc590a7013b2aa86676fe5c5f19257c44bf466c9a51eb230769942399b0c,not_implemented,False,missing
JAIL_500,125983,Slice and Dice,ESCAPEFROM_VIOLET_HOLD,ROGUE,SPELL,True,,Replay all other cards played this turn (targeting enemies if possible). End your turn.,a76e2ee700e9f58f6a576a3b4452e3d1162799f7ec70d27f879d417610bf4cee,not_implemented,False,missing
JAIL_500e,125984,Slice and Dice Player Enchant,ESCAPEFROM_VIOLET_HOLD,NEUTRAL,ENCHANTMENT,False,,,e3b0c44298fc1c149afbf4c8996fb92427ae41e4649b934ca495991b7852b855,not_implemented,False,missing
JAIL_501,125985,Picklock,ESCAPEFROM_VIOLET_HOLD,ROGUE,MINION,True,BATTLECRY,All numbers on this card equal your remaining Mana. Battlecry: Deal 1 damage to an enemy minion.,66b08baa50a8b62c898459137dd9f01288f25c52bd9738a0b39b760d2639d7df,legacy_compatibility,True,focused_or_regression_tests
JAIL_502,125986,Alarm-o-Matic,ESCAPEFROM_VIOLET_HOLD,NEUTRAL,MINION,True,TRIGGER_VISUAL,"At the start of your turn, swap this minion with a random one in your opponent's hand.",11a1eab09cd20e326b2222512e56f3a76f100346467dda8e9d96e9e578fd77ab,legacy_compatibility,True,focused_or_regression_tests
JAIL_502e,125987,Subterfuge,ESCAPEFROM_VIOLET_HOLD,NEUTRAL,ENCHANTMENT,False,"CANT_BE_SILENCED,TAG_ONE_TURN_EFFECT",The next spell you cast this turn costs (3) less.,edc3b030a0558919d3e9f8c8e9eeea6884b941dac031e4837bb3e31fd9bef6f2,not_implemented,False,missing
JAIL_503,125988,Blackpaw's Whip,ESCAPEFROM_VIOLET_HOLD,ROGUE,WEAPON,True,DEATHRATTLE,Costs (1) less for each Coin you're holding. Deathrattle: Draw a card.,c4ec27d447a758d5dc143383197da99c4566f23f3e97cc0832e1dc64d2f84f02,not_implemented,False,missing
JAIL_504,125989,"Aya, Lotus Kingpin",ESCAPEFROM_VIOLET_HOLD,ROGUE,MINION,True,BATTLECRY,You always go second. Battlecry: Pick an upgraded counterfeit to replace your Coins this game. Get 3.,e87491298902413e4858e3700a282f28056b1b8e561c91b6e83d0a8c97962b06,not_implemented,False,missing
JAIL_504t,127152,Jade Coin,ESCAPEFROM_VIOLET_HOLD,ROGUE,SPELL,False,,Gain 1 Mana Crystal this turn only. Summon a{1} {0} Jade Golem.,be4cedbd80cfc4c261a3dadafd2c9d9a94fd329cc41bb94d6d12d4ccd1e7689a,not_implemented,False,missing
JAIL_504t2,127153,Grimy Coin,ESCAPEFROM_VIOLET_HOLD,ROGUE,SPELL,False,,Gain 1 Mana Crystal this turn only. Deal $2 damage to a random enemy minion.,f4702b44d05cb227d7a807054bf9bdaa52c20f82957fb81c38549e51097fae3f,not_implemented,False,missing
JAIL_504t3,127154,Kabal Coin,ESCAPEFROM_VIOLET_HOLD,ROGUE,SPELL,False,,Gain 1 Mana Crystal this turn only. Get a random 1-Cost Kazakus Potion.,043193b00266099a8a85b262e40d3a7ead64ec353ad278e60bb5a30fa4d580c1,not_implemented,False,missing
JAIL_504t3p,131327,Kazakus Potion,ESCAPEFROM_VIOLET_HOLD,NEUTRAL,SPELL,False,,{0} {1},10866a9df5f8be5be75c79314de01412b0b35db060b06fdc333c1d9cd82d73c0,not_implemented,False,missing
JAIL_504t5,128771,Kazakus Potion Generator,ESCAPEFROM_VIOLET_HOLD,NEUTRAL,SPELL,False,,Get a random 1-Cost Potion.,52b815856f477dd3f047894a9f235b1640217d2c2eeee6de3f83c3c2caa31461,not_implemented,False,missing
JAIL_504tt01,127163,Jade Golem,ESCAPEFROM_VIOLET_HOLD,NEUTRAL,MINION,False,,,e3b0c44298fc1c149afbf4c8996fb92427ae41e4649b934ca495991b7852b855,not_implemented,False,missing
JAIL_504tt04,129987,Jade Golem,ESCAPEFROM_VIOLET_HOLD,NEUTRAL,MINION,False,,,e3b0c44298fc1c149afbf4c8996fb92427ae41e4649b934ca495991b7852b855,not_implemented,False,missing
JAIL_504tt07,129988,Jade Golem,ESCAPEFROM_VIOLET_HOLD,NEUTRAL,MINION,False,,,e3b0c44298fc1c149afbf4c8996fb92427ae41e4649b934ca495991b7852b855,not_implemented,False,missing
JAIL_504tt20,129989,Jade Golem,ESCAPEFROM_VIOLET_HOLD,NEUTRAL,MINION,False,,,e3b0c44298fc1c149afbf4c8996fb92427ae41e4649b934ca495991b7852b855,not_implemented,False,missing
JAIL_507,125993,Spiteful Chef,ESCAPEFROM_VIOLET_HOLD,DRUID,MINION,True,BATTLECRY,"Battlecry: Summon a 2-Cost Taunt minion. If you have 10 or more Mana, summon a 6-Cost instead.",8e56abd64cbcbd844ad050ae490a89a73a98019530005fec6b208f7570a22684,not_implemented,False,missing
JAIL_507e,125994,Bear Power,ESCAPEFROM_VIOLET_HOLD,DEMONHUNTER,ENCHANTMENT,False,TAG_ONE_TURN_EFFECT,+8 Attack,143b363d8a6da7a0d2bbea7b2f755020cd43b7ad6c2977b183da3bbbf3e9771c,not_implemented,False,missing
JAIL_509,126125,Godfrey the Betrayer,ESCAPEFROM_VIOLET_HOLD,WARLOCK,MINION,True,START_OF_GAME_KEYWORD,Start of Game: Overdrawn cards return to your hand when you have space. They cost (1) less.,3ac76192e46c178b815f3ec29cc8fc7ed31543daeee1ffec6cb3f0b473b7382c,legacy_compatibility,True,focused_or_regression_tests
JAIL_509e,126701,Godfrey's Atlas,ESCAPEFROM_VIOLET_HOLD,NEUTRAL,ENCHANTMENT,False,TRIGGER_VISUAL,"When you overdraw a card, get it when you have space. It costs (1) less.",047d461c8f413e25f92872320670c206bc7aab4fc543ae23370c231c0d519c68,not_implemented,False,missing
JAIL_510,126128,Annihilation,ESCAPEFROM_VIOLET_HOLD,WARLOCK,SPELL,True,,Destroy all minions. Summon any Demons in the bottom 3 cards of your deck.,905f1535fd3200997552c081915576010b3a20e8ed67119422d48d4ebee25d8e,declarative,True,focused_or_regression_tests
JAIL_511,126129,Spire of Solitude,ESCAPEFROM_VIOLET_HOLD,WARLOCK,LOCATION,True,,Summon a Demon with stats equal to your hand size. It attacks a random enemy minion.,43df785f7139128ecd7c043921ad5693e5500b37a9effdbd1232d10cf3b3d167,declarative,True,focused_or_regression_tests
JAIL_511e,126130,Solitary,ESCAPEFROM_VIOLET_HOLD,DEMONHUNTER,ENCHANTMENT,False,TAG_ONE_TURN_EFFECT,Immune this turn.,b4a8b191668b1036197019d3060e76faa6c9dde10c5b9301b94239b714ca0a63,not_implemented,False,missing
JAIL_511t,126476,Shivarra Infiltrator,ESCAPEFROM_VIOLET_HOLD,WARLOCK,MINION,False,,,e3b0c44298fc1c149afbf4c8996fb92427ae41e4649b934ca495991b7852b855,legacy_compatibility,True,focused_or_regression_tests
JAIL_513,126135,Caged Cranium,ESCAPEFROM_VIOLET_HOLD,WARLOCK,MINION,True,"BATTLECRY,TAUNT",Taunt Battlecry: Gain +1 Health for each card in your hand.,cf530f385721438900290ad06d8b9290005ee7f60fa4716a72ac75bcabff9d9f,declarative,True,focused_or_regression_tests
JAIL_513e,132552,Uncaged,ESCAPEFROM_VIOLET_HOLD,NEUTRAL,ENCHANTMENT,False,,Increased Health.,0a095116cbb96492ee4587258e88f9f9ab41df735339655f8787bdaa56f08dd0,not_implemented,False,missing
JAIL_514,126477,The Unseen Atlas,ESCAPEFROM_VIOLET_HOLD,WARLOCK,SPELL,True,,Draw 3 cards. Costs (1) less for each card in your hand.,4800df56d76e29c86c87e0e41d18bf06e72eee06b82ebe149c5a2022fc8183ac,declarative,True,focused_or_regression_tests
JAIL_515,126478,Shadow Rounds,ESCAPEFROM_VIOLET_HOLD,WARLOCK,SPELL,True,,"Deal $2 damage to an enemy minion. If it dies, cast this on another random enemy minion.",dc90056082c57cd8918ebb39a6a005d2488c09afcc421ebe69e0d8eca8f9488c,not_implemented,False,missing
JAIL_516,127319,Scarlet Recruiter,ESCAPEFROM_VIOLET_HOLD,PALADIN,MINION,True,BATTLECRY,Battlecry: Summon two minions from your deck that cost (2) or less. Give them Rush.,4c5748c0d5b634ab175813fa0294876d87365343323a9ab1bd288dd712146305,not_implemented,False,missing
JAIL_516e,127321,New Recruit,ESCAPEFROM_VIOLET_HOLD,NEUTRAL,ENCHANTMENT,False,RUSH,Rush,34ebcd9fcba8b65689b051c3005a425f2d253adfaf42ff0f9cf99487762df7de,not_implemented,False,missing
JAIL_700e,126096,Jade Improvements,ESCAPEFROM_VIOLET_HOLD,ROGUE,ENCHANTMENT,False,,Increased stats.,86366dffd9632c41254a7086bccc8785950a645bfec07910fece2646282f81be,not_implemented,False,missing
JAIL_703,126092,Gullible Guard,ESCAPEFROM_VIOLET_HOLD,NEUTRAL,MINION,True,DEATHRATTLE,Deathrattle: You can say Sorry this game.,649bf6d199620b9c8ab504b13340ed85888d0cd4311bda90a16ad7c2e70e3110,legacy_compatibility,True,focused_or_regression_tests
JAIL_703e,131214,Apologetic,ESCAPEFROM_VIOLET_HOLD,NEUTRAL,ENCHANTMENT,False,,+2/+2.,6496ac6ee3bdc68621e62fed137957624c2b0bd825dd961051f0d8c2f5e4eb44,not_implemented,False,missing
JAIL_706,126098,Thief's Tools,ESCAPEFROM_VIOLET_HOLD,ROGUE,SPELL,True,,Get two random 4-Cost spells. Reduce their Costs by (2).,3948afb9b3edf92bcd16031ed57d37d82b444949c17d7276378bf0e50c41ce7b,not_implemented,False,missing
JAIL_718,126210,Black Market Auctioneer,ESCAPEFROM_VIOLET_HOLD,NEUTRAL,MINION,True,TRIGGER_VISUAL,"Prepare Whenever you cast a spell, draw a card.",09a3050c3512913596012927085f777b3c1b0c0c60e4b2802e280cbae5c8a1ea,not_implemented,False,missing
JAIL_719,126211,Irida Sinseeker,ESCAPEFROM_VIOLET_HOLD,DEMONHUNTER,MINION,True,"BATTLECRY,LIFESTEAL","Lifesteal. Battlecry: Send your deck to the Void, except 1 card. At the start of your turns, get two cards from the Void.",3e04c3f379f4beaa579cb6a31e00ade0e413d28157eaf75fbbd85c856ccca348,not_implemented,False,missing
JAIL_719e2,132521,The Void,ESCAPEFROM_VIOLET_HOLD,DEMONHUNTER,ENCHANTMENT,False,,Get 2 cards from the Void each turn.,ded1b0e575ab4d62eb302994be37d2d83aac221ac4d85bbb78f115ad010bc7de,not_implemented,False,missing
JAIL_720,126221,Lotus Bookie,ESCAPEFROM_VIOLET_HOLD,ROGUE,MINION,True,DEATHRATTLE,Deathrattle: Get a Coin.,5c13c71c9dfe9527543aa27a0fe203172c3942d4e2e93a3c077b4a80308c7dfa,not_implemented,False,missing
JAIL_721,126222,"Tras'tath, Soul Parasite",ESCAPEFROM_VIOLET_HOLD,DEMONHUNTER,MINION,True,"RUSH,TRIGGER_VISUAL","Prepare, Rush After you summon a Demon, gain its stats.",f0adc2a273186074a7bd921229a5ebaf18791b4b889ffad1574313e17117cb16,not_implemented,False,missing
JAIL_721e,131257,Stolen Soul,ESCAPEFROM_VIOLET_HOLD,DEMONHUNTER,ENCHANTMENT,False,,Increased Stats.,4846a99b92270bfeda6b0124bb66bb9e657a7bc5f9e1dae212aff812e8912441,not_implemented,False,missing
JAIL_730,126660,Stardust Scythe,ESCAPEFROM_VIOLET_HOLD,DEMONHUNTER,WEAPON,True,TRIGGER_VISUAL,"After your hero attacks, get a Void Soul.",31e7d10dbc2fb6857adefc57424ea060490c6873ab59413653fdfffda251213b,not_implemented,False,missing
JAIL_732,126662,Void Soul,ESCAPEFROM_VIOLET_HOLD,DEMONHUNTER,SPELL,True,,Summon a random 1-Cost Demon. Improve your future Void Souls.,5d367330ad5fa672ade23c5474f15ada901e50e9dd38d1313ae991c0d7b21ad4,legacy_compatibility,True,focused_or_regression_tests
JAIL_733,126663,Vicious Voidscale,ESCAPEFROM_VIOLET_HOLD,DEMONHUNTER,MINION,True,"DEATHRATTLE,TAUNT",Taunt Deathrattle: Get a Void Soul.,f4470e2aa021e03aa017788272c95f0669457a07493e3ad82e380324bba7c6ed,not_implemented,False,missing
JAIL_734,126664,Hellraiser,ESCAPEFROM_VIOLET_HOLD,DEMONHUNTER,MINION,True,"BATTLECRY,DISCOVER,TAUNT","Taunt Battlecry: Discover a card in your deck. If it's empty, gain +4/+4 instead.",f5e1172be7aae75f6bc26fe13b21bae1e528199ccf73c7c64ed1193321fb1164,not_implemented,False,missing
JAIL_734e,132570,Unchained,ESCAPEFROM_VIOLET_HOLD,NEUTRAL,ENCHANTMENT,False,,+4/+4,89387caf636b6204e19034bf3b1fc62091c612605f960efa3d71daff2572301a,not_implemented,False,missing
JAIL_735,126841,Code Violet,ESCAPEFROM_VIOLET_HOLD,MAGE,SPELL,True,,"Prepare. Summon an 8-Cost minion. If you've cast 3 other spells this turn, do it again.@ ({0} left!) @ (Ready!)",24f406dc9521bbc45903a791d743e8393f119620ad5834eaee397399c84f91b9,not_implemented,False,missing
JAIL_800,126416,Mug'Zee,ESCAPEFROM_VIOLET_HOLD,SHAMAN,MINION,True,START_OF_GAME_KEYWORD,"Start of Game: If your deck has no other minions, get Mug's Hero Power. If it has no spells, get Zee's!",21fd1debe55c1331bb702e211167d496b448d77949b5c3258c3f1b1688ed709f,not_implemented,False,missing
JAIL_800e,126417,Mean Mug,ESCAPEFROM_VIOLET_HOLD,NEUTRAL,ENCHANTMENT,False,,Your first minion each turn costs (2) less this game.,ad386d61cf710cde68746718e2f29ac8d2086704f3d570ba16f5972898f264c6,not_implemented,False,missing
JAIL_800hp1,127468,Mug's Magic,ESCAPEFROM_VIOLET_HOLD,SHAMAN,HERO_POWER,False,,Passive Your first minion each turn costs (2) less. (Unlocks on Turn 3.),0fa3cab886ec9543fb26f87cae02a4768c8e8085acced9015fed419045d65897,not_implemented,False,missing
JAIL_800hp1e,127533,Mug's Magic,ESCAPEFROM_VIOLET_HOLD,SHAMAN,ENCHANTMENT,False,CANT_BE_SILENCED,The next minion you play costs (2) less.,d18d48c0939e9ef9a5a08d70bea622c121367e00d0b6f2b8054093e32914be77,not_implemented,False,missing
JAIL_800hp2,127476,Zee's Might,ESCAPEFROM_VIOLET_HOLD,SHAMAN,HERO_POWER,False,TRIGGER_VISUAL,Passive Every fifth minion you play triggers its Battlecry twice.@ ({0} left!)@ (Ready!),52b5f8255accc88a1b675710f9438ac6dd77dbe1b458a76d914540332e4e2574,not_implemented,False,missing
JAIL_800hp2e,127477,Zee Battlecry Doubler,ESCAPEFROM_VIOLET_HOLD,SHAMAN,ENCHANTMENT,False,,Your next minion's Battlecry triggers twice.,0357c0e4db9fa4877008554199845dc339e00c00b0133f86d0096eac1a279aff,not_implemented,False,missing
JAIL_801,126407,Molten Gold,ESCAPEFROM_VIOLET_HOLD,SHAMAN,SPELL,True,,Deal $4 damage. (Cast 3 spells to turn into a minion!),503723e60b8b11bfd466af3a05f656dd9d1b08462289385d9068cc9364b007b7,declarative,True,focused_or_regression_tests
JAIL_801t,126408,Molten Gold Elemental,ESCAPEFROM_VIOLET_HOLD,SHAMAN,MINION,False,BATTLECRY,Battlecry: Deal 4 damage.,c4b9d8dc41b8c8eb77b2978ffe28fa18e470776cf3c4236833cc910f3312bd6e,declarative,True,focused_or_regression_tests
JAIL_802,126409,Gallagio Goon,ESCAPEFROM_VIOLET_HOLD,SHAMAN,MINION,True,TRIGGER_VISUAL,"After you play a Battlecry minion, give it +1/+1.",80491cf1de5ee13a4b7b6646b4730bfda9440387b87df1f6ca3ca6d37e9a969a,not_implemented,False,missing
JAIL_802e,132652,Wiseguy,ESCAPEFROM_VIOLET_HOLD,SHAMAN,ENCHANTMENT,False,,+1/+1.,afc89c2ca41679d8ca8a2c52feea4637bb75b326ab9a2cdeac23cd43d9259603,not_implemented,False,missing
JAIL_803,126410,Frostshatter,ESCAPEFROM_VIOLET_HOLD,SHAMAN,SPELL,True,,Freeze an enemy. Draw 2 cards. (Cast 3 spells to turn into a minion!),675a7a7bdb6d1c7adeae32fdd991a988055fe6ba2e5b0e501c6790dbafc4b1a5,not_implemented,False,missing
JAIL_803t,126411,Frostshatter Elemental,ESCAPEFROM_VIOLET_HOLD,SHAMAN,MINION,False,BATTLECRY,Battlecry: Freeze an enemy. Draw two cards.,0edce6b0c9cd2a100823b0aa68c12db497bfc7fb7f3ee67825ad00c84fd06974,not_implemented,False,missing
JAIL_805,126413,Stormfury,ESCAPEFROM_VIOLET_HOLD,SHAMAN,SPELL,True,LIFESTEAL,Lifesteal. Deal $2 damage to all enemy minions. (Cast 3 spells to turn into a minion!),ddd8fc97b0b6af6cf7e6b5ab3084613c43409bcf23311b565d6c38ba571b86a9,not_implemented,False,missing
JAIL_805e,132600,Stormpowered,ESCAPEFROM_VIOLET_HOLD,NEUTRAL,ENCHANTMENT,False,,Increased stats.,86366dffd9632c41254a7086bccc8785950a645bfec07910fece2646282f81be,not_implemented,False,missing
JAIL_805t,126414,Stormfury Elemental,ESCAPEFROM_VIOLET_HOLD,SHAMAN,MINION,False,"BATTLECRY,LIFESTEAL",Lifesteal Battlecry: Deal 2 damage to all enemy minions.,e1903ac938c4610e717884b3130c4bbc2d32c7e43e394853d6d328dc989b0a2b,not_implemented,False,missing
JAIL_806,126415,Hexmarshal,ESCAPEFROM_VIOLET_HOLD,SHAMAN,MINION,True,BATTLECRY,"Battlecry: Get a random spell that costs (5) or more. If your deck started with no spells, it costs (5) less.",29403e9a99428e1057debfb568b8a8ced30dea1d5b07b4eeb9f442ba3bcceda9,not_implemented,False,missing
JAIL_831,125998,King of the Underbelly,ESCAPEFROM_VIOLET_HOLD,HUNTER,MINION,True,"BATTLECRY,DISCOVER","While building your deck, pick 3 contraband Beasts. Battlecry: Discover one. It costs (3) less.",5a36e425dccfc037af07fe2c435760a51bc5a35aad393ad11fe5b627de02af58,not_implemented,False,missing
JAIL_850,126600,Warden Maiev,ESCAPEFROM_VIOLET_HOLD,NEUTRAL,MINION,True,TRIGGER_VISUAL,"After you play a minion, give it +3/+3 and make it go Dormant for 1 turn.",6e81e4da9b4aedffd7db7b96c3b348185777e7028096690c0d83e394c219d402,legacy_compatibility,True,focused_or_regression_tests
JAIL_850e,127601,In the Slammer,ESCAPEFROM_VIOLET_HOLD,NEUTRAL,ENCHANTMENT,False,TRIGGER_VISUAL,Dormant. Awaken in 1 turn.,95bbf7304a579ff3317fa2227ef6d3bb965d88b1be0eb8b1e2f3148fdfd9f585,not_implemented,False,missing
JAIL_850e2,126910,Pushups,ESCAPEFROM_VIOLET_HOLD,NEUTRAL,ENCHANTMENT,False,,+3/+3.,444a886c8744786e6e64b64ffb2478b81fe6c37182e9ce9365216437ffc5471b,not_implemented,False,missing
JAIL_851,126602,Inspector Murloc Holmes,ESCAPEFROM_VIOLET_HOLD,NEUTRAL,MINION,True,BATTLECRY,"Battlecry: Investigate a card in the enemy hand. If they play a card with that name next turn, get 3 Coins.",0bbcbc7a4f2d0e45cbbd4ba223a9ee410c7ff27d649770bc818742596e5e2aec,not_implemented,False,missing
JAIL_851e,126603,An Investigation Player Enchant,ESCAPEFROM_VIOLET_HOLD,NEUTRAL,ENCHANTMENT,False,,"If the suspect is played next turn, get 3 Coins.",477e0961c5cbc2bcf82316355e08b50dcd1f8c25e88447d97dc40a9f4e3998a7,not_implemented,False,missing
JAIL_851e1,132586,An Investigation!,ESCAPEFROM_VIOLET_HOLD,NEUTRAL,ENCHANTMENT,False,,"If the suspect is played next turn, get 3 Coins.",477e0961c5cbc2bcf82316355e08b50dcd1f8c25e88447d97dc40a9f4e3998a7,not_implemented,False,missing
JAIL_852,126604,"Togwaggle, Smuggler King",ESCAPEFROM_VIOLET_HOLD,NEUTRAL,MINION,True,BATTLECRY,Battlecry: Shuffle both players' hands together.,a6657c1207afb5c4c38bf3505db7f31d982dea46ac25e2a8d229866c53890a4f,legacy_compatibility,True,focused_or_regression_tests
JAIL_860,126045,Chef Neth'rek,ESCAPEFROM_VIOLET_HOLD,DRUID,MINION,True,START_OF_GAME_KEYWORD,"Start of Game: If your deck only has cards that cost (3) or less, set your Mana to 10 after five turns!",df8ad67396cb821fac275ce337c78494a4f9e39222cee2577e4cbb2aa40c3e68,not_implemented,False,missing
JAIL_860e,126046,Good Soup,ESCAPEFROM_VIOLET_HOLD,DRUID,ENCHANTMENT,False,,Set your Mana to 10 after 5 turns.,a37081426f1c33cd9feb246c2e31066ca916342dcc4974d8c162b61cad55a95e,not_implemented,False,missing
JAIL_861,126054,Noxious Bribe,ESCAPEFROM_VIOLET_HOLD,DRUID,SPELL,True,DISCOVER,Discover a Choose One card. It has both effects combined. Give your opponent a plain copy.,0a6acab2a7c32d3d58017486e02669649b4f7d277f890c690bd838fa1cc08238,not_implemented,False,missing
JAIL_861e,132587,Noxious,ESCAPEFROM_VIOLET_HOLD,DRUID,ENCHANTMENT,False,,Choose One combined.,618dea3e26fa57014848cb3a88ab7e6ca838382a81cdd9a2564d9a6abc893dfe,not_implemented,False,missing
JAIL_866,126205,Lethal Recipe,ESCAPEFROM_VIOLET_HOLD,DRUID,SPELL,True,,"Draw 2 minions. If you have 10 or more Mana, give them +3/+3.",5a973e5c1bf3c49b17275d5d681c431e46a9b8265e82fe5daf0cc01f3467beee,not_implemented,False,missing
JAIL_866e,131162,Lethal,ESCAPEFROM_VIOLET_HOLD,NEUTRAL,ENCHANTMENT,False,,+3/+3.,444a886c8744786e6e64b64ffb2478b81fe6c37182e9ce9365216437ffc5471b,not_implemented,False,missing
JAIL_872,126225,Spider Rider,ESCAPEFROM_VIOLET_HOLD,DRUID,MINION,True,TRIGGER_VISUAL,"After your hero attacks, draw a card.",f06799e7e94f17ca198c2bc3374c4755d9dfd82a4031bccf43d7fdd0dd8ff907,declarative,True,focused_or_regression_tests
JAIL_875,126243,Staff of Trickery,ESCAPEFROM_VIOLET_HOLD,DRUID,WEAPON,True,"DISCOVER,TRIGGER_VISUAL","After your hero attacks, Discover a Druid card. Reduce its Cost by your hero's Attack.",993cdddaabb1aceed26a6d9610113931272b553fecb640027eca274dadeb83fd,declarative,True,focused_or_regression_tests
JAIL_875e,126244,Trickery,ESCAPEFROM_VIOLET_HOLD,DRUID,ENCHANTMENT,False,,Reduced Cost.,43eceb37d861975aa829862bc41ea7d5c6c9af92497a731e6a85f3bbabd54997,not_implemented,False,missing
JAIL_876,126294,Dig for Freedom,ESCAPEFROM_VIOLET_HOLD,HUNTER,SPELL,True,,"Give a friendly minion ""Deathrattle: Summon two random 4-Cost minions.""",2a6e0313f9f8336a29f52c4e42718f90227359074fe3ca901c6892427971112d,not_implemented,False,missing
JAIL_876e,127325,In the Tunnels,ESCAPEFROM_VIOLET_HOLD,NEUTRAL,ENCHANTMENT,False,,Deathrattle: Summon two random 4-Cost minions.,1b21ef199c261fc55eb22cefb176a2152c6a4e3c339209ac5026a8783f82d4cb,not_implemented,False,missing
JAIL_877,126295,Underbelly Network,ESCAPEFROM_VIOLET_HOLD,HUNTER,LOCATION,True,,"Summon a 2/1 Rat with ""Deathrattle: Draw a card.""",39fa6eb297e06198ad998dfb84f2e76a7354aa0ac1eaee87e7beac4277f3177e,not_implemented,False,missing
JAIL_877t,127698,Snoot Hoarder,ESCAPEFROM_VIOLET_HOLD,HUNTER,MINION,False,DEATHRATTLE,Deathrattle: Draw a card.,3d661d10ac53627f31c4f5970177bc73c803a4499b5d408fae268582c646f669,not_implemented,False,missing
JAIL_878,126299,Guard Dog,ESCAPEFROM_VIOLET_HOLD,HUNTER,MINION,True,DEATHRATTLE,Deathrattle: Summon a random 1-Cost Deathrattle minion.,bfd587f841ce8d3bbe95a7632698180cbd1e6499b8cf215cf75974611be6e78f,not_implemented,False,missing
JAIL_879,126419,Beast Tripwire,ESCAPEFROM_VIOLET_HOLD,HUNTER,SPELL,True,,Summon a random 5-Cost Beast. Shuffle 2 spells into your deck that do it again when drawn.,9caf1954f4007c8cbe2ad94d0de9ce703c45a3561627946586bc95c43d30adec,not_implemented,False,missing
JAIL_879t,126421,Tripped Beast Tripwire,ESCAPEFROM_VIOLET_HOLD,HUNTER,SPELL,False,,Casts When Drawn Summon a random 5-Cost Beast.,7ce12d7e16dae4f2d532e8869c41db5e7fea3b1835a21c8888c0da005807b1c9,not_implemented,False,missing
JAIL_880,126422,Black Market Overseer,ESCAPEFROM_VIOLET_HOLD,HUNTER,MINION,True,TRIGGER_VISUAL,"Whenever you play a Deathrattle minion, give it Rush.",9f77059b904a0a06d020e93b0afcc602862b6dbee695ba0726202ffde392af88,legacy_compatibility,True,focused_or_regression_tests
JAIL_880e,131422,Overseen,ESCAPEFROM_VIOLET_HOLD,HUNTER,ENCHANTMENT,False,,Rush.,6cf15c88faf40e3d1eb349236fb2d1d90efd1a87416d02f61a9e1374ca3474b5,not_implemented,False,missing
JAIL_881,126423,Arcane Tripwire,ESCAPEFROM_VIOLET_HOLD,HUNTER,SPELL,True,ImmuneToSpellpower,Deal $4 damage split among all enemies. Shuffle 2 spells into your deck that do it again when drawn.,e9ffecf17ef31c8158c3e3ca20cb7bda8e2934ba7f8ca0da1c41a42be1a703e8,not_implemented,False,missing
JAIL_881t,126424,Tripped Arcane Tripwire,ESCAPEFROM_VIOLET_HOLD,HUNTER,SPELL,False,ImmuneToSpellpower,Casts When Drawn Deal $4 damage split among all enemies.,4b67935340a1044501fd58e657e728f0079b0d799d3778daea7681bc318e1aee,not_implemented,False,missing
JAIL_882,126425,R4T-C4TCH3R,ESCAPEFROM_VIOLET_HOLD,HUNTER,MINION,True,"BATTLECRY,DEATHRATTLE",Battlecry: Copy all spells in your deck. Deathrattle: Draw one.,acdb2fa70bb18fe6d1cd32b1ca05211b85d02c0ae435d90c96237b80eda5ea06,declarative,True,focused_or_regression_tests
JAIL_883,126472,Activated Golem,ESCAPEFROM_VIOLET_HOLD,NEUTRAL,MINION,True,TRIGGER_VISUAL,"At the end of each turn, gain Reborn.",da54246e2a934250ff433c2e8b5ce3b23870755e582800d585a0f8dee2268486,not_implemented,False,missing
JAIL_887,126497,Zuramat's Prison,ESCAPEFROM_VIOLET_HOLD,NEUTRAL,LOCATION,True,DEATHRATTLE,Choose a card to discard to summon a 5/5 Taunt. Deathrattle: Free Zuramat who plays one each turn!,6fff8e9c378ae14737fae291882648186ec2450cab10e176602abdb818d5e9b1,not_implemented,False,missing
JAIL_887t2,126499,Zuramat the Obliterator,ESCAPEFROM_VIOLET_HOLD,NEUTRAL,MINION,False,TRIGGER_VISUAL,"At the end of your turn, play a card discarded by Zuramat's Prison.",4e402be424da487a07546d3b59aaf7c23604ff7e5d3788f49bb0aba0c5e0dd5e,not_implemented,False,missing
JAIL_887t2e,133417,Discarded Card,ESCAPEFROM_VIOLET_HOLD,NEUTRAL,ENCHANTMENT,False,,{0},a00644508de97e85263c9d0cd67e63d3c3b5d733bcaddc65b110e501ad5a7b73,not_implemented,False,missing
JAIL_887t3,127277,Whisper of the Void,ESCAPEFROM_VIOLET_HOLD,NEUTRAL,MINION,False,TAUNT,Taunt,aa1c342daeb99a7dd8a63d75bed9ad127b763c6cd74891b0ce1a090898c7534e,not_implemented,False,missing
JAIL_890,127155,Captive Nathrezim,ESCAPEFROM_VIOLET_HOLD,DEMONHUNTER,MINION,True,AURA,"Prepare, Taunt ALL minions cost (2) more.",2d64cfc876f2f7558adc40a542973c54733d9bca531cad4defd484d1064aa81e,legacy_compatibility,True,focused_or_regression_tests
JAIL_890e,132569,Captive,ESCAPEFROM_VIOLET_HOLD,NEUTRAL,ENCHANTMENT,False,,Costs (2) more.,ff808c35db6a4b21debf4dd72513691d578e2f2debd3d67c5720936f3c12b85a,not_implemented,False,missing
JAIL_891,127157,Void Blast,ESCAPEFROM_VIOLET_HOLD,DEMONHUNTER,SPELL,True,,"Deal $3 damage to a minion. If it dies, get a Void Soul.",2fadea8f1f33b4028f72cc55fe249655324f06175b600bfade4aad3891d0189d,not_implemented,False,missing
JAIL_892,127159,Cosmic Manifestations,ESCAPEFROM_VIOLET_HOLD,DEMONHUNTER,SPELL,True,OUTCAST,Deal $2 damage. Shuffle a random Demon Hunter spell into your deck. Outcast: Do it again.,9228a330b0d5e9361f07e6b9ddbb463c790cd2d2f6d511949d47cd5df5380995,not_implemented,False,missing
JAIL_892e,130860,Manifesting,ESCAPEFROM_VIOLET_HOLD,NEUTRAL,ENCHANTMENT,False,,Rush. Deathrattle: Get 2 Void Souls.,ab6bb44ca7c8f843d88d300bf651463ea7a938564c8ffe1eb77b313ffba77be2,not_implemented,False,missing
JAIL_906,124073,Moragg,ESCAPEFROM_VIOLET_HOLD,WARLOCK,MINION,True,DEATHRATTLE,"Prepare. Deathrattle: Summon a random Demon from your deck. Give it ""Deathrattle: Summon Moragg.""",24da3fc29c91df271bedc63c16d613d745c5d2ffe9d5e1db1bac3b378d05547c,legacy_compatibility,True,focused_or_regression_tests
JAIL_906e,127316,Stolen Key,ESCAPEFROM_VIOLET_HOLD,NEUTRAL,ENCHANTMENT,False,,Deathrattle: Summon Moragg.,4401e481907cb6ea2d3ddfa51dcf37fc295d1c560ddcf5888ea7b8f6774d4629,not_implemented,False,missing
JAIL_907e,124068,Prepared,ESCAPEFROM_VIOLET_HOLD,NEUTRAL,ENCHANTMENT,False,,Cost reduced.,4b72785cc8dc08191cc37189ed657a441cff46c7babb89df6a3bad4b8c5b873d,not_implemented,False,missing
JAIL_907e02,130992,Preparing,ESCAPEFROM_VIOLET_HOLD,NEUTRAL,ENCHANTMENT,False,,Can't be played this turn.,435583e6d0e142d9a3fb5d3bca3690c1f7986f9ef7570b394d3326b576527af1,not_implemented,False,missing
JAIL_909,124075,Defias Wannabe,ESCAPEFROM_VIOLET_HOLD,ROGUE,MINION,True,COMBO,Prepare Combo: Gain +1/+1 for each other card played this turn.@ (@),c295ee3d35f8d6c6fc1682464ddb9ae96dda87791aa286b00d001b38b4291d66,not_implemented,False,missing
JAIL_909e,126206,Gimme a Chance!,ESCAPEFROM_VIOLET_HOLD,ROGUE,ENCHANTMENT,False,,Increased stats.,86366dffd9632c41254a7086bccc8785950a645bfec07910fece2646282f81be,not_implemented,False,missing
JAIL_912,124079,Soothsayer,ESCAPEFROM_VIOLET_HOLD,PRIEST,MINION,True,"DEATHRATTLE,TAUNT","Prepare, Taunt Deathrattle: Restore #6 Health to your hero. Summon a random 6-Cost minion.",ee043b62c3fc7fbf664defb14bce29a9a534d9d850a4469225df9aeeb2615de2,declarative,True,focused_or_regression_tests
JAIL_913,124080,Hold Them Off!,ESCAPEFROM_VIOLET_HOLD,PRIEST,SPELL,True,,Prepare Give a minion +5/+5 and Lifesteal.,ed0e8614d71f2abf3751b0bfb17f65c63338e0ab79a4d2abb6e5e685cbe1ac94,not_implemented,False,missing
JAIL_913e,131231,Hold the Line!,ESCAPEFROM_VIOLET_HOLD,NEUTRAL,ENCHANTMENT,False,,+5/+5 and Lifesteal.,da6a1bb2331a0c42ba0bf3f6376fa62eb3c662a00ce8bf601bc3d05913719191,not_implemented,False,missing
JAIL_940,126867,Undeath Sentence,ESCAPEFROM_VIOLET_HOLD,PRIEST,SPELL,True,,Trigger the Deathrattle of a random friendly minion that died this game.,67e1e1696a76cf9918770f8f73c2d2cdd190e5956ba9c456cea9e94c6747b319,not_implemented,False,missing
JAIL_941,126896,Holy Embrace,ESCAPEFROM_VIOLET_HOLD,PRIEST,SPELL,True,,Restore #4 Health. Get a 'Dark Embrace' that deals 4 damage.,7a91fa8a844eedd9ad05a105d13a9d697d795745b9400f8063712b9031104f81,declarative,True,focused_or_regression_tests
JAIL_941t,126897,Dark Embrace,ESCAPEFROM_VIOLET_HOLD,PRIEST,SPELL,False,,Deal $4 damage.,99d6c78b986ca0c560ec20952f81d352e1b6823be771ebdb1f2f5030d230c6ec,declarative,True,focused_or_regression_tests
JAIL_942,126898,Specter of Despair,ESCAPEFROM_VIOLET_HOLD,PRIEST,MINION,True,"CANT_ATTACK,TAUNT",Taunt Can't attack.,ec4fa29b79ceddcb003b4bbd48bf6ac132a28dfd454e430148066b477dc0e89b,legacy_compatibility,True,focused_or_regression_tests
JAIL_974,126874,Captured Archmage,ESCAPEFROM_VIOLET_HOLD,NEUTRAL,MINION,True,DEATHRATTLE,"Deathrattle: If you had 4 other Captured Archmages die this game, cast 'Fireball' at a random enemy.@ (@/4)",d448f4ca9ae338b04ae30c3f219cd7ca933002e0d3f580dca65969dd17752b2d,not_implemented,False,missing
JAIL_986,126937,Frantic Forger,ESCAPEFROM_VIOLET_HOLD,NEUTRAL,MINION,True,BATTLECRY,Battlecry: Get a random playable spell. It is Temporary.,b963dd7dcb37a793d0053975b3c5c3ddce925a6a29eb957703d4bd744a4b5461,not_implemented,False,missing
JAIL_987,126938,Low Security Wing,ESCAPEFROM_VIOLET_HOLD,SHAMAN,LOCATION,True,,Get a random Shaman minion. It's locked in your hand until you play another card.,1be800adc13dd1198caf5fac482178276d9748742619fc6da6b300742910a834,not_implemented,False,missing
JAIL_987e,129583,Low Security,ESCAPEFROM_VIOLET_HOLD,SHAMAN,ENCHANTMENT,False,,Can't be played until another card is played.,e04a397cf7532d8783e9c733c4c73fa6744d54e0c223cf6b8f4e2be4dcd0cee4,not_implemented,False,missing
JAIL_987e2,132502,Escaped,ESCAPEFROM_VIOLET_HOLD,SHAMAN,ENCHANTMENT,False,,+1/+1.,afc89c2ca41679d8ca8a2c52feea4637bb75b326ab9a2cdeac23cd43d9259603,not_implemented,False,missing
JAIL_997,125915,Demonic Confinement,ESCAPEFROM_VIOLET_HOLD,WARLOCK,SPELL,True,,"Make a minion go Dormant for 2 turns. If it’s a friendly Demon, give it +3/+3 instead.",7e388e55bfa37e1f1516ca01ec50e9a8ac8bf8cbcccee4acab6aa09a0028495a,not_implemented,False,missing
JAIL_997e,132590,Exercise,ESCAPEFROM_VIOLET_HOLD,DRUID,ENCHANTMENT,False,,+6/+6.,f5df978fc5c55f25e49aa6cd81457b1cd21a500a2792b78e27a7d0529d2ae286,not_implemented,False,missing
JAIL_997e1,132716,Demon on the Loose!,ESCAPEFROM_VIOLET_HOLD,WARLOCK,ENCHANTMENT,False,,+3/+3.,444a886c8744786e6e64b64ffb2478b81fe6c37182e9ce9365216437ffc5471b,not_implemented,False,missing
JAIL_997e3,132717,Demonic Confinement,ESCAPEFROM_VIOLET_HOLD,WARLOCK,ENCHANTMENT,False,TRIGGER_VISUAL,Dormant. Awaken in 2 turns.,d95dc183f46ec5710e328dcbe0c35b7ec694ba39f7352b80f1b4a838b3a71634,not_implemented,False,missing
JAIL_998,125914,Defias Smuggler,ESCAPEFROM_VIOLET_HOLD,NEUTRAL,MINION,True,BATTLECRY,Prepare. Battlecry: Give a friendly minion +2 Attack and Rush.,1d5490b6e3aa4f3af4ed8f3e114ea3f6dde5bc280b02b5b232470f56d4e89c11,not_implemented,False,missing
JAIL_998e,126840,Surprise Attack!,ESCAPEFROM_VIOLET_HOLD,NEUTRAL,ENCHANTMENT,False,,+2 Attack and Rush.,81d4defcae87115d0b8687b4cf6d3d9e55612ac35306455e635f37aad22209db,not_implemented,False,missing
JAIL_COIN1,130273,The Coin,ESCAPEFROM_VIOLET_HOLD,NEUTRAL,SPELL,False,,Gain 1 Mana Crystal this turn only.,7e0b9838c71ab2fca09f4defa0790398e06cf2d4f4f0c10ea1634a74b712d126,not_implemented,False,missing
JAIL_COIN2,130274,The Coin,ESCAPEFROM_VIOLET_HOLD,NEUTRAL,SPELL,False,,Gain 1 Mana Crystal this turn only.,7e0b9838c71ab2fca09f4defa0790398e06cf2d4f4f0c10ea1634a74b712d126,not_implemented,False,missing
JAIL_COIN3,132539,The Coin,ESCAPEFROM_VIOLET_HOLD,NEUTRAL,SPELL,False,,Gain 1 Mana Crystal this turn only.,7e0b9838c71ab2fca09f4defa0790398e06cf2d4f4f0c10ea1634a74b712d126,not_implemented,False,missing
JAIL_EVENT_100e,132769,Esteemed Investigator,ESCAPEFROM_VIOLET_HOLD,DEATHKNIGHT,ENCHANTMENT,False,,+1/+1 for finding a suspicious minion.,b02aff2409839c87690ab15daee61b9b8cd263a3614ae250fff05b0fa08b2f51,not_implemented,False,missing
JAIL_EVENT_100t,133446,Mrgl...?,ESCAPEFROM_VIOLET_HOLD,NEUTRAL,MINION,False,,,e3b0c44298fc1c149afbf4c8996fb92427ae41e4649b934ca495991b7852b855,not_implemented,False,missing
JAIL_EVENT_101hp,132887,Collapsing Star,ESCAPEFROM_VIOLET_HOLD,DEMONHUNTER,HERO_POWER,False,,"Deal 2 damage to a random enemy. Whenever you summon a Demon, refresh this.",e1c43ec424e430b542896a472f65c09b893a73e523bd87a3e9b55de610062306,not_implemented,False,missing
JAIL_EVENT_COIN,130275,The Coin,ESCAPEFROM_VIOLET_HOLD,NEUTRAL,SPELL,False,,Gain 1 Mana Crystal this turn only.,7e0b9838c71ab2fca09f4defa0790398e06cf2d4f4f0c10ea1634a74b712d126,not_implemented,False,missing
MEND_040,123472,Ash Worm,CATACLYSM,DRUID,MINION,True,,"Starts Dormant. When your board is full, awaken.",98aa986476d455409c3508e641855884dc30bbe1e9c6f9ff6080cbd230469484,legacy_compatibility,True,focused_or_regression_tests
MEND_040e2,123663,Burrowed,CATACLYSM,NEUTRAL,ENCHANTMENT,False,TRIGGER_VISUAL,Dormant. Awaken when your board is full.,10168ffb5e60481faa99c0fc342d07c54c5626e8da91ee451cdcd2d2a68c71b0,not_implemented,False,missing
MEND_041,123478,Wizened Wildspeaker,CATACLYSM,DRUID,MINION,True,"BATTLECRY,TAUNT","Taunt Battlecry: If you didn't play a minion last turn, refresh 3 Mana Crystals.",1a102606a06d396c38715c5606a20b2647bef900f149d681182dedbe518d4bb6,not_implemented,False,missing
MEND_042,123485,Lifebloom,CATACLYSM,DRUID,SPELL,True,,Restore #8 Health to all friendly characters. Summon two random 8-Cost minions.,7b8e08282c7de1501248af0540af6ed8091fab151d99eaf0de4bb48fab0964d3,declarative,True,focused_or_regression_tests
MEND_043,123481,Heartroot Stones,CATACLYSM,DRUID,SPELL,True,,"Draw a card and gain 3 Armor. If you didn't play a minion last turn, do it again.",de3037357701fe337796bab4ec055089ea8c04c8ec9974fd1410ca0f94b842e6,not_implemented,False,missing
MEND_044,123483,Tranquil Clearing,CATACLYSM,DRUID,LOCATION,True,,Give a minion +2 Health and Taunt. It falls asleep until the end of your next turn.,1f337bb6b81bbf5ecb5c95253c877d02cdb702626c9cbfe708d99d3c75eb3da4,not_implemented,False,missing
MEND_044e3,131955,Tranquil Sleep,CATACLYSM,NEUTRAL,ENCHANTMENT,False,ENCHANTMENT_INVISIBLE,,e3b0c44298fc1c149afbf4c8996fb92427ae41e4649b934ca495991b7852b855,not_implemented,False,missing
MEND_044e4,131957,Tranquil Strength,CATACLYSM,DRUID,ENCHANTMENT,False,,This minion has +2 Health and Taunt.,bb91dc70322a92a24aca1a2c17df478e963dc6a362d54e039a02ac3670777dd1,not_implemented,False,missing
MEND_045,123482,Seeding Dragon,CATACLYSM,DRUID,MINION,True,"DEATHRATTLE,TAUNT",Taunt Deathrattle: Get a random Dragon. It costs (2) less.,671250c1c83c18d4814803f89d055140e255e8949b74c9ebd952d9cc97cddda9,not_implemented,False,missing
MEND_046,123493,Bashana Runetotem,CATACLYSM,DRUID,MINION,True,BATTLECRY,Battlecry: Get three 2/2 Treants. Carve 12 Mana worth of Nature spells into them.,b3d2f53b8af0fe0de6082298241d79a6f105c8350e0e5b529ae8709af0df0513,not_implemented,False,missing
MEND_046t,130722,Treant,CATACLYSM,DRUID,MINION,False,BATTLECRY,Battlecry: Cast {0}.,0cf33ce4a5686f59c2024da14a35f461e0145d2097feda28134d95a82b06de04,not_implemented,False,missing
MEND_100,123849,Cultivating Sprite,CATACLYSM,NEUTRAL,MINION,True,BATTLECRY,Battlecry: Get a 3-Cost Bulb that casts three random 1-Cost spells. It upgrades each turn.,168225c54432ab753f69becf23c237a23f76b649518e9e6a38c1c8f56f6e2eab,not_implemented,False,missing
MEND_100t,123854,Blooming Bulb,CATACLYSM,NEUTRAL,SPELL,False,,Cast three random 1-Cost spells. (Upgrades each turn!),b3ca259160fa279c4f70290431b9fafc656276b4499b2c4dfd19d1635b5d1193,not_implemented,False,missing
MEND_300,123486,Tame Pet,CATACLYSM,HUNTER,SPELL,True,,Replace your future Animal Companions with random Beasts that cost (1) more. Draw a card.,195540a368075e61ed4b008f2d74031cb9692551257b52c4ff2b85db37124714,not_implemented,False,missing
MEND_301,123488,Spiritspeaker,CATACLYSM,HUNTER,MINION,True,BATTLECRY,Battlecry: Choose an Animal Companion to summon.,3f31d55838fbf6a9821e335ae4187aea734ecde396b6290a24e2f9b4419ee462,not_implemented,False,missing
MEND_302,123490,Wasteland Vanguard,CATACLYSM,HUNTER,MINION,True,BATTLECRY,"Battlecry: Deal 3 damage split among all enemies. If any die, deal 3 more.",f58b7c3bc8bb28719ce3060e62c5568e96cbfbdf8cd47e8c13e6d767743b9335,not_implemented,False,missing
MEND_303,123491,Migrating Elekk,CATACLYSM,HUNTER,MINION,True,BATTLECRY,Taunt. Battlecry: Replace your future Animal Companions with random Beasts that cost (1) more.,b72f6daea56dd77404d7755c4f866351ea4c285b61aba82b661db92e88507a56,not_implemented,False,missing
MEND_304,123492,Talya Earthstrider,CATACLYSM,HUNTER,MINION,True,BATTLECRY,Battlecry: Your cards that summon Animal Companions summon 1 more this game.,c87d1d58b5f25c2d8bffdb88da69648745c4577e4b05f300b9ecb37e341f61bb,not_implemented,False,missing
MEND_305,123510,Nurturing Nature,CATACLYSM,HUNTER,SPELL,True,,Give a friendly Beast +2/+2. Give a random Beast in your hand +2/+2.,7bd789b7a1c92990d5466601b2104ba42501b72c693868afd85a4c6d02ecbb69,not_implemented,False,missing
MEND_305e,123512,One with Nature,CATACLYSM,NEUTRAL,ENCHANTMENT,False,,+2/+2.,6496ac6ee3bdc68621e62fed137957624c2b0bd825dd961051f0d8c2f5e4eb44,not_implemented,False,missing
MEND_307,123513,Roam Free,CATACLYSM,HUNTER,SPELL,True,,Replace your future Animal Companions with random Beasts that cost (2) more. Choose one to summon.,0ad39d0f85edd11aeeedf6aeef41168ab20dd726195aede7ed15100d940afce0,not_implemented,False,missing
MEND_500,123495,Bursting Leyline,CATACLYSM,MAGE,SPELL,True,ImmuneToSpellpower,Deal ${0} damage to a random enemy minion. Excess damage hits the enemy hero.,e9af4dfd660d564b0ef29eccbfd8f3d65bc229e8a69f3da2491790f2f6c662d9,not_implemented,False,missing
MEND_501,123496,Ley Walker,CATACLYSM,MAGE,MINION,True,"BATTLECRY,DEATHRATTLE",Battlecry: Your Leylines cost (1) less this game. Deathrattle: Get a random Leyline.,0100acded0505490ce66e375efbdd6fbac0b3f82299762f64aa45518a0138a90,not_implemented,False,missing
MEND_501t2e,123500,Unblock Leyline,CATACLYSM,MAGE,ENCHANTMENT,False,,Cost Reduced.,a9381efd9ce7686ee146ad4dfcc44e4ab79badeb12feb7ff1af2760789867614,not_implemented,False,missing
MEND_501t3e,123502,Empower Leyline,CATACLYSM,MAGE,ENCHANTMENT,False,,Effects Increased.,79c6ebc400d89314c7340e0e300817e052c4ce57c35728ec7b35350817ddc7f4,not_implemented,False,missing
MEND_502,123504,Crystallized Leyline,CATACLYSM,MAGE,SPELL,True,,Summon a random {0}-Cost minion.,63d0054425b3adb5edf674e9df179bca4bd25198448f9c8978ea0f9fc1f190e0,not_implemented,False,missing
MEND_503,123507,Surge Needle,CATACLYSM,MAGE,MINION,True,BATTLECRY,Battlecry: Your Leylines trigger an additional time this game.,e4896e6e947443f792d75272943c464c5441bab01f20049964e2ce5a53a746ac,not_implemented,False,missing
MEND_504,123508,Leyline Nexus,CATACLYSM,MAGE,SPELL,True,,Draw a card. It costs ({0}) less.,8635b54e549b3cfb5af6d9c9e1b080d1aa3f7e88b223b5ca820d9094407aa515,not_implemented,False,missing
MEND_504e,123509,Nexus Power,CATACLYSM,MAGE,ENCHANTMENT,False,,Cost reduced.,4b72785cc8dc08191cc37189ed657a441cff46c7babb89df6a3bad4b8c5b873d,not_implemented,False,missing
MEND_505,123514,The Arcanomicon,CATACLYSM,MAGE,SPELL,True,,Get all 3 Leylines. Choose an upgrade for your Leylines.,64e2c671f83b55d4f0033a4f2250ab5ab28c1b565cf0cf370eabda00aed08874,not_implemented,False,missing
MEND_505t,123497,Energize,CATACLYSM,MAGE,SPELL,False,,Your Leylines trigger an additional time this game.,e4c3d4962db664aeb8bea95da2fa00e629d1b0558ffda0166d1658140cfb091e,not_implemented,False,missing
MEND_505t2,123499,Unblock,CATACLYSM,MAGE,SPELL,False,,Your Leylines cost (2) less this game.,0317de6af01b6f63a2e28bb2c2361d38da0902e242888b4cee254766ce5be5a4,not_implemented,False,missing
MEND_505t3,123501,Empower,CATACLYSM,MAGE,SPELL,False,,Increase the effects of your Leylines by 2 this game.,0fdc8cb6d0914cfe0475f116860cded2a687e2bb1cc5b10c4effc6d785405d20,not_implemented,False,missing
MEND_506,123515,Mystic Runesaber,CATACLYSM,MAGE,MINION,True,"BATTLECRY,ELUSIVE",Elusive Battlecry: Increase the effects of your Leylines by 1 this game.,41e7d6885930f93c089649778ff5a40473f544ec1dbe9fe197e88654b168b744,not_implemented,False,missing
MEND_800,123620,Brash Battlemaster,CATACLYSM,PALADIN,MINION,True,"DEATHRATTLE,RUSH",Rush Deathrattle: Give your Silver Hand Recruits +1 Attack this game.,48022c2518380ca56f1ccf0b6b826db227d12b9e724e0e7178d80777c65a47a4,not_implemented,False,missing
MEND_800e,123627,Recruit's Might,CATACLYSM,PALADIN,ENCHANTMENT,False,,"For the rest of the game, your Silver Hand Recruits have +1 Attack.",54ddaed44d84751e686f3f09037a0b66a3f9e829f98da3f1a4bfeb101072cc55,not_implemented,False,missing
MEND_800e2,123629,Might,CATACLYSM,NEUTRAL,ENCHANTMENT,False,,+1 Attack,cb0af1113fd54c658cb7a78e8096367b0936dc8a023c428b2d3565a47d23e33c,not_implemented,False,missing
MEND_801,123621,Resilient Savior,CATACLYSM,PALADIN,MINION,True,"DIVINE_SHIELD,TRIGGER_VISUAL","Divine Shield After this loses Divine Shield, give your Silver Hand Recruits +1 Health this game.",8626dbdd46f318d9f207996bfe8bee22db937ae513144fca25fc5a065dbb7af6,not_implemented,False,missing
MEND_801e,123628,Recruit's Resilience,CATACLYSM,PALADIN,ENCHANTMENT,False,,"For the rest of the game, your Silver Hand Recruits have +1 Health.",fefbccb07e45fccd9cd5035a2db1a2027fad6279b29090401e697c7dcd34bfe5,not_implemented,False,missing
MEND_801e2,123630,Resilience,CATACLYSM,NEUTRAL,ENCHANTMENT,False,,+1 Health,f83d0c0a7407aa71865a20295f3d7d59778958cc9049fef2ffbcb68056f63306,not_implemented,False,missing
MEND_802,123622,Convalescence,CATACLYSM,PALADIN,SPELL,True,,Summon two {0} Silver Hand Recruits with Divine Shield.,e1a0d63821bf4d823c4f560e901b9075a88a2d50a5972ac1bcd5504da661dbd3,not_implemented,False,missing
MEND_803,123623,Emboldening Blade,CATACLYSM,PALADIN,WEAPON,True,BATTLECRY,Battlecry: Give your Silver Hand Recruits +1/+1 this game.,5f41fd371cd3946ba73975cc9aae643ea211f945751c078c884c7c00e04a3389,not_implemented,False,missing
MEND_803e,130741,Emboldened,CATACLYSM,PALADIN,ENCHANTMENT,False,,"For the rest of the game, your Silver Hand Recruits have +1/+1.",e4e2ad6442afcb443804422a5b2b0b0df41999056069262243cccd3ab782f0ee,not_implemented,False,missing
MEND_803e2,130742,Emboldened,CATACLYSM,PALADIN,ENCHANTMENT,False,,+1/+1,eb43762ec1d50eb31818b9eff4499ebb6487019350de83618a0b01eb918da538,not_implemented,False,missing
MEND_804,123624,Arator the Redeemer,CATACLYSM,PALADIN,MINION,True,BATTLECRY,Battlecry: Double the stats of all friendly Silver Hand Recruits and give them Taunt.,1486b5977f158107fe2485aed267dcbe09b082f2c19b3c794b573e10bd8aa307,not_implemented,False,missing
MEND_804e,123631,True Strength,CATACLYSM,PALADIN,ENCHANTMENT,False,,Stats Doubled and Taunt.,7635da67575a9de7ff6fe0590129418e6713827b15124b1313868d74d105e7f6,not_implemented,False,missing
MEND_805,123625,Charity,CATACLYSM,PALADIN,SPELL,True,,Get copies of all friendly minions that died this turn. Give them +3/+3.,d45f2336bbb10e241a498852c57ac7bfe9f44c92adb95b82e75aac3a26efbb84,not_implemented,False,missing
MEND_805e,130679,Charity Case,CATACLYSM,DRUID,ENCHANTMENT,False,,+3/+3.,444a886c8744786e6e64b64ffb2478b81fe6c37182e9ce9365216437ffc5471b,not_implemented,False,missing
MEND_900,127427,Teamwork,CATACLYSM,PALADIN,SPELL,True,,Summon and get four {0} Silver Hand Recruits.,d9a26ea4097cbf10a267df6b3440550aad2dac3671340ad0f7f55b9b96327e9d,not_implemented,False,missing
NEW_4183_Copy,121006,dummy ench,TIME_TRAVEL,NEUTRAL,ENCHANTMENT,False,,,e3b0c44298fc1c149afbf4c8996fb92427ae41e4649b934ca495991b7852b855,not_implemented,False,missing
RLK_008t,79278,Risen Ghoul,CORE,DEATHKNIGHT,MINION,False,RUSH,Rush Doesn't leave a Corpse.,8e3517ce77774e39f8bba81b5828babe9eb1154cfa7ca6e87d3fca68da22d867,not_implemented,False,missing
RLK_024,78324,Death Strike,CORE,DEATHKNIGHT,SPELL,True,LIFESTEAL,Lifesteal Deal $6 damage to a minion.,7415a28f14e2d71f1c3f053651d9cf4259ab3b56e287dcd6f7dbc3db09b2e6b3,not_implemented,False,missing
RLK_025,78325,Frost Strike,CORE,DEATHKNIGHT,SPELL,True,,"Deal $3 damage to a minion. If it dies, Discover a Frost Rune card.",565c5ce37e20417df1ff80d54cccdc8c1a3efb59d2f09ed305fb7fd1f53a8c4c,not_implemented,False,missing
RLK_039t,87267,Grain Crate,CORE,DEATHKNIGHT,SPELL,False,,Casts When Drawn Summon a 2/2 Undead Peasant.,8b17a107031e2dd0d535982fec8f1929f80e70316714ae98acc566d754f92acd,not_implemented,False,missing
RLK_048,78342,Anti-Magic Shell,CORE,DEATHKNIGHT,SPELL,True,,Give your minions +1/+1 and Elusive.,265228223b100268fa7a1e5630ca36854d86455c2dbe36a56d2049c38a1b8ad1,not_implemented,False,missing
RLK_048e,78557,Anti-Magic Shell,CORE,DEATHKNIGHT,ENCHANTMENT,False,,+1/+1 and Elusive.,bd9f950635dd0fa96406b4f0953efccc4ed4aa3ac9f6c800200050de870e13ef,not_implemented,False,missing
RLK_060,78352,Army of the Dead,CORE,DEATHKNIGHT,SPELL,True,,Raise up to 5 Corpses as 2/2 Risen Ghouls with Rush.,fb90d88ab8e3c2fadf151b42dad8981d183a1fac4bee618857008bf23a375ae2,not_implemented,False,missing
RLK_061,78353,Battlefield Necromancer,CORE,DEATHKNIGHT,MINION,True,TRIGGER_VISUAL,"At the end of your turn, raise a Corpse as a 1/3 Risen Footman with Taunt.",a5f011e55029576c0dc8a58ff278f9dd381ab3d6e48971c7a21b5d249dc8199b,not_implemented,False,missing
RLK_061t,78570,Risen Footman,CORE,DEATHKNIGHT,MINION,False,TAUNT,Taunt Doesn't leave a Corpse.,932eea5ebb211a7923fc3e5b11b2fc2855d9ed30e46cfddf3c30d3988b56d119,not_implemented,False,missing
RLK_067,78357,Corrupted Ashbringer,CORE,DEATHKNIGHT,WEAPON,True,LIFESTEAL,Lifesteal,3fa7fb78015de1ab3cb62a2032789b047c7f4b247372c823a3be42abb6e9e6f1,not_implemented,False,missing
RLK_077t,78632,Possessed Fighter,CORE,DEATHKNIGHT,MINION,False,"REBORN,RUSH",Rush Reborn,fe1c4b84285e87e32437a58e4e3bd3d6c3bf115acc8ea284ad0a1807e9f0b4d0,not_implemented,False,missing
RLK_085t,86736,Risen Golem,CORE,DEATHKNIGHT,MINION,False,RUSH,Rush Doesn't leave a Corpse.,8e3517ce77774e39f8bba81b5828babe9eb1154cfa7ca6e87d3fca68da22d867,not_implemented,False,missing
RLK_223,86731,Thassarian,CORE,DEATHKNIGHT,MINION,True,"BATTLECRY,DEATHRATTLE,REBORN",Reborn Battlecry and Deathrattle: Deal 2 damage to a random enemy.,a520e30ade1737e244767ba2ec15a98cd10ab21d9f3c43ee72ea1cfcbd6fbbe5,not_implemented,False,missing
RLK_226t,91360,Risen Ymirjar,CORE,DEATHKNIGHT,MINION,False,TAUNT,Taunt Doesn't leave a Corpse.,932eea5ebb211a7923fc3e5b11b2fc2855d9ed30e46cfddf3c30d3988b56d119,not_implemented,False,missing
RLK_503,80818,Body Bagger,CORE,DEATHKNIGHT,MINION,True,BATTLECRY,Battlecry: Gain a Corpse.,8681c30a9a21a30d4ac317dbca8b37a0b7d6d59379bc64d9348c695a7b176b98,legacy_compatibility,True,focused_or_regression_tests
RLK_511,81972,Harbinger of Winter,CORE,DEATHKNIGHT,MINION,True,DEATHRATTLE,Deathrattle: Draw a Frost spell.,b739ce1d611b7852e5f2446b584c7b9f3d6e0a05a6c22b59bc63ccb440e2232b,not_implemented,False,missing
RLK_705t,80643,Shambling Zombie,CORE,DEATHKNIGHT,MINION,False,REBORN,Reborn,388c9225a0d44757fb34160872c30e57879cbe07227ae63649d92c3f417fd8a4,not_implemented,False,missing
RLK_707,80645,Grave Strength,CORE,DEATHKNIGHT,SPELL,True,,Give your minions +1 Attack. Spend 5 Corpses to give them +3 instead.,9225b4d17dffc07778ad47499cfec28c184be95f21930e0892d0031436c8ebb9,not_implemented,False,missing
RLK_708,80647,Chillfallen Baron,CORE,DEATHKNIGHT,MINION,True,"BATTLECRY,DEATHRATTLE",Battlecry and Deathrattle: Draw a card.,32ec3bdfd19d423813d60a1ffdd46464abb3c1f05247e5302594695dcf29d598,declarative,True,focused_or_regression_tests
RLK_709,80648,Remorseless Winter,CORE,DEATHKNIGHT,SPELL,True,,Deal $2 damage to all enemies. Draw a card.,f40f1c6871ef2feda9acc4db1db5c667d351b1f2562143adb15d6af70d1afddc,not_implemented,False,missing
RLK_720,80819,Gnome Muncher,CORE,DEATHKNIGHT,MINION,True,"LIFESTEAL,TAUNT,TRIGGER_VISUAL","Taunt, Lifesteal At the end of your turn, attack the lowest Health enemy.",5b03c1f90f9f8ee9c811292c2ab0c3147cf7edccc4e5a7f28adc1838791a29b7,not_implemented,False,missing
RLK_907t,83057,Rime Elemental,CORE,DEATHKNIGHT,MINION,False,DEATHRATTLE,Deathrattle: Deal 2 damage to a random enemy.,74e391a0daa46d1c8a98bf9ae64a17dfce9b68870ea0017660b0352092854803,not_implemented,False,missing
RLK_958,86190,Skeletal Sidekick,CORE,DEATHKNIGHT,MINION,True,BATTLECRY,Battlecry: Give a friendly Undead +2 Attack.,87bd9a4bce9d21a1ec69338bcf7f7fbf5103b5b173716a7dc3f5c55fd6b3c233,legacy_compatibility,True,focused_or_regression_tests
RLK_Prologue_503,100686,Body Bagger,CORE,DEATHKNIGHT,MINION,False,BATTLECRY,Battlecry: Gain a Corpse.,8681c30a9a21a30d4ac317dbca8b37a0b7d6d59379bc64d9348c695a7b176b98,not_implemented,False,missing
RLK_Prologue_CS3_017,100832,Gan'arg Glaivesmith,CORE,DEMONHUNTER,MINION,False,OUTCAST,Outcast: Give your hero +3 Attack this turn.,acb7039fad1b3ce4b91b4231df4aef6864fbe5cd7fa2473bc3ff6d63e26c894d,not_implemented,False,missing
RLK_Prologue_CS3_017e,100833,Felfist,CORE,DEMONHUNTER,ENCHANTMENT,False,TAG_ONE_TURN_EFFECT,+3 Attack this turn.,9923f8325e11a65972b4ba5dac47bb0432d12c32c9e4c6a58e0ceef89effa6fd,not_implemented,False,missing
RLK_Prologue_CS3_029e,100664,Pursuit of Justice,CORE,PALADIN,ENCHANTMENT,False,,Your Silver Hand Recruits have +1 Attack.,7a2f439d764ee00a15b0a62e762cc42ad2dbbcabedad113d5ed6efd2a704bd83,not_implemented,False,missing
RLK_Prologue_CS3_029e2,100665,Pursuit of Justice,CORE,PALADIN,ENCHANTMENT,False,,+1 Attack.,da9702f303d6e735aba7c40477f38a1b7f086b28e4b9a0ae105228e6b77720fe,not_implemented,False,missing
RLK_Prologue_RLK_008t,100769,Risen Ghoul,CORE,DEATHKNIGHT,MINION,False,RUSH,Rush Doesn't leave a Corpse.,8e3517ce77774e39f8bba81b5828babe9eb1154cfa7ca6e87d3fca68da22d867,not_implemented,False,missing
RLK_Prologue_RLK_024,100713,Death Strike,CORE,DEATHKNIGHT,SPELL,False,LIFESTEAL,Lifesteal Deal $6 damage to a minion.,7415a28f14e2d71f1c3f053651d9cf4259ab3b56e287dcd6f7dbc3db09b2e6b3,not_implemented,False,missing
RLK_Prologue_RLK_024_AI,101013,Death Strike,CORE,DEATHKNIGHT,SPELL,False,LIFESTEAL,Lifesteal Deal $6 damage to a minion.,7415a28f14e2d71f1c3f053651d9cf4259ab3b56e287dcd6f7dbc3db09b2e6b3,not_implemented,False,missing
RLK_Prologue_RLK_034,100725,Heart Strike,CORE,DEATHKNIGHT,SPELL,False,,"Deal $3 damage to a minion. If it dies, gain a Corpse.",28cc01edc2191572c93697380b36ac2d8059f51c259a71a11720db2487f1ed87,not_implemented,False,missing
RLK_Prologue_RLK_048,100755,Anti-Magic Shell,CORE,DEATHKNIGHT,SPELL,False,,Give your minions +1/+1 and Elusive.,265228223b100268fa7a1e5630ca36854d86455c2dbe36a56d2049c38a1b8ad1,not_implemented,False,missing
RLK_Prologue_RLK_048e,100756,Anti-Magic Shell,CORE,DEATHKNIGHT,ENCHANTMENT,False,,+1/+1 and Elusive.,bd9f950635dd0fa96406b4f0953efccc4ed4aa3ac9f6c800200050de870e13ef,not_implemented,False,missing
RLK_Prologue_RLK_060,100768,Army of the Dead,CORE,DEATHKNIGHT,SPELL,False,,Raise up to 5 Corpses as 2/2 Risen Ghouls with Rush.,fb90d88ab8e3c2fadf151b42dad8981d183a1fac4bee618857008bf23a375ae2,not_implemented,False,missing
RLK_Prologue_RLK_061,100747,Battlefield Necromancer,CORE,DEATHKNIGHT,MINION,False,TRIGGER_VISUAL,"At the end of your turn, raise a Corpse as a 1/2 Risen Footman with Taunt.",f75e74882ce220616897da615a2d1893d0f2bf5534e945cf3138edae5a377c31,not_implemented,False,missing
RLK_Prologue_RLK_061t,100748,Risen Footman,CORE,DEATHKNIGHT,MINION,False,TAUNT,Taunt Doesn't leave a Corpse.,932eea5ebb211a7923fc3e5b11b2fc2855d9ed30e46cfddf3c30d3988b56d119,not_implemented,False,missing
RLK_Prologue_RLK_071,100734,Patchwerk,CORE,DEATHKNIGHT,MINION,False,BATTLECRY,"Battlecry: Destroy a random minion in your opponent's hand, deck, and battlefield.",146b22dc236838606a1b42bfcd7eb716dc750a1d8552d9c9a7d207ed6847504e,not_implemented,False,missing
RLK_Prologue_RLK_079,100689,Noxious Cadaver,CORE,DEATHKNIGHT,MINION,False,BATTLECRY,Battlecry: Deal 2 damage to an enemy and your hero.,f6f8678dae338cd62c2f64278f990f0e0a5c9484e19ccf01f37abecf2e7719c6,not_implemented,False,missing
RLK_Prologue_RLK_082,100731,Deathbringer Saurfang,CORE,DEATHKNIGHT,MINION,False,"DEATHRATTLE,TAUNT",Taunt Deathrattle: Return this to your hand. It costs Health instead of Mana.,476156c4b9b2d0bd82b48da811c0fe1290989b29dc4eaca1585aeb09e3bd9306,not_implemented,False,missing
RLK_Prologue_RLK_101,100795,Defrost,CORE,DEATHKNIGHT,SPELL,False,,Draw a card. Spend 2 Corpses to draw another.,c80f845a248299d34a4892cf4905e73dc026f10fb62d7869f628f2ce80ebac27,not_implemented,False,missing
RLK_Prologue_RLK_115,100803,Repulsive Gargantuan,CORE,DEATHKNIGHT,MINION,False,AURA,Enemy characters can't be healed.,74e375b4a90c5d760e5f0644a8edcc83a8808a00189b16ad6fa82d128c871f96,not_implemented,False,missing
RLK_Prologue_RLK_125,100693,Obliterate,CORE,DEATHKNIGHT,SPELL,False,ImmuneToSpellpower,Destroy a minion. Your hero takes damage equal to its Health.,3b664cc61c2d03eb5ac75b74d7eac1a5342a536dd11f68979a01f99ac99710bb,not_implemented,False,missing
RLK_Prologue_RLK_125_AI,101014,Obliterate,CORE,DEATHKNIGHT,SPELL,False,ImmuneToSpellpower,Destroy a minion. Your hero takes damage equal to its Health.,3b664cc61c2d03eb5ac75b74d7eac1a5342a536dd11f68979a01f99ac99710bb,not_implemented,False,missing
RLK_Prologue_RLK_223,100804,Thassarian,CORE,DEATHKNIGHT,MINION,False,"BATTLECRY,DEATHRATTLE,REBORN",Reborn Battlecry and Deathrattle: Deal 2 damage to a random enemy.,a520e30ade1737e244767ba2ec15a98cd10ab21d9f3c43ee72ea1cfcbd6fbbe5,not_implemented,False,missing
RLK_Prologue_RLK_224,100808,Overseer Frigidara,CORE,DEATHKNIGHT,MINION,False,BATTLECRY,"Battlecry: Draw 2 spells. If they're both Frost spells, deal 2 damage to all enemies.",b95fee2249ee7dc8f8dbe96bfb940ece3769b3d6e57fd8f8d54540a5693727bc,not_implemented,False,missing
RLK_Prologue_RLK_226,100760,Ymirjar Deathbringer,CORE,DEATHKNIGHT,MINION,False,"DEATHRATTLE,TAUNT",Taunt. Deathrattle: Spend 3 Corpses to summon a 3/3 Risen Ymirjar with Taunt.,2771aaf01dd55665359760206a1962604e644333e365f2c4670b5583b49072fd,not_implemented,False,missing
RLK_Prologue_RLK_226t,100761,Risen Ymirjar,CORE,DEATHKNIGHT,MINION,False,TAUNT,Taunt Doesn't leave a Corpse.,932eea5ebb211a7923fc3e5b11b2fc2855d9ed30e46cfddf3c30d3988b56d119,not_implemented,False,missing
RLK_Prologue_RLK_511,100796,Harbinger of Winter,CORE,DEATHKNIGHT,MINION,False,DEATHRATTLE,Deathrattle: Draw a Frost spell.,b739ce1d611b7852e5f2446b584c7b9f3d6e0a05a6c22b59bc63ccb440e2232b,not_implemented,False,missing
RLK_Prologue_RLK_705,100757,Graveyard Shift,CORE,DEATHKNIGHT,SPELL,False,,Summon two 1/1 Zombies with Reborn.,16f758d5ad8ada74146d471741b2c856afc52371bd950ce5755d499e0b75c446,not_implemented,False,missing
RLK_Prologue_RLK_705t,100758,Shambling Zombie,CORE,DEATHKNIGHT,MINION,False,REBORN,Reborn,388c9225a0d44757fb34160872c30e57879cbe07227ae63649d92c3f417fd8a4,not_implemented,False,missing
RLK_Prologue_RLK_707,100762,Grave Strength,CORE,DEATHKNIGHT,SPELL,False,,Give your minions +1 Attack. Spend 5 Corpses to give them +3 instead.,9225b4d17dffc07778ad47499cfec28c184be95f21930e0892d0031436c8ebb9,not_implemented,False,missing
RLK_Prologue_RLK_708,100729,Chillfallen Baron,CORE,DEATHKNIGHT,MINION,False,"BATTLECRY,DEATHRATTLE",Battlecry and Deathrattle: Draw a card.,32ec3bdfd19d423813d60a1ffdd46464abb3c1f05247e5302594695dcf29d598,not_implemented,False,missing
RLK_Prologue_RLK_709,100802,Remorseless Winter,CORE,DEATHKNIGHT,SPELL,False,,Deal $2 damage to all enemies. Draw a card.,f40f1c6871ef2feda9acc4db1db5c667d351b1f2562143adb15d6af70d1afddc,not_implemented,False,missing
RLK_Prologue_RLK_720,100733,Gnome Muncher,CORE,DEATHKNIGHT,MINION,False,"LIFESTEAL,TAUNT,TRIGGER_VISUAL","Taunt, Lifesteal At the end of your turn, attack the lowest Health enemy.",5b03c1f90f9f8ee9c811292c2ab0c3147cf7edccc4e5a7f28adc1838791a29b7,not_implemented,False,missing
RLK_Prologue_RLK_744,100770,Stitched Giant,CORE,DEATHKNIGHT,MINION,False,,Costs (1) less for each Corpse you've spent this game.,ccdd842d27c4d064d65a53ed988d8d2a915c03f18db508a2890b885a1e933571,not_implemented,False,missing
RLK_Prologue_RLK_752,100805,Rime Sculptor,CORE,DEATHKNIGHT,MINION,False,BATTLECRY,"Battlecry: Summon two 2/1 Rime Elementals with ""Deathrattle: Deal 2 damage to a random enemy.""",fe4f2d1d6b5b345ac3334c1f2251407ba7d8813b5a95f8b05b5423e5d5b4b8dd,not_implemented,False,missing
RLK_Prologue_RLK_753,100749,Bonedigger Geist,CORE,DEATHKNIGHT,MINION,False,BATTLECRY,Battlecry: Spend a Corpse to gain +1/+2.,959a3bfae7516b9d655b593553b4c907d2c5b3c60947eca684ce1b55fd2c602b,not_implemented,False,missing
RLK_Prologue_RLK_907t,100806,Rime Elemental,CORE,DEATHKNIGHT,MINION,False,DEATHRATTLE,Deathrattle: Deal 2 damage to a random enemy.,74e391a0daa46d1c8a98bf9ae64a17dfce9b68870ea0017660b0352092854803,not_implemented,False,missing
Story_09_DireWolfAlphaPuzzle,75916,Dire Wolf Alpha,CORE,NEUTRAL,MINION,False,"ADJACENT_BUFF,AURA",Adjacent minions have +1 Attack.,59d4e4847e5b00e6871ab879511662530cfe39dfa7b209f5463bd4a404fea02c,not_implemented,False,missing
Story_09_DrainSoul,75920,Drain Soul,CORE,WARLOCK,SPELL,False,LIFESTEAL,Lifesteal Deal $3 damage to a minion.,1da3362e894d325b8fa9c1d4cf23f7ef505c41d977798b0311ba6e85f6e53a5f,not_implemented,False,missing
Story_09_DreadInfernal,75960,Dread Infernal,CORE,WARLOCK,MINION,False,BATTLECRY,Battlecry: Deal 1 damage to ALL other characters.,4b42e73939bca75076162b7b83e00f99a7ca3518561b5a6e1db2d42a6a2880b7,not_implemented,False,missing
Story_09_FiendishCircle,75951,Fiendish Circle,CORE,WARLOCK,SPELL,False,,Summon four 1/1 Imps.,925193a14e681092b58899dc6c7aaffd0bca7f24de53d38f7769feefaedaf45d,not_implemented,False,missing
Story_09_FlameImp,75934,Flame Imp,CORE,WARLOCK,MINION,False,BATTLECRY,Battlecry: Deal 3 damage to your hero.,c2ebfaf68d814c28beec2ca79722f1920c229c90a39146cac7e8656c12e5a51a,not_implemented,False,missing
Story_09_HellfirePuzzle,75917,Hellfire,CORE,WARLOCK,SPELL,False,,Deal $3 damage to ALL characters.,63052469523ecf7c4f5a06dedf728fd8ff00db4e998a4084af7a70e171fd39a7,not_implemented,False,missing
Story_09_Imp,75912,Imp,CORE,WARLOCK,MINION,False,,,e3b0c44298fc1c149afbf4c8996fb92427ae41e4649b934ca495991b7852b855,not_implemented,False,missing
Story_09_MortalCoilPuzzle,75935,Mortal Coil,CORE,WARLOCK,SPELL,False,,"Deal $1 damage to a minion. If it dies, draw a card.",42fed741316b3708eb1078687d2de3fecb7dc8cc0dc2af12235b2a29cbf4b770,not_implemented,False,missing
Story_09_RitualofDoom,75921,Ritual of Doom,CORE,WARLOCK,SPELL,False,,"Destroy a friendly minion. If you had 5 or more, summon a 5/5 Demon.",aa0b9a71456aea69812f69ae0b6f5303c856f78846b2628e37c03e502ae94d78,not_implemented,False,missing
Story_09_StormwatcherPuzzle,75941,Stormwatcher,CORE,NEUTRAL,MINION,False,WINDFURY,Windfury,9409ea5a31e0c555256a52444a04b3a28052e45bbb1dbc22ca8a78615ace2ef5,not_implemented,False,missing
Story_11_FireballPuzzle,92186,Fireball,CORE,MAGE,SPELL,False,,Deal $6 damage.,c1a9b901409f63e6d95dc0ff0d1e1b1d6e5618496ee56570ca98b3d455867ed3,not_implemented,False,missing
Story_11_FlamestrikePuzzle,92304,Flamestrike,CORE,MAGE,SPELL,False,,Deal $5 damage to all enemy minions.,e44278a5e248189168fc0bbd4f0b7230991d02aec886c31cffd3f864fabbd24f,not_implemented,False,missing
Story_11_LightningStormPuzzle,92730,Lightning Storm,CORE,SHAMAN,SPELL,False,OVERLOAD,Deal $3 damage to all enemy minions. Overload: (2),e21ff87b3c494dec7a3265acd1f78d9d5f936d3cafb9bb81a39aaf2a99a08899,not_implemented,False,missing
Story_11_MortalCoil,93086,Mortal Coil,CORE,WARLOCK,SPELL,False,,"Deal $1 damage to a minion. If it dies, draw a card.",42fed741316b3708eb1078687d2de3fecb7dc8cc0dc2af12235b2a29cbf4b770,not_implemented,False,missing
TIME_000,118636,Semi-Stable Portal,TIME_TRAVEL,MAGE,SPELL,True,,Rewind Add a random minion to your hand. It costs (3) less.,781c07e2a277b29e1a7ad4efba9a5b569727bc0a8bbb545720fa12ab0846f82b,not_implemented,False,missing
TIME_000ta,119589,Keep Timeline,TIME_TRAVEL,NEUTRAL,SPELL,False,,Do nothing. This timeline is perfect as-is!,31cea9500a7028cf719dcb37696299cb6178d6edc0f42774ffc592eaf1ae62aa,not_implemented,False,missing
TIME_000tb,119636,Rewind Timeline,TIME_TRAVEL,NEUTRAL,SPELL,False,,Rewind the card's effect.,8b468f8e67a82bc8196cef3495e2928906853f941a3d3b6171bddb4761c09eab,not_implemented,False,missing
TIME_001,119270,Chrono Daggers,TIME_TRAVEL,ROGUE,SPELL,True,,Rewind Throw 3 knives at random enemies that deal $2 damage each.,41030085a514babd88a3fa8bbc3d2062beb75e26c39d6a40dac708da0526e6fa,legacy_compatibility,True,focused_or_regression_tests
TIME_002,119312,Aeon Wizard,TIME_TRAVEL,NEUTRAL,MINION,True,BATTLECRY,Rewind Battlecry: Get 2 random spells from your class.,484d631425555c30e42e5996aebf1a7169db4c253781089d914ab59ed76905d7,not_implemented,False,missing
TIME_003,119314,Portal Vanguard,TIME_TRAVEL,NEUTRAL,MINION,True,BATTLECRY,Rewind Battlecry: Draw a random minion. Give it +2/+2.,064eb6e4c65dbafccbd07f8b9d823e8c000f1f579443d2ca5ba1bd73e1e85066,legacy_compatibility,True,focused_or_regression_tests
TIME_003e,119316,Guarding Time,TIME_TRAVEL,NEUTRAL,ENCHANTMENT,False,,+2/+2.,6496ac6ee3bdc68621e62fed137957624c2b0bd825dd961051f0d8c2f5e4eb44,not_implemented,False,missing
TIME_004,119317,Conflux Crasher,TIME_TRAVEL,NEUTRAL,MINION,True,BATTLECRY,Rewind Battlecry: Deal 7 damage to a random enemy.,554ed48d93a524731a04b1c5f475b00c6b919a18f1f403d66955016c5348d1d7,legacy_compatibility,True,focused_or_regression_tests
TIME_005,119432,Timethief Rafaam,TIME_TRAVEL,WARLOCK,MINION,True,BATTLECRY,"Fabled+. Your deck size is 40, but has 10 Rafaams! Battlecry: If you played the rest, destroy the enemy hero.@ ({0} left!)@ (Ready!)",dde2cf1923fa7d64d0a30a86316369462fd4a3693fb82d68a90259ab9056e160,not_implemented,False,missing
TIME_005t1,119433,Tiny Rafaam,TIME_TRAVEL,WARLOCK,MINION,False,"BATTLECRY,DEATHRATTLE",Battlecry and Deathrattle: Draw a Rafaam.,0d350589c46e6fa4661cb3e5847d65c4ae8de4e41f4ea542a2aa38df8b086466,not_implemented,False,missing
TIME_005t2,119434,Green Rafaam,TIME_TRAVEL,WARLOCK,MINION,False,BATTLECRY,Battlecry: Give other Rafaams in your hand and battlefield +2/+2.,468227d6ccf4fbd516b032365b71785a5551f88da7e0e4136be646b4ea810867,not_implemented,False,missing
TIME_005t2e,119440,SUPREME GREENOLOGY!,TIME_TRAVEL,WARLOCK,ENCHANTMENT,False,,+2/+2.,6496ac6ee3bdc68621e62fed137957624c2b0bd825dd961051f0d8c2f5e4eb44,not_implemented,False,missing
TIME_005t3,119441,Explorer Rafaam,TIME_TRAVEL,WARLOCK,MINION,False,"BATTLECRY,DISCOVER",Battlecry: Discover a Rafaam from your deck.,69ae06a1fdf31967db3d76096d7863e30604a2dd7efc143f1ae4dc2f5da81367,not_implemented,False,missing
TIME_005t4,119443,Warchief Rafaam,TIME_TRAVEL,WARLOCK,MINION,False,BATTLECRY,"Battlecry: Gain 5 Armor. If you're holding another Rafaam, gain 5 more.",f7ff476024005907b0116f3e32d247c61b867f6b3d07bad5874e56e5712b6411,not_implemented,False,missing
TIME_005t5,119444,Mindflayer R'faam,TIME_TRAVEL,WARLOCK,MINION,False,"BATTLECRY,TAUNT","Taunt Battlecry: If you're holding another Rafaam, summon a copy of this.",22990fa5dbcc2adb5c06470f91f528921143419a8022b8152354917e87dcb680,not_implemented,False,missing
TIME_005t6,119445,Calamitous Rafaam,TIME_TRAVEL,WARLOCK,MINION,False,BATTLECRY,Battlecry: Deal 6 damage to all minions that aren't Rafaam.,68b374ac013aedf733caa26132588ef07b667b64a065d5e6285457c9d965ca10,not_implemented,False,missing
TIME_005t7,119446,Giant Rafaam,TIME_TRAVEL,WARLOCK,MINION,False,RUSH,Rush. Costs (1) less for each Rafaam you've played this game.,4966ea867abd574762f6fed5c963fb30e2a30489ad16ccce91c31d7c04001955,not_implemented,False,missing
TIME_005t8,119447,Murloc Rafaam,TIME_TRAVEL,WARLOCK,MINION,False,BATTLECRY,Battlecry: The next Rafaam you play costs (3) less.,cd8bc6731953ce2ec1b6bb86c40ede483464b4ce16648db05986f54f55dd9766,not_implemented,False,missing
TIME_005t8e,119448,MRGLEERM MRGLOSLGY!!,TIME_TRAVEL,WARLOCK,ENCHANTMENT,False,,Your next Rafaam costs (3) less.,05f42601d20b3474f26d8356d6d4cf38c71fa63a5544caaaadcb1f06de1c3c9f,not_implemented,False,missing
TIME_005t9,119450,Archmage Rafaam,TIME_TRAVEL,WARLOCK,MINION,False,BATTLECRY,Battlecry: Transform all minions that aren't Rafaam into 1/1 Sheep.,eb8289999ce44cbae6e0257379c9ebf0bc8560c8787bf3b30c16418c06058fba,not_implemented,False,missing
TIME_005t9t,119562,Baaaafam,TIME_TRAVEL,WARLOCK,MINION,False,,,e3b0c44298fc1c149afbf4c8996fb92427ae41e4649b934ca495991b7852b855,not_implemented,False,missing
TIME_006,119541,Mirror Dimension,TIME_TRAVEL,MAGE,SPELL,True,,"Summon a 0/4 minion with Taunt. If you are holding a Dragon, summon another.",0c46aa65e8e2296ac71a53d3172ab8a4983d014acb8fde09f5a34b63dce8953e,not_implemented,False,missing
TIME_006t1,119916,Mirrored Mage,TIME_TRAVEL,MAGE,MINION,False,TAUNT,Taunt,aa1c342daeb99a7dd8a63d75bed9ad127b763c6cd74891b0ce1a090898c7534e,not_implemented,False,missing
TIME_008,119545,Bygone Doomspeaker,TIME_TRAVEL,WARLOCK,MINION,True,BATTLECRY,Rewind Battlecry: Both players discard a random card.,ea5639b9f6dde0f2cc7d475b0f80146050faae68cb2c82838c35ec3c485aca10,legacy_compatibility,True,focused_or_regression_tests
TIME_009,119918,Gelbin of Tomorrow,TIME_TRAVEL,PALADIN,MINION,True,BATTLECRY,Fabled Battlecry: Put one of each Aura from your deck into the battlefield.,f0c66eaf76dcb42e2bfc677087092a61d8073cb7ee39d0551600558cfe3d60ec,not_implemented,False,missing
TIME_009t1,119919,Gnomish Aura,TIME_TRAVEL,PALADIN,SPELL,False,TRADEABLE,"Tradeable At the end of your turn, restore #4 Health to all your characters. Lasts 3 turns.",19e418241561bc0af5ac13a53ad1e40c97ff1a603c59bb5473e6acc11d3ea7d0,not_implemented,False,missing
TIME_009t2,119920,Mekkatorque's Aura,TIME_TRAVEL,PALADIN,SPELL,False,TRADEABLE,"Tradeable. At the end of your turn, give a random friendly minion +4/+4 and Divine Shield. Lasts 3 turns.",9bd74da0f8614759b90658cadb63113be356df354394f876eebc633c8a152dab,not_implemented,False,missing
TIME_009t2e,120815,For Gnomeregan!,TIME_TRAVEL,PALADIN,ENCHANTMENT,False,,+4/+4.,20f1be80257a933397600da2dfe7c79c32b25bbeb3c1cde7ff318b1eb033eeb0,not_implemented,False,missing
TIME_013,119686,Farseer Wo,TIME_TRAVEL,SHAMAN,MINION,True,"DISCOVER,ELUSIVE,TRIGGER_VISUAL","Elusive After you cast a spell, Discover a Nature spell from the past.",62e30ff6ba81d310f79d707790676b8a87c8b25f82e93c36d326b6334b1748c1,not_implemented,False,missing
TIME_014,119688,Instant Multiverse,TIME_TRAVEL,SHAMAN,SPELL,True,OVERLOAD,Rewind Summon 12 Mana worth of random minions. Overload: (3),41dc0d55ad7ed562cd553c57a28233eda8d9119676b5b311d854d9cec23ae262,not_implemented,False,missing
TIME_015,119963,Hardlight Protector,TIME_TRAVEL,PALADIN,MINION,True,"BATTLECRY,DIVINE_SHIELD",Divine Shield Battlecry: Restore #3 Health to your hero and give them Divine Shield.,4ff578556829fb4ad35c31bdbfff61312cfdf2c5458d3cfb9393962b343d1f35,declarative,True,focused_or_regression_tests
TIME_016,119964,Neon Innovation,TIME_TRAVEL,PALADIN,SPELL,True,"DISCOVER,GEARS",Discover a Paladin Mech from the past. Give it +5/+5.,55fe6e8d99f5f78710c2242cf0be6ca63e04af83f2086f76b705b9fc38488572,not_implemented,False,missing
TIME_016e,123406,Neon Sign,TIME_TRAVEL,PALADIN,ENCHANTMENT,False,,+5/+5.,96c2da060cc4cc95b680ff54aa5da2770aad57b28a975232f41679704bce410a,not_implemented,False,missing
TIME_017,119965,Tankgineer,TIME_TRAVEL,PALADIN,MINION,True,"DEATHRATTLE,DIVINE_SHIELD",Divine Shield Deathrattle: Summon a 7/7 Tank with Divine Shield.,c1910999781f7bb5b4ff6af6e437f949e235df6d348375fb0a1afb7abd7a14b1,legacy_compatibility,True,focused_or_regression_tests
TIME_018,119977,Mend the Timeline,TIME_TRAVEL,PALADIN,SPELL,True,,Rewind Get 2 random Holy spells. Restore Health to your hero equal to their Costs.,a5b95724fff2e05d2cfc9787fef06c28b5e7728b9fcb7124d810020698a0a524,not_implemented,False,missing
TIME_019,120011,Manifested Timeways,TIME_TRAVEL,PALADIN,MINION,True,BATTLECRY,"Battlecry: If you control an Aura, deal 3 damage to all enemies.",abe1bfc0f6485a053a938bbdd99bbedddb379b0cd600dbf0111b82bcc67aa083,not_implemented,False,missing
TIME_020,120074,Broxigar,TIME_TRAVEL,DEMONHUNTER,MINION,True,"CHARGE,START_OF_GAME_KEYWORD","Fabled, Charge Start of Game: Disappear. Kill all 4 Demons from Argus to reappear in hand.",54da3adaceeef3517c98b54b926fac6544764cc844f1a79ff252520139db25a8,not_implemented,False,missing
TIME_020t1,120082,Axe of Cenarius,TIME_TRAVEL,DEMONHUNTER,WEAPON,False,"LIFESTEAL,TRIGGER_VISUAL","Lifesteal After your hero attacks and kills a minion, draw a Portal to Argus.",e38ca4c1187c6aa695761e6ca1c6f769a52e794d152e48be8dfc512f3e19504b,not_implemented,False,missing
TIME_020t2,120083,First Portal to Argus,TIME_TRAVEL,DEMONHUNTER,SPELL,False,,"Summon a 1/1 Demon for your opponent. When it dies, draw a card and shuffle the next Portal into your deck.",054abeca924c46d3ff2612e046806ee9d09a3342e6045ed6512fa8b2cc64f20a,not_implemented,False,missing
TIME_020t2t,120142,Fleeing Ur'zul,TIME_TRAVEL,DEMONHUNTER,MINION,False,DEATHRATTLE,Deathrattle: Your opponent draws a card. Shuffle the Second Portal to Argus into their deck.,a1163add944e27af4e64be8040ed3d75ffd513f1aac859522a0b2c8d996feae6,not_implemented,False,missing
TIME_020t3,120164,Second Portal to Argus,TIME_TRAVEL,DEMONHUNTER,SPELL,False,,"Summon a 2/1 Demon for your opponent. When it dies, draw a card and shuffle the next Portal into your deck.",eed9cfe01ffac1dfc31844c1e69a73e9eb7d121b3412adc8fa988c29aa612a1e,not_implemented,False,missing
TIME_020t3t,120165,Fleeing Incubus,TIME_TRAVEL,DEMONHUNTER,MINION,False,DEATHRATTLE,Deathrattle: Your opponent draws a card. Shuffle the Third Portal to Argus into their deck.,46cc6860ed49ec1dff4c3fa088d1b407b05cc70af75d9ae2d6dca5346aff8895,not_implemented,False,missing
TIME_020t4,120166,Third Portal to Argus,TIME_TRAVEL,DEMONHUNTER,SPELL,False,,"Summon a 3/1 Demon for your opponent. When it dies, draw a card and shuffle the next Portal into your deck.",a1620bd12d98f430b6cf5b5647dc19672cc3931af605e6dbe0f2029f539326f6,not_implemented,False,missing
TIME_020t4t,120167,Fleeing Wrathguard,TIME_TRAVEL,DEMONHUNTER,MINION,False,DEATHRATTLE,Deathrattle: Your opponent draws a card. Shuffle the Final Portal to Argus into their deck.,c50c609cc578876aed1f6f74a16461c2416af631f86526c5c53223996764c778,not_implemented,False,missing
TIME_020t5,120168,Final Portal to Argus,TIME_TRAVEL,DEMONHUNTER,SPELL,False,,"Summon a 4/1 Demon for your opponent. When it dies, Broxigar reappears in your hand.",58d6dad81836559705c835ae3328d8fadb81ee2b47a8c9a5cc1deab74534578a,not_implemented,False,missing
TIME_020t5t,120169,Fleeing Terrorguard,TIME_TRAVEL,DEMONHUNTER,MINION,False,DEATHRATTLE,Deathrattle: Broxigar reappears in your opponent's hand.,8951936aaceb21fe9cb433a5a5b784ab0f2a3dfc0bdba2b11258a62d94b34b27,not_implemented,False,missing
TIME_021,120179,Doomsday Prepper,TIME_TRAVEL,DEMONHUNTER,MINION,True,OUTCAST,Outcast: Your hero is Immune until your next turn.,f396d000994f4ba9ecb6a8bb0cf1663c9775a10ede4c8e12ed186bfb68250f6b,not_implemented,False,missing
TIME_022,120181,Perennial Serpent,TIME_TRAVEL,DEMONHUNTER,MINION,True,RUSH,Rush Costs (4) less if a minion is Dormant.,3ec0e5dfa4c76aa66d2c47b1fb14fd874cd62399deff996cf8e52398fabf425e,not_implemented,False,missing
TIME_023,120208,Contingency,TIME_TRAVEL,DRUID,SPELL,True,,Draw the bottom two cards from your deck.,2a95b75174f9b05a5de1c5c8d812f8fd9a3c3732183f051067b8a2021db4fc45,not_implemented,False,missing
TIME_024,120266,"Murozond, Unbounded",TIME_TRAVEL,NEUTRAL,MINION,True,BATTLECRY,"Battlecry: At the start of your next turn, set this minion's Attack to INFINITY!",4521eb5ed54efa6908e43a609a3618ccc2a6fa6c49c3eec5d4fd85d87e13d180,declarative,True,focused_or_regression_tests
TIME_024e,120267,INFINITE POWER!,TIME_TRAVEL,NEUTRAL,ENCHANTMENT,False,,Attack set to INFINITY!,b076c91f91ec9b2ac2abceaff04abe5248922db0fea9eafb1089e8cd36b04914,not_implemented,False,missing
TIME_024e2,121170,"Murozond, End of Time",TIME_TRAVEL,NEUTRAL,ENCHANTMENT,False,,"At the start of your next turn, set Murozond's Attack to INFINITY!",fcecb080cb524cf873b5ea461c38d5f82d5d69878e0d8f96a254bd054efb7112,not_implemented,False,missing
TIME_025,120482,Twilight Timehopper,TIME_TRAVEL,WARLOCK,MINION,True,BATTLECRY,"Battlecry: Shuffle 2 Shreds of Time into your deck. When drawn, deal 3 damage to your hero.",aba51b2298c60812b6a7c456792071c68325f7b11c8a6bd2211ab1ade2da7889,not_implemented,False,missing
TIME_025t,120483,Shred of Time,TIME_TRAVEL,WARLOCK,SPELL,False,ImmuneToSpellpower,Casts When Drawn Deal $3 damage to your hero.,ed466dbaed1635813297a09f6e7c8504abb6b308a23f698238aecb45df389fe2,not_implemented,False,missing
TIME_026,120484,Entropic Continuity,TIME_TRAVEL,WARLOCK,SPELL,True,,Give your minions +1/+1. Shuffle 2 Shreds of Time into your deck.,47252ebfa9472680d4185470095cf249083b3a184ab860f1f7415f7fc1841b47,not_implemented,False,missing
TIME_026e,122474,Ruptured Reality,TIME_TRAVEL,NEUTRAL,ENCHANTMENT,False,,+1/+1.,afc89c2ca41679d8ca8a2c52feea4637bb75b326ab9a2cdeac23cd43d9259603,not_implemented,False,missing
TIME_027,120485,Tachyon Barrage,TIME_TRAVEL,WARLOCK,SPELL,True,ImmuneToSpellpower,Deal $6 damage split among all enemies. Shuffle 2 Shreds of Time into your deck.,b5d234274e624a45a2f4ba07fafb103d2b83df4c55d80b42b2b2947703af7b22,not_implemented,False,missing
TIME_028,120487,Fatebreaker,TIME_TRAVEL,WARLOCK,MINION,True,"BATTLECRY,LIFESTEAL",Lifesteal Battlecry: Cast a Shred of Time from your deck to gain +3/+3.,609c46a8a74b35453455cff7b7cb335a466694874861b32602a63ce70bbd3848,not_implemented,False,missing
TIME_028e,122320,Fate Broken,TIME_TRAVEL,WARLOCK,ENCHANTMENT,False,,+3/+3.,444a886c8744786e6e64b64ffb2478b81fe6c37182e9ce9365216437ffc5471b,not_implemented,False,missing
TIME_029,120488,Ruinous Velocidrake,TIME_TRAVEL,WARLOCK,MINION,True,"BATTLECRY,RUSH",Rush Battlecry: Cast a Shred of Time from your deck to summon a copy of this.,d29681a2481176ff3d96b6ffb3da809c8df4da576cdac1462682ea0e0c19771f,not_implemented,False,missing
TIME_030,120489,Divergence,TIME_TRAVEL,WARLOCK,SPELL,True,,Split a random minion in your hand into two halves.,6c823bd9c8cb0c06de6865748923de18ba6eabd375179c910bb85da6c717b0bc,not_implemented,False,missing
TIME_030e1,123012,Divergent,TIME_TRAVEL,WARLOCK,ENCHANTMENT,False,,Cost split in half.,ded974b7bf7a9ce723812b2f215fd25ef2e91f878115953b29713f30f0e52f15,not_implemented,False,missing
TIME_030e2,123013,Diverged,TIME_TRAVEL,WARLOCK,ENCHANTMENT,False,,Attack and Health split in half.,b7a8bebfe8ba07e6a98e2601ad82e3313312636d76772a33a34165d287fe6a92,not_implemented,False,missing
TIME_031,120490,RAFAAM LADDER!!,TIME_TRAVEL,WARLOCK,SPELL,True,,Draw 3 cards of different Costs.,060beee20cdb4264f9bc24fcdde1a20dee6e207078c2650257b66abfb76da411,not_implemented,False,missing
TIME_032,120491,Chronogor,TIME_TRAVEL,WARLOCK,MINION,True,BATTLECRY,Battlecry: You draw your 2 highest Cost cards. Your opponent draws your 2 lowest Cost cards.,c049d6a58d8ef9af3a9c8328e60e4b9b7edc4cdbfd4798b38efe1982a9e5c2b6,not_implemented,False,missing
TIME_033,120499,Druid of Regrowth,TIME_TRAVEL,DRUID,MINION,True,BATTLECRY,Rewind Battlecry: Cast 2 random Nature spells.,95b5f7a650e7ec94427d95cf88c376547a37f8d20f86b495e3fd842dcd87bb36,not_implemented,False,missing
TIME_034,120503,Stadium Announcer,TIME_TRAVEL,WARRIOR,MINION,True,BATTLECRY,Rewind Battlecry: Both players equip a random weapon. Give yours +1/+1.,6985d9d4b7cbc85f23c5c18c16f458321b42171bc567e821631d2a019708d5ae,legacy_compatibility,True,focused_or_regression_tests
TIME_034e,120504,Upper Hand,TIME_TRAVEL,WARRIOR,ENCHANTMENT,False,,+1/+1.,afc89c2ca41679d8ca8a2c52feea4637bb75b326ab9a2cdeac23cd43d9259603,not_implemented,False,missing
TIME_035,120506,Time Machine,TIME_TRAVEL,NEUTRAL,MINION,True,"DEATHRATTLE,TAUNT",Taunt Deathrattle: Get a random Rewind card.,0183faa82295ae61883d2173424302639c48c2f617fdbfc7a41714f38309569e,not_implemented,False,missing
TIME_036,120534,Royal Informant,TIME_TRAVEL,ROGUE,MINION,True,BATTLECRY,Battlecry: Look at the right- most card in your opponent's hand. Either get a copy of it or increase its Cost by (2).,05668eb236a056816514d64437a9fb4e55b785c588b6d77facfd7fdc486fbbbd,not_implemented,False,missing
TIME_036e,122964,Threat Mitigation,TIME_TRAVEL,ROGUE,ENCHANTMENT,False,,Costs (2) more.,ff808c35db6a4b21debf4dd72513691d578e2f2debd3d67c5720936f3c12b85a,not_implemented,False,missing
TIME_036t,122962,Mitigate Threat,TIME_TRAVEL,ROGUE,SPELL,False,,Increase the Cost of your opponent's card by (2).,e4d7e11385049e36a2d42308071e240d677625ce68ae4e387abcd5577ec621f9,not_implemented,False,missing
TIME_037,120547,Disciple of the Dove,TIME_TRAVEL,PRIEST,MINION,True,BATTLECRY,Battlecry: Draw a minion. Give minions in your hand +2 Health.,4b942788862a6736ffcf57edc8768c4eae687ea6e42f7d95029be5926fcdb046,not_implemented,False,missing
TIME_037e,120643,Dove's Blessing,TIME_TRAVEL,NEUTRAL,ENCHANTMENT,False,,+2 Health.,4537d2f8b2241fa9afe523e83498ca53ffec37f32e64a1e49622488d8416d655,not_implemented,False,missing
TIME_038,120646,Mister Clocksworth,TIME_TRAVEL,NEUTRAL,MINION,True,BATTLECRY,"Rewind, Rewind, Rewind Battlecry: Summon 2 random Legendary minions.",7762c0910c336c19b256cb996e4122d089d526b929e80b20c38ff57300e181a7,not_implemented,False,missing
TIME_038t1,120982,Mister Clocksworth,TIME_TRAVEL,NEUTRAL,MINION,False,BATTLECRY,"Rewind, Rewind Battlecry: Summon 2 random Legendary minions.",af4b4c057a3b86204fe2da9f5d666fe75532fa7b2c1649be826544b49dd8c77f,not_implemented,False,missing
TIME_038t2,120983,Mister Clocksworth,TIME_TRAVEL,NEUTRAL,MINION,False,BATTLECRY,Rewind Battlecry: Summon 2 random Legendary minions.,7145a1b3df2882de9e93cc3b3388397e505aa95d4847e4228c280225212da053,not_implemented,False,missing
TIME_038t3,120984,Mister Clocksworth,TIME_TRAVEL,NEUTRAL,MINION,False,BATTLECRY,Battlecry: Summon 2 random Legendary minions.,9f3d14d2aaa6d6d277d16e98fa8256e8cd12f30d148c0b2689406901f0b8da6d,not_implemented,False,missing
TIME_039,120647,Deja Vu,TIME_TRAVEL,ROGUE,SPELL,True,DISCOVER,Discover a copy of a card in your opponent's hand.,9ad596093645eef257d1af4aa6893b9671f44d46f750e4d24d161d4e4dcf28b4,not_implemented,False,missing
TIME_040,120782,Fading Memory,TIME_TRAVEL,NEUTRAL,MINION,True,DEATHRATTLE,Deathrattle: Get a random 5-Cost minion from the past.,102cdfe0cd1d29e31139421fd36764ca1950cdd6feba1c4030ccc499869f5f52,not_implemented,False,missing
TIME_041,120784,Futuristic Forefather,TIME_TRAVEL,NEUTRAL,MINION,True,"BATTLECRY,TAUNT",Taunt. Battlecry: Look at 3 cards. Guess which one is in your opponent's hand to gain +4 Health.,5decd2690fbed4a21750e21827f32e4d4810d209a42862e07bbaeeee85a5309a,not_implemented,False,missing
TIME_041e2,120535,Infiltration,TIME_TRAVEL,NEUTRAL,ENCHANTMENT,False,,+4 Health.,763ff309614dcd309060238256b6129b58b0e971007754318f57b57ad43a00c7,not_implemented,False,missing
TIME_042,120795,King Maluk,TIME_TRAVEL,HUNTER,MINION,True,BATTLECRY,Battlecry: Discard your hand. Get an Infinite Banana.,affd2c8e0cd525b2cc71479736a41ad297a0257c581129e8a3ff6bfc212e8f49,not_implemented,False,missing
TIME_042t,120794,Infinite Banana,TIME_TRAVEL,HUNTER,SPELL,False,,Give a minion +1/+1. (This stays in your hand.),b8bbc1a7660453a4aeff6ae28654bee15f65080c8a3912cc38a6eeade99aa76d,not_implemented,False,missing
TIME_042te,120796,Infinite Banana,TIME_TRAVEL,HUNTER,ENCHANTMENT,False,,+1/+1.,afc89c2ca41679d8ca8a2c52feea4637bb75b326ab9a2cdeac23cd43d9259603,not_implemented,False,missing
TIME_043,120818,PMM Infinitizer,TIME_TRAVEL,PALADIN,MINION,True,BATTLECRY,Battlecry: Set a friendly minion's Attack and Health to 8. It can't attack heroes this turn.,898518a0f82dcc84457b945d54ac91e8cd26cc351327f4842d8306c30d574f21,legacy_compatibility,True,focused_or_regression_tests
TIME_043e,120820,Infinitized,TIME_TRAVEL,PALADIN,ENCHANTMENT,False,,Stats changed to 8/8.,8a2946c5efbb5784575bf0ee377f425fb5ccf7ef370deda359aaf189d26662dc,not_implemented,False,missing
TIME_043e2,127034,Pacifitized,TIME_TRAVEL,PALADIN,ENCHANTMENT,False,TAG_ONE_TURN_EFFECT,Can't attack heroes this turn.,be3fcb74113ea002ed81f9ce96928b417568d0cc3fdc45f9dafcf9f8f81fc28f,not_implemented,False,missing
TIME_044,120821,Past Gnomeregan,TIME_TRAVEL,PALADIN,LOCATION,True,,Give a minion +2/+1. Advance to the present!,bb0e2dea100a9cdc59e2e645ade950aa5d494c9ac9f534529a98f659e307680d,not_implemented,False,missing
TIME_044e,120824,Gnomish Strength,TIME_TRAVEL,PALADIN,ENCHANTMENT,False,,+2/+1.,a899a78f3b35544a9be6db4edfe6042ca106644a37cc4598388e2c5d2d9d95ab,not_implemented,False,missing
TIME_044t1,120822,Present Gnomeregan,TIME_TRAVEL,PALADIN,LOCATION,False,,"Give a minion +2/+1 and ""Deathrattle: Deal 2 damage to the enemy hero."" Advance to the future!",0081bf1f05656de53cec377296aed1bfcbf0ba6d67e81061a8dbb01c50500ce2,not_implemented,False,missing
TIME_044t1e,120848,Leper Strength,TIME_TRAVEL,PALADIN,ENCHANTMENT,False,,Deathrattle: Deal 2 damage to the enemy hero.,7f1eeb2efbe8761bd7ff5f25071537c75a47b920ab70fabdeb4859d2c9a2181d,not_implemented,False,missing
TIME_044t2,120823,Future Gnomeregan,TIME_TRAVEL,PALADIN,LOCATION,False,,"Give a minion +2/+1, Divine Shield, and ""Deathrattle: Deal 2 damage to the enemy hero.""",482bdc594bb43f99c121a69ce92c91244c76e7bac60758c072461428fc71f9bb,not_implemented,False,missing
TIME_045,120856,Whelp of the Infinite,TIME_TRAVEL,NEUTRAL,MINION,True,"POISONOUS,REBORN",Poisonous Reborn,ef9851f8c5fb67d18e855f15c97a1828900fcc711cd10759cdca595453ed7cb5,legacy_compatibility,True,focused_or_regression_tests
TIME_046,120857,Cyborg Patriarch,TIME_TRAVEL,NEUTRAL,MINION,True,TAUNT,Dormant for 3 turns. Taunt,79cda0b050b49161bc6b891b8923812b3822f9e8bba6b470beb5b5f4aaa4dd96,legacy_compatibility,True,focused_or_regression_tests
TIME_046e,120858,Prime Ape,TIME_TRAVEL,NEUTRAL,ENCHANTMENT,False,TRIGGER_VISUAL,Dormant. Awaken in 3 turns.,3b30e0a566ef0310a7afd8d72c0e92c700e92715572a5dacced91e39b329c92d,not_implemented,False,missing
TIME_047,120859,Devious Coyote,TIME_TRAVEL,NEUTRAL,MINION,True,STEALTH,Stealth. Costs (1) less for each time the enemy hero took damage this turn.,cb57fb401d6dbd6eb3336a824340b71baa61a9d67b96de8d2a786f369270faf5,not_implemented,False,missing
TIME_048,120860,Clockwork Rager,TIME_TRAVEL,NEUTRAL,MINION,True,BATTLECRY,Battlecry: Gain +1 Health for each turn you've taken this game.@ (@ turns),8d5b140c4cd7ff1eb9d418d023021321c65cb4a30c5592f63206f3f3ee3f3c38,legacy_compatibility,True,focused_or_regression_tests
TIME_048e,120861,Clockwork Rage,TIME_TRAVEL,NEUTRAL,ENCHANTMENT,False,,Increased Health.,0a095116cbb96492ee4587258e88f9f9ab41df735339655f8787bdaa56f08dd0,not_implemented,False,missing
TIME_049,120944,Dangerous Variant,TIME_TRAVEL,NEUTRAL,MINION,True,TRIGGER_VISUAL,"At the start of your turn, transform into a random 5-Cost minion.",673c2ac9f6b63e678447f3c01176745c88d4994c82beb83cbc118f9c3bb88b3c,not_implemented,False,missing
TIME_050,120947,Sentient Hourglass,TIME_TRAVEL,NEUTRAL,MINION,True,"RUSH,TRIGGER_VISUAL","Rush After this minion survives damage, swap its stats.",8685d1261ff883e4a605ec302b02adc2e0ea17e47052cfb2779d5e90ca88a50b,not_implemented,False,missing
TIME_050e,120948,Sand Flow,TIME_TRAVEL,NEUTRAL,ENCHANTMENT,False,,Attack and Health swapped.,bf5e271bc4c51a392ac4dfa9830f6a99c2c3f639dc568768ebee35084c969ca5,not_implemented,False,missing
TIME_051,120949,Soldier of the Infinite,TIME_TRAVEL,NEUTRAL,MINION,True,"BATTLECRY,RUSH",Rush Battlecry: Double this minion's Attack.,96426dd8ac24c9b1f9913b723e8a8ca0e6164849e8caf543749a40681c059076,declarative,True,focused_or_regression_tests
TIME_051e,121745,Infinite Scales,TIME_TRAVEL,NEUTRAL,ENCHANTMENT,False,,Doubled Attack.,573b4ac50a8e8e9e619e624d523483ecbe5f3411927787a71d5aac3549682da4,not_implemented,False,missing
TIME_052,120951,Amber Warden,TIME_TRAVEL,NEUTRAL,MINION,True,"DEATHRATTLE,TAUNT",Taunt Deathrattle: Summon a random minion from the past.,47df2f39d5e5499f93f295ca5efefee6d74d7d70ec8661c4df53f887ebfb5ec5,not_implemented,False,missing
TIME_053,120954,Sandmaw,TIME_TRAVEL,NEUTRAL,MINION,True,,,e3b0c44298fc1c149afbf4c8996fb92427ae41e4649b934ca495991b7852b855,legacy_compatibility,True,focused_or_regression_tests
TIME_054,120955,Time Skipper,TIME_TRAVEL,NEUTRAL,MINION,True,TRIGGER_VISUAL,"At the end of each player's turn, give them a Coin.",321a387442ad3244b8f3ae85639768741aa5b80d8089c2e10d9479b303dc43e6,legacy_compatibility,True,focused_or_regression_tests
TIME_054e,120957,Skipping Time,TIME_TRAVEL,NEUTRAL,ENCHANTMENT,False,,+1/+1.,afc89c2ca41679d8ca8a2c52feea4637bb75b326ab9a2cdeac23cd43d9259603,not_implemented,False,missing
TIME_055,120958,Unknown Voyager,TIME_TRAVEL,NEUTRAL,MINION,True,"ENRAGED,TRIGGER_VISUAL","After this survives damage, transform into a random 7-Cost minion.",97775d8daee9e15498421aaaf92c25cc805c50bfbc3637846c831767241cbeb9,not_implemented,False,missing
TIME_056,120961,Whelp of the Bronze,TIME_TRAVEL,NEUTRAL,MINION,True,"DIVINE_SHIELD,LIFESTEAL",Lifesteal Divine Shield,1a362ad40e64ea23450d92d70a0f0d8572afb00511679a347073a2d58b7f25d3,legacy_compatibility,True,focused_or_regression_tests
TIME_057,120962,Wizened Truthseeker,TIME_TRAVEL,NEUTRAL,MINION,True,BATTLECRY,Battlecry: Set the Cost of every card in both player's hands back to their original Costs.,3da9e8ea084a7cbcbec13cc0facceb888749234ee771ec6e1c67e13b18a6cdc3,not_implemented,False,missing
TIME_057e,120963,True Wisdom,TIME_TRAVEL,NEUTRAL,ENCHANTMENT,False,,Cost changed.,237383701bbaabb9b71fce4b5f360d92b4730c364878de40b7b9409244ba1a7a,not_implemented,False,missing
TIME_058,120964,Paltry Flutterwing,TIME_TRAVEL,NEUTRAL,MINION,True,DEATHRATTLE,Deathrattle: Summon a random 2-Cost minion that is Dormant for 2 turns.,40b7a47753d3d195278c2298b138cc70d351d69725ade26ac381433236d4597d,not_implemented,False,missing
TIME_058e,120965,Consequences,TIME_TRAVEL,NEUTRAL,ENCHANTMENT,False,TRIGGER_VISUAL,Dormant. Awaken in 2 turns.,d95dc183f46ec5710e328dcbe0c35b7ec694ba39f7352b80f1b4a838b3a71634,not_implemented,False,missing
TIME_059,120966,Living Paradox,TIME_TRAVEL,NEUTRAL,MINION,True,"BATTLECRY,ELUSIVE",Elusive Battlecry: Summon two 2/1 Living Paradoxes with Elusive.,dc448bd16648d913af30478a719c99ada47b54dfee57be79f2c610603a0657ba,not_implemented,False,missing
TIME_060,120976,Quantum Destabilizer,TIME_TRAVEL,NEUTRAL,MINION,True,,This minion takes double damage from all sources.,6f43dd7925180c2dd190ac2266022638c42298ae4266e515f36a087c0da9524b,legacy_compatibility,True,focused_or_regression_tests
TIME_061,120977,Timeless Causality,TIME_TRAVEL,NEUTRAL,MINION,True,BATTLECRY,Battlecry: Reverse the order of your deck.,f18d82fc7be927b9d5afd42b50593ba37d14a745da5375d625a6a5d04ace5060,not_implemented,False,missing
TIME_062,120979,Chronicle Keeper,TIME_TRAVEL,NEUTRAL,MINION,True,BATTLECRY,"Battlecry: If you're holding a Dragon, gain Taunt and Divine Shield.",05d353077036180935c498c6de94453cea630ece778c87c72b2fefe40fd70044,not_implemented,False,missing
TIME_063,120981,Timelord Nozdormu,TIME_TRAVEL,NEUTRAL,MINION,True,RUSH,"Dormant for 5 turns. Rush. After you play a card from the newest expansion, awaken 1 turn sooner.",a301be263ca3bf183794af204cd24567d7f9b05c5880afde7a43038051d480e3,legacy_compatibility,True,focused_or_regression_tests
TIME_063e1,122531,Lord of Time,TIME_TRAVEL,NEUTRAL,ENCHANTMENT,False,TRIGGER_VISUAL,Dormant. Awaken in 5 turns.,7616c05fb081d11b914ca7d0af494b7c25507c64dd2513dd8f9f8247137ec902,not_implemented,False,missing
TIME_063e2,122532,Nozdormu Play Enchant,TIME_TRAVEL,NEUTRAL,ENCHANTMENT,False,"ENCHANTMENT_INVISIBLE,TRIGGER_VISUAL","After you play a card from the newest expansion, awaken 1 turn sooner.",13b867c97f91abc2f62256b0db4e958d2a62a92919a84c5393e4654004edd820,not_implemented,False,missing
TIME_064,120985,Chrono-Lord Deios,TIME_TRAVEL,NEUTRAL,MINION,True,AURA,"Your Battlecries, Deathrattles, Hero Power, and end of turn effects trigger twice.",6d683aa732a75dc020e7c05c97c4b169b1cf8c3c9e87ead96362e0e92f42b555,not_implemented,False,missing
TIME_064e,120986,Deios' Influence,TIME_TRAVEL,NEUTRAL,ENCHANTMENT,False,,"Your Battlecries, Deathrattles, Hero Power, and end of turn effects trigger twice.",6d683aa732a75dc020e7c05c97c4b169b1cf8c3c9e87ead96362e0e92f42b555,not_implemented,False,missing
TIME_100,121051,Hourglass Attendant,TIME_TRAVEL,NEUTRAL,MINION,True,"DIVINE_SHIELD,TRIGGER_VISUAL","Divine Shield At the end of your turn, give all minions in your hand +1/+1.",78c051bc77cce8f0e72ee7df6e7e59a4070f7d32057d066ce7555ed144d0356d,not_implemented,False,missing
TIME_100e,121049,Sandy Polish,TIME_TRAVEL,NEUTRAL,ENCHANTMENT,False,,+1/+1.,afc89c2ca41679d8ca8a2c52feea4637bb75b326ab9a2cdeac23cd43d9259603,not_implemented,False,missing
TIME_101,121670,Misplaced Pyromancer,TIME_TRAVEL,NEUTRAL,MINION,True,TRIGGER_VISUAL,"Whenever you Shatter a card, deal 2 damage to all enemy minions.",bfd46aa8f0dc90b458291ca5ea96bdad8f5e16efce09e8283a9582a45486965a,not_implemented,False,missing
TIME_102,121671,Circadiamancer,TIME_TRAVEL,NEUTRAL,MINION,True,BATTLECRY,"Battlecry: Add a random 8-Cost minion to your hand. At the start of your turns, reduce its Cost by (1).",6cd560d3f9c1e5e203f7dac5caca395eedcb60ebac649431f9c05088b1bf2a4f,not_implemented,False,missing
TIME_102e,122352,Metaphysical,TIME_TRAVEL,NEUTRAL,ENCHANTMENT,False,,Reduces Cost each turn.,5a1047e2a04bbf58d8cd3c158387924914432d4c8028a28492a08fe51400882d,not_implemented,False,missing
TIME_103,121672,Chromie,TIME_TRAVEL,NEUTRAL,MINION,True,DEATHRATTLE,Deathrattle: Draw another copy of cards you've played this game.@ (@ cards),a104728899ecf22bff25d0eae115620b2bceb7afc64eba5ce66ab41bb3f6485b,not_implemented,False,missing
TIME_110,123879,Play After Rewind,TIME_TRAVEL,DEMONHUNTER,ENCHANTMENT,False,AURA,You can only play the left and right-most cards in your hand.,a438bed76a7e2006a39f145fe86cbdabc43d56520657091f782175cc696a8c49,not_implemented,False,missing
TIME_209,119643,"Muradin, High King",TIME_TRAVEL,SHAMAN,MINION,True,"BATTLECRY,DEATHRATTLE,RUSH","Fabled, Rush. Battlecry: Bring the High King's Hammer to ME! Deathrattle: Add it to your hand.",68a00498481b19b22d1a063facdb763a20707524fa66c0c4869fab990439c5e8,not_implemented,False,missing
TIME_209e,119644,Hammer of the High King,TIME_TRAVEL,SHAMAN,ENCHANTMENT,False,,Holding the High King's Hammer. Deathrattle: Add it to your hand.,4b1742771804f2be94c69a96ad86fc2a3075855dd37e7ece14effc0688fb9b4b,not_implemented,False,missing
TIME_209t,119647,High King's Hammer,TIME_TRAVEL,SHAMAN,WEAPON,False,"DEATHRATTLE,WINDFURY",Windfury Deathrattle: Shuffle this into your deck with +2 Attack permanently.,42cbeda253955a22f9e5e032ecbf957975bf736253ad2b0a1d445cef68e5e9c2,not_implemented,False,missing
TIME_209t2,119653,Avatar Form,TIME_TRAVEL,SHAMAN,SPELL,False,,"Give a friendly character +2 Attack and ""After this attacks, deal 2 damage to all enemies"" this turn.",bd7388f036ef5a7b769bb07356d5e3407383ca5c7b73dd6004852d101272d07d,not_implemented,False,missing
TIME_209t2e,121003,Avatar Form,TIME_TRAVEL,SHAMAN,ENCHANTMENT,False,"TAG_ONE_TURN_EFFECT,TRIGGER_VISUAL","+2 Attack and After this attacks, deal 2 damage to all enemies this turn.",0afc96dd48eeb9d8c900cfdad149e844df61fa37214b0d99bdc0c398986427a4,not_implemented,False,missing
TIME_211,119928,Lady Azshara,TIME_TRAVEL,DRUID,MINION,True,CHOOSE_ONE,Fabled. Choose One - Empower Zin-Azshari; or The Well of Eternity. (The other gets destroyed!),8f45811a7b8263923753067b4f900f8978c628733ae1f4ec092255b270e95ecc,not_implemented,False,missing
TIME_211a,120204,Empower Zin-Azshari,TIME_TRAVEL,DRUID,SPELL,False,,The minions summoned by Zin-Azshari will have doubled stats. Destroy The Well of Eternity.,0dcc99e04f8fefa07d29af4dc168968471465c98779e93c7bf331a6a43edb8bc,not_implemented,False,missing
TIME_211b,120205,Empower the Well,TIME_TRAVEL,DRUID,SPELL,False,,The spells created by The Well of Eternity will cast twice. Destroy Zin-Azshari.,f28ff979d54f4d8a0b8c0f6d5fa7b548b32e3b4c88852927cb709165ccf33dc2,not_implemented,False,missing
TIME_211t1,119929,The Well of Eternity,TIME_TRAVEL,DRUID,LOCATION,False,,Fill your hand with random Temporary spells.,3825dc62c0d44700d72580768461b4d6ef5d0e17522f54d3f436142db9c48c1c,not_implemented,False,missing
TIME_211t1t,120200,The Well of Eternity,TIME_TRAVEL,DRUID,LOCATION,False,,Fill your hand with random Temporary spells. They cast twice.,c01ce9d63dc3855ecbcff01fcbdc32075af32c112a0e8c4e5eb66df829152452,not_implemented,False,missing
TIME_211t1te,120201,Eternalized,TIME_TRAVEL,DRUID,ENCHANTMENT,False,,Casts twice.,78631cdd2b08ad58f659f0f10c7cc5f52d2f018b6d14c56c09770521821420f0,not_implemented,False,missing
TIME_211t2,119930,Zin-Azshari,TIME_TRAVEL,DRUID,LOCATION,False,,Summon a copy of a friendly minion.,17dba6dcdca9551c044a0c20ea3b49f9aff5717545cc4838ae960017f42d67b0,not_implemented,False,missing
TIME_211t2t,120202,Zin-Azshari,TIME_TRAVEL,DRUID,LOCATION,False,,Summon a copy of a friendly minion with its stats doubled.,9f9af2d9400a12cbbd54fcf4f23f412f8243b22ce49a43e98c4735fd67c4cda0,not_implemented,False,missing
TIME_211t2te,120203,The City's Strength,TIME_TRAVEL,DRUID,ENCHANTMENT,False,,Doubled stats.,e4e1075ddf7dd04e669159c6bb26d6e79e6825b4b1d22deb4d78e2d96d721e2b,not_implemented,False,missing
TIME_212,120173,Lightning Rod,TIME_TRAVEL,SHAMAN,SPELL,True,,Deal $2 damage to a friendly minion to deal $4 damage to a random enemy minion.,f0d7e4421ca24974598b562ed6c1cc3fccc7d2a74947ee6f611ebc60fdc91e0d,not_implemented,False,missing
TIME_213,120437,Primordial Overseer,TIME_TRAVEL,SHAMAN,MINION,True,BATTLECRY,"Battlecry: If you've cast a Nature spell while holding this, gain +1/+1 and draw a card.",8e8106320fa9b5bb7495a14524047e28b35e91452d527eac042c2756362742aa,not_implemented,False,missing
TIME_214,120175,Flux Revenant,TIME_TRAVEL,SHAMAN,MINION,True,"TAUNT,TRIGGER_VISUAL","Taunt Whenever you would damage this with a Nature spell, it gains +2/+1 instead.",f29866f5cbab9a7e0c52a56d7f0374d86b71a2a4ab06d3d0002bac433fd8aedb,not_implemented,False,missing
TIME_214e,120707,Flux Overcapacity,TIME_TRAVEL,SHAMAN,ENCHANTMENT,False,,+2/+1.,a899a78f3b35544a9be6db4edfe6042ca106644a37cc4598388e2c5d2d9d95ab,not_implemented,False,missing
TIME_215,120176,Thunderquake,TIME_TRAVEL,SHAMAN,SPELL,True,,Deal $1 damage to all minions. Get a Static Shock.,88b6e872f9a1b046050cf5210ca7a3156c25fbe44f95886e85ab7cf6ff262ec3,not_implemented,False,missing
TIME_216,120448,Nascent Bolt,TIME_TRAVEL,SHAMAN,SPELL,True,,"Deal $5 damage to a minion. If it survives, draw 2 cards.",cd278e255de23c1d523da4cb38dfe75d4ab5c7f70ac8d339e90e06961925e266,not_implemented,False,missing
TIME_217,120177,Stormrook,TIME_TRAVEL,SHAMAN,MINION,True,TRIGGER_VISUAL,"Whenever you would damage this with a Nature spell, summon a random 5-Cost minion instead.",1dac5130ce0ef3499d79b68fbef8559e4c8a6fef42f62409a494296ccaa442a4,not_implemented,False,missing
TIME_218,121020,Static Shock,TIME_TRAVEL,SHAMAN,SPELL,True,,Deal $1 damage to a minion. Give your hero +1 Attack this turn.,1166c9386ace1003db1cce7b897a6a08c06b042b162de0d9a81fd87c5a0ad589,not_implemented,False,missing
TIME_218e,121169,Statically Charged,TIME_TRAVEL,SHAMAN,ENCHANTMENT,False,TAG_ONE_TURN_EFFECT,+1 Attack this turn.,ede41a2244b0f986992bb6880306b6c21a90c30b43211b86f124b970ecc9fac8,not_implemented,False,missing
TIME_427,120450,Cleansing Lightspawn,TIME_TRAVEL,PRIEST,MINION,True,"BATTLECRY,LIFESTEAL",Lifesteal Battlecry: Deal damage to an enemy minion equal to this minion's Health.,c24d9cb2cc75333d2f69d3504062953e6b14405c42ffbd0fdd73e77392bab557,not_implemented,False,missing
TIME_428,120452,Yesterloc,TIME_TRAVEL,NEUTRAL,MINION,True,TRIGGER_VISUAL,"At the end of your turn, give your other minions +1 Health.",e633413ff641fc9fe356745a468e38e1c43fb417fd34f5bb14630ecf7f436c86,not_implemented,False,missing
TIME_428e,123418,Mrrgls of Yore,TIME_TRAVEL,NEUTRAL,ENCHANTMENT,False,,+1 Health.,ea53c7f3c40c1f5c4aa96b0791a1952f132b18eac48da2048306bed77e3fbe91,not_implemented,False,missing
TIME_429,120471,Divine Augur,TIME_TRAVEL,PRIEST,MINION,True,BATTLECRY,Battlecry: Set the Attack and Health of every minion in your hand to the higher of the two stats.,7a9168bf3bb920408e34ba317aa100eb9178c911645584573c0f5daa3824ff74,not_implemented,False,missing
TIME_429e1,120542,Light Intensity,TIME_TRAVEL,PRIEST,ENCHANTMENT,False,,Attack increased.,fe96116cedcf5c22721cc79842200f40067b50280bfa882bcaf16d8062d8f959,not_implemented,False,missing
TIME_429e2,120814,Light Polarity,TIME_TRAVEL,PRIEST,ENCHANTMENT,False,,Health increased.,70c109ab40f711ce56824907aee8525afdf86afeb310546a5532db2fb6316298,not_implemented,False,missing
TIME_431,120475,Amber Priestess,TIME_TRAVEL,PRIEST,MINION,True,"BATTLECRY,TAUNT",Taunt Battlecry: Restore Health to a character equal to this minion's Health.,c24cee1b8f82e61fcdbfd515edcf2fd1edea4c34232a347cd1e03670ff9b6643,not_implemented,False,missing
TIME_432,120477,Intertwined Fate,TIME_TRAVEL,PRIEST,SPELL,True,DISCOVER,Discover a copy of a card from your deck and one from your opponent's.,a84253bcb836b787f5c85075d97ae44ae395af9526e78415effc883a1e2335ba,declarative,True,focused_or_regression_tests
TIME_433,120492,Cease to Exist,TIME_TRAVEL,PRIEST,SPELL,True,,Rewind Silence and destroy a random enemy minion.,b72ad7a5afcff0f31339d5a1702ee153a980bd9f5c4c232137069b9bc879d2f3,legacy_compatibility,True,focused_or_regression_tests
TIME_434,120527,Temporal Traveler,TIME_TRAVEL,NEUTRAL,MINION,True,DEATHRATTLE,Deathrattle: Summon a 4/1 Shadow that attacks a random enemy minion.,009ff482b38c82bce983574237f6072d6db2d11e507f465f35eea1ae1fbcc979,not_implemented,False,missing
TIME_434t,120946,Temporal Shadow,TIME_TRAVEL,NEUTRAL,MINION,False,,,e3b0c44298fc1c149afbf4c8996fb92427ae41e4649b934ca495991b7852b855,not_implemented,False,missing
TIME_435,120543,Eternus,TIME_TRAVEL,PRIEST,MINION,True,BATTLECRY,Battlecry: Take control of an enemy minion with this minion's Health or less.,b8269c1d05c976ede4948f498efd6cc0dc98cb878b5cfff24fcda44b33d71adb,not_implemented,False,missing
TIME_436,120544,Past Conflux,TIME_TRAVEL,PRIEST,LOCATION,True,,Summon a random Dragon that costs (5) or more. Advance to the present!,47c430df61e3ba341363c33d4da5f6c2bc134e7c77ebc7fd283505eb76f004b4,not_implemented,False,missing
TIME_436t1,122262,Present Conflux,TIME_TRAVEL,PRIEST,LOCATION,False,DISCOVER,Discover a Dragon that costs (5) or more and summon it. Advance to the future!,d70b079531085f2e9154aeb841c2382dd36d60738604eeb939951711ceabca37,not_implemented,False,missing
TIME_436t2,122263,Future Conflux,TIME_TRAVEL,PRIEST,LOCATION,False,DISCOVER,Discover a Dragon that costs (5) or more and summon it. Also get a copy of it.,5681cd3ca38a80accbe4a4e6b9fe89955a947553f56f702056ca643c0427a8dc,not_implemented,False,missing
TIME_441,120922,Aeon Rend,TIME_TRAVEL,DEMONHUNTER,SPELL,True,,Rewind Deal $4 damage to two random enemies.,df680e1b1feceb4b47bc4795e563de5da8ee0a0d017e223194f121fc074e8efe,legacy_compatibility,True,focused_or_regression_tests
TIME_442,120988,Timeway Warden,TIME_TRAVEL,DEMONHUNTER,MINION,True,"BATTLECRY,DEATHRATTLE","Battlecry: Imprison an enemy minion. It goes Dormant for 10,000 turns. Deathrattle: Awaken it.",8cb219ab4c923f9ceba741a8df21898b131f76c4faf77662f0e40a8090c5a61f,not_implemented,False,missing
TIME_442e,120989,Eternal Imprisonment,TIME_TRAVEL,DEMONHUNTER,ENCHANTMENT,False,TRIGGER_VISUAL,Dormant. Awaken in 10000 turns.,bda562eee925bac40a6c3914a25d304b40c3e8fe4f35a353ff2bd10f29662647,not_implemented,False,missing
TIME_443,120990,Hounds of Fury,TIME_TRAVEL,DEMONHUNTER,SPELL,True,,"Summon two 3/2 Demons. If your deck has no minions, they attack the lowest Health enemy.",dc622375360a1c4fab1e2505bfc2bd764f13df7f8d3e89da991f7f956be55add,not_implemented,False,missing
TIME_443t,121021,Sargeran Felhound,TIME_TRAVEL,DEMONHUNTER,MINION,False,,,e3b0c44298fc1c149afbf4c8996fb92427ae41e4649b934ca495991b7852b855,not_implemented,False,missing
TIME_443t2,122715,Sargeran Felhound,TIME_TRAVEL,DEMONHUNTER,MINION,False,,,e3b0c44298fc1c149afbf4c8996fb92427ae41e4649b934ca495991b7852b855,not_implemented,False,missing
TIME_444,120993,Time-Lost Glaive,TIME_TRAVEL,DEMONHUNTER,WEAPON,True,DEATHRATTLE,Deathrattle: Get a random Demon from the past.,898e7284e1dd362a29f5661003f49ec637e6314adc7a15a3f374a298e9dfd470,not_implemented,False,missing
TIME_446,120999,The Eternal Hold,TIME_TRAVEL,DEMONHUNTER,LOCATION,True,DISCOVER,"Discover any Demon that costs (5) or more. If your deck has no minions, your next one costs (1).",6c6cede7cdda049e095646230e8f3aba72c66eb8c0cc35dc4024f1f52498f93b,not_implemented,False,missing
TIME_446e,121048,Jailbreak,TIME_TRAVEL,DEMONHUNTER,ENCHANTMENT,False,AURA,Your next minion costs (1).,957587d675e2bd9d120b8583630b5cffe5083d6a02df341e93555bb98ee46a68,not_implemented,False,missing
TIME_447,121005,Power Word: Barrier,TIME_TRAVEL,PRIEST,SPELL,True,,Give a character Divine Shield. Give minions in your hand +2 Health.,acc025a965048353a451b0c6602b163c99f083879fe12974aaf8b2b03bf2d8c8,not_implemented,False,missing
TIME_447e2,121198,Barrier,TIME_TRAVEL,PRIEST,ENCHANTMENT,False,,+2 Health,d8ec1ab4463a6167c14e7971e1cd21180b701086563152bb2837121d73fb7a03,not_implemented,False,missing
TIME_448,121023,Solitude,TIME_TRAVEL,DEMONHUNTER,SPELL,True,DISCOVER,"Discover 2 minions. If your deck has no minions, reduce the Cost of any in your hand by (2).",05e84487841f8c9e28ae91aa0441f81370a82ebdf9c5058a6be541bd38fa80bd,not_implemented,False,missing
TIME_449,121024,Lasting Legacy,TIME_TRAVEL,DEMONHUNTER,SPELL,True,,"Give your hero +4 Attack this turn. If your deck has no minions, give any in hand +4 Attack.",3011b88bab7ccd007fe68e2a47202f4d512e98c452fe080f165a6c98793b829b,not_implemented,False,missing
TIME_449e1,122910,Broxigar's Honor,TIME_TRAVEL,DEMONHUNTER,ENCHANTMENT,False,TAG_ONE_TURN_EFFECT,+4 Attack this turn.,c049daebae4d77732e49411a4cc849cddcefd38a902588d3696970981e9bedb7,not_implemented,False,missing
TIME_449e2,122911,Broxigar's Legacy,TIME_TRAVEL,DEMONHUNTER,ENCHANTMENT,False,,+4 Attack.,a71c78593b36e0fc60dec65edc89ecce4edec7d132a0ae16cac34cead0a03965,not_implemented,False,missing
TIME_600,119696,Precise Shot,TIME_TRAVEL,HUNTER,SPELL,True,,"Deal $3 damage. If this is EXACTLY in the center of your hand, deal $5 instead.",fa65d34408f2b2db4a429a6bb1bd5910ec42e44c0b56a03b270a6a4c26ec284f,not_implemented,False,missing
TIME_601,120788,Arrow Retriever,TIME_TRAVEL,HUNTER,MINION,True,BATTLECRY,Battlecry: Draw until you have 3 cards.,956f14bb1bbaed1671a95e12d1877830a4f50ccc8f9ce661f1faec8d4fba575f,not_implemented,False,missing
TIME_602,120501,Wormhole,TIME_TRAVEL,HUNTER,SPELL,True,,Rewind Summon a random 3-Cost Beast. It attacks a random enemy.,6617ea3078826f1999f24b9fda9d39eb09f3b9de10bd43a8f5c8ee99c949b107,not_implemented,False,missing
TIME_603,119702,Ticking Timebomb,TIME_TRAVEL,HUNTER,MINION,True,DEATHRATTLE,Deathrattle: Destroy a random enemy minion.,dad36cd0b45cda42d68052e0e781add68185c219f93d0647199b53c590cec183,legacy_compatibility,True,focused_or_regression_tests
TIME_605,119703,Epoch Stalker,TIME_TRAVEL,HUNTER,MINION,True,"BATTLECRY,ELUSIVE,RUSH","Rush, Elusive Battlecry: Summon a copy of this.",03c8c6711d0dda3a0f9d5c65a362897aa6e78dc5b90993e4640aaebce316095f,not_implemented,False,missing
TIME_606,119704,Quel'dorei Fletcher,TIME_TRAVEL,HUNTER,MINION,True,AURA,Your Hero Power costs (0) while your hand has 3 or less cards.,75ba0629522c230e4ff954baf845359188244f7cab01e64dc14e2d7966a0bea3,legacy_compatibility,True,focused_or_regression_tests
TIME_606e,120826,Fletching,TIME_TRAVEL,HUNTER,ENCHANTMENT,False,,Your Hero Power costs (0).,6a1ab273fd60d1df6d13ad87134348658483bdc130a160dc2d72e6fd467be1e5,not_implemented,False,missing
TIME_609,119707,Ranger General Sylvanas,TIME_TRAVEL,HUNTER,MINION,True,BATTLECRY,"Fabled. Battlecry: Deal 2 damage to all enemies. If you've played Alleria or Vereesa, repeat for each.",a0324f22bdbd9bf4f2cb4c1814e6934350aa63039d5cd536222548e8795db882,not_implemented,False,missing
TIME_609t1,119705,Ranger Captain Alleria,TIME_TRAVEL,HUNTER,MINION,False,"BATTLECRY,DISCOVER","Battlecry: Discover a spell. If you've played Sylvanas or Vereesa, repeat for each.",6469f4d9d95c42193be23ef60572b0377bed257e41782a0bdee068bf7690e174,not_implemented,False,missing
TIME_609t2,119706,Ranger Initiate Vereesa,TIME_TRAVEL,HUNTER,MINION,False,BATTLECRY,"Battlecry: Give minions in your deck +1/+1. If you've played Alleria or Sylvanas, repeat for each.",c6baa22ec1b2b11cc7382e7c419b352f56e25a3d11675e60d7ebeb143ac82e2b,not_implemented,False,missing
TIME_609t2e,120410,Windrunner's Allegiance,TIME_TRAVEL,HUNTER,ENCHANTMENT,False,,+1/+1.,afc89c2ca41679d8ca8a2c52feea4637bb75b326ab9a2cdeac23cd43d9259603,not_implemented,False,missing
TIME_610,120530,Shadows of Yesterday,TIME_TRAVEL,DEATHKNIGHT,SPELL,True,,Rewind Summon four 3/2 Shades. They each gain two random Bonus Effects.,4601316e6720a972624936effce45e55a3865aaccf4a0c7599bf1c97376b2b2d,legacy_compatibility,True,focused_or_regression_tests
TIME_610t2,121462,Anomalous Shade,TIME_TRAVEL,DEATHKNIGHT,MINION,False,,,e3b0c44298fc1c149afbf4c8996fb92427ae41e4649b934ca495991b7852b855,not_implemented,False,missing
TIME_611,120389,Timestop,TIME_TRAVEL,DEATHKNIGHT,SPELL,True,,Deal $3 damage. Freeze two random enemy minions.,4fc5e02004d149c834da905d7097746defa890e55d118c9bb6a29c52fee149b3,not_implemented,False,missing
TIME_612,121011,Blood Draw,TIME_TRAVEL,DEATHKNIGHT,SPELL,True,DISCOVER,Discover a spell. This costs Health instead of Mana.,94aa57495bd012928084393354f4061c2fba90f86f4f13f5912023b14af6caf8,not_implemented,False,missing
TIME_613,120481,Cryofrozen Champion,TIME_TRAVEL,DEATHKNIGHT,MINION,True,DEATHRATTLE,Deathrattle: Get a random Legendary minion. Reduce its Cost by (1).,825815451e0d2a331b8f15867070d6a40cb01641781207f00377a3b28261caad,not_implemented,False,missing
TIME_614,121015,Liferender,TIME_TRAVEL,DEATHKNIGHT,MINION,True,BATTLECRY,"Battlecry: If your hero's Health changed this turn, deal 6 damage to an enemy minion.",2d388da9abebb2b03afc032532baa2042244796f291307e9b7380aab28e27931,not_implemented,False,missing
TIME_615,121014,Forgotten Millennium,TIME_TRAVEL,DEATHKNIGHT,SPELL,True,,Fill your hand with random Undead. They cost Health instead of Mana this turn.,7d6427976ee87c724fb041e66cf76da443dd905607c75645420929d81a517353,not_implemented,False,missing
TIME_615e,121016,Forgotten,TIME_TRAVEL,DEATHKNIGHT,ENCHANTMENT,False,TAG_ONE_TURN_EFFECT,Costs Health instead of Mana.,1f46521bc0779ac9a90794999209cae672255d2e2544699856907d9cd85296eb,not_implemented,False,missing
TIME_616,120209,Memoriam Manifest,TIME_TRAVEL,DEATHKNIGHT,SPELL,True,,Summon the highest Cost friendly Undead that died this game.,4eb8898e0da50dae9850f99586f17a2e5325ad603ab24cd1666fbf61d1b60720,not_implemented,False,missing
TIME_617,121017,Chronochiller,TIME_TRAVEL,DEATHKNIGHT,MINION,True,TRIGGER_VISUAL,You no longer draw a card at the start of your turn.,f75b524ea9b547c0c2f77a826636aefa637781741928c179cf9a58168abbc2f4,not_implemented,False,missing
TIME_618,121000,"Husk, Eternal Reaper",TIME_TRAVEL,DEATHKNIGHT,MINION,True,BATTLECRY,"Battlecry: Give your hero ""Deathrattle: Spend up to 20 Corpses to resurrect with that much Health.""",d515194de322a751b11d5fc9749a6e67de1f4677a80d6f77c83fe7831008c92b,not_implemented,False,missing
TIME_618e,126656,Eternal Life Player Enchant,TIME_TRAVEL,DEATHKNIGHT,ENCHANTMENT,False,DEATHRATTLE,Deathrattle: Spend up to 20 Corpses to resurrect with that much Health.,e0582fb7e9a0a3c086481ef9e9850bd5a5e8c49f40a0969e225144b5f868fadc,not_implemented,False,missing
TIME_618e2,121002,A Second Chance,TIME_TRAVEL,NEUTRAL,ENCHANTMENT,False,,Your hero has been resurrected.,c403fd45ef61a29fc920d2fdcc7e1051d4859ef067453c302fab69f1c8e10d32,not_implemented,False,missing
TIME_618t,123094,Eternal Life,TIME_TRAVEL,DEATHKNIGHT,SPELL,False,DEATHRATTLE,Deathrattle: Spend up to 20 Corpses to resurrect with that much Health.,e0582fb7e9a0a3c086481ef9e9850bd5a5e8c49f40a0969e225144b5f868fadc,not_implemented,False,missing
TIME_619,120183,Talanji of the Graves,TIME_TRAVEL,DEATHKNIGHT,MINION,True,BATTLECRY,Fabled. Battlecry: Draw Bwonsamdi (or resurrect him if he has died). Choose a Boon to give him.,ffa6d5b10e26ff6317a2cba61c740978a186e993cdd7d34421fac70bd47114e7,not_implemented,False,missing
TIME_619e,120189,Boon of Power Player Ench,TIME_TRAVEL,DEATHKNIGHT,ENCHANTMENT,False,,Give Bwonsamdi Taunt permanently.,f9cb858dd1646c4e82541c06bc3a897822c7f34bf0511c043e248be6b25194a2,not_implemented,False,missing
TIME_619e2,120190,Boon of Longevity Player Ench,TIME_TRAVEL,DEATHKNIGHT,ENCHANTMENT,False,,Give Bwonsamdi Lifesteal permanently.,7938940a11c7743635b8c438b991a35e06abf1306122c227ff4e209e9b495bea,not_implemented,False,missing
TIME_619e3,120191,Boon of Speed Player Ench,TIME_TRAVEL,DEATHKNIGHT,ENCHANTMENT,False,,Give Bwonsamdi Rush permanently.,6f437d8d815600f07dc33e05ac67026bf4d1006c5b39bffaf28dfaa38fcd885b,not_implemented,False,missing
TIME_619e4,120192,Pact for Power,TIME_TRAVEL,DEATHKNIGHT,ENCHANTMENT,False,,Taunt.,9023fa273474d81b46de0f00c33b47226be03e19983da61de5110a2db723c362,not_implemented,False,missing
TIME_619e5,120193,Pact for Longevity,TIME_TRAVEL,DEATHKNIGHT,ENCHANTMENT,False,,Lifesteal.,01e9ef8ac76e8db946e491ad73d7d84d64df47d071d60d866b440803d6c3d2da,not_implemented,False,missing
TIME_619e6,120194,Pact for Speed,TIME_TRAVEL,DEATHKNIGHT,ENCHANTMENT,False,,Rush.,6cf15c88faf40e3d1eb349236fb2d1d90efd1a87416d02f61a9e1374ca3474b5,not_implemented,False,missing
TIME_619t,120187,Bwonsamdi,TIME_TRAVEL,DEATHKNIGHT,MINION,False,DEATHRATTLE,Deathrattle: Summon a random 4-Cost minion. (Any Boons given to Bwonsamdi carry over.),fea2ff73c325a5c547afc05cc47adf2832460a90fcdfaffa370959cca9725338,not_implemented,False,missing
TIME_619t2,120188,What Befell Zandalar,TIME_TRAVEL,DEATHKNIGHT,SPELL,False,,Deal $2 damage to all enemies. Choose a Boon to give to Bwonsamdi.,76b1a315a38a52892bd351fd7e5ea824e7ec984a95f950e869107d9c3c7a0fd0,not_implemented,False,missing
TIME_619t3,120184,Boon of Power,TIME_TRAVEL,DEATHKNIGHT,SPELL,False,,Give Bwonsamdi Taunt permanently. Minions summoned by his Deathrattle cost (2) more.,7e34ea495f57fc2f57e3bf251e3a115e04d1a1dec32e164bd4a62a24f8e3ddc7,not_implemented,False,missing
TIME_619t4,120185,Boon of Longevity,TIME_TRAVEL,DEATHKNIGHT,SPELL,False,,Give Bwonsamdi Lifesteal permanently. Minions summoned by his Deathrattle cost (2) more.,29acff018b323330a7e7c6ae007c82677b494c4e7b4b2af8bc92df55117eca02,not_implemented,False,missing
TIME_619t5,120186,Boon of Speed,TIME_TRAVEL,DEATHKNIGHT,SPELL,False,,Give Bwonsamdi Rush permanently. Minions summoned by his Deathrattle cost (2) more.,c8ea3f6f0dbb4d523da95f3e345782f6c3a3575bb85a5c4e526245a135b15279,not_implemented,False,missing
TIME_620,121210,Untimely Death,TIME_TRAVEL,HUNTER,SPELL,True,SECRET,"Secret: When a friendly minion dies the turn after being played, resummon it.",37ede462083f68b75bc6baaa46b4b3cf155ca0095158d1d6c88c9de2aff3e207,not_implemented,False,missing
TIME_700,120644,Chronological Aura,TIME_TRAVEL,PALADIN,SPELL,True,,"At the end of your turn, summon a 3/5 Dragon with Taunt. Lasts 3 turns.",a6bb26d1c2dd2579ecc5dd2a1c5b92955fa75ab0766ab1dbddbbd8123f7014f4,not_implemented,False,missing
TIME_700t,122736,Chronological Drake,TIME_TRAVEL,PALADIN,MINION,False,TAUNT,Taunt,aa1c342daeb99a7dd8a63d75bed9ad127b763c6cd74891b0ce1a090898c7534e,not_implemented,False,missing
TIME_701,120746,Waveshaping,TIME_TRAVEL,DRUID,SPELL,True,DISCOVER,Discover a card from your deck. The others get put on the bottom.,36287c4c1c64cce4f6909c88ce970484bb766ab1591f19fe933f34280b29300a,declarative,True,focused_or_regression_tests
TIME_702,120748,Ebb and Flow,TIME_TRAVEL,DRUID,SPELL,True,,"Deal $3 damage. If you played a minion while holding this, gain 5 Armor.",cd09f43372e8381bec80462ad169d3394929a3f2c2184892688871c43dd679c4,declarative,True,focused_or_regression_tests
TIME_703,120749,Endangered Dodo,TIME_TRAVEL,DRUID,MINION,True,"BATTLECRY,TAUNT","Taunt Battlecry: If you have 10 or less Health, gain +5/+5 and summon a copy of this.",9a18c8a103637665bd74a0d10fc9f1c6295ad7e4f78227ad2e9089a44ae9ba39,not_implemented,False,missing
TIME_703e,123611,Endangered,TIME_TRAVEL,NEUTRAL,ENCHANTMENT,False,,+5/+5.,96c2da060cc4cc95b680ff54aa5da2770aad57b28a975232f41679704bce410a,not_implemented,False,missing
TIME_704,120761,Highborne Mentor,TIME_TRAVEL,DRUID,MINION,True,"BATTLECRY,DISCOVER",Battlecry: Get a 2/2 Pupil. Discover a spell that costs (7) or more from the past to teach it.,2a0bfaa29c0a0d5920bc7ef7495e7b461939cc7402736a9fbbc1bdd019ac65b5,not_implemented,False,missing
TIME_704t,122590,Highborne Pupil,TIME_TRAVEL,DRUID,MINION,False,BATTLECRY,Battlecry: Cast {0}.,0cf33ce4a5686f59c2024da14a35f461e0145d2097feda28134d95a82b06de04,not_implemented,False,missing
TIME_705,120762,"Krona, Keeper of Eons",TIME_TRAVEL,DRUID,MINION,True,"BATTLECRY,TAUNT",Taunt Battlecry: Set the Costs of the bottom 5 cards of your deck to (1).,2fc149d23168a9e86494231ea2c1ba32793e10422ff56d9764a9ec9e89b55b1e,not_implemented,False,missing
TIME_706,120774,The Fins Beyond Time,TIME_TRAVEL,PALADIN,MINION,True,BATTLECRY,Battlecry: Replace your hand with your starting hand. Swap back at the end of your turn.,c05f6dfe3bdc79451e40c8211c9742890fbb5f0edfdcba37aeeed1fd7b70f783,not_implemented,False,missing
TIME_706e2,120775,Time Altered,TIME_TRAVEL,PALADIN,ENCHANTMENT,False,,Cleanup enchant for TIME 706,81c2bb10b308077d4e318b2e8cc32c95d15adb710cf76401e43748f3f122f676,not_implemented,False,missing
TIME_706e3,123517,Beyond Time,TIME_TRAVEL,PALADIN,ENCHANTMENT,False,,Your hand is swapped with your starting hand this turn.,8b4be94c18a095ec513b8356a67968200cdbd54b82e9727973e0d496860f79f5,not_implemented,False,missing
TIME_707,122833,Alternate Reality,TIME_TRAVEL,DRUID,SPELL,True,,Replace your hand and deck with random Choose One cards from the past. They cost (1) less.,cc69bcf80d0582329ac935595f81f37212f0715078386650e8f21de8edd2e526,not_implemented,False,missing
TIME_710,120790,Troubled Double,TIME_TRAVEL,ROGUE,MINION,True,"COMBO,STEALTH",Stealth Combo: Summon a copy of this.,816fc7e71e48c38682466ccc896dd9e96303047cbde83da76aa3b477ba13a32f,not_implemented,False,missing
TIME_711,120793,Flashback,TIME_TRAVEL,ROGUE,SPELL,True,COMBO,Summon two random 1-Cost minions from the past. Combo: With +1 Attack.,f8fc1bc26d965660382520505b1f9801dfdfa726e2c3193e8ff45e3b7e3e1e25,not_implemented,False,missing
TIME_711e,122828,Memories,TIME_TRAVEL,ROGUE,ENCHANTMENT,False,,+1 Attack.,da9702f303d6e735aba7c40477f38a1b7f086b28e4b9a0ae105228e6b77720fe,not_implemented,False,missing
TIME_712,120797,Dethrone,TIME_TRAVEL,ROGUE,SPELL,True,COMBO,Destroy a minion. Combo: Summon a random 8-Cost minion.,21866f0452e4876d6a9c4587bcdd8181fe1c66e1a8916d1bbafa451460a00056,not_implemented,False,missing
TIME_713,120805,Time Adm'ral Hooktail,TIME_TRAVEL,ROGUE,MINION,True,BATTLECRY,Battlecry: Summon a 0/8 Chest for your opponent. It's FULL of Coins!,d5708fd48dcc1de0f5c4b4ae988534c476383e9c50061331e3e982cf9ef01aaf,declarative,True,focused_or_regression_tests
TIME_713t,120806,Timeless Chest,TIME_TRAVEL,ROGUE,MINION,False,DEATHRATTLE,Deathrattle: Fill your opponent's hand with Coins.,6e5fd987cddb38f57073a9e123fb3c2e3f640b4331c800ad753bb1cb06ef9958,legacy_compatibility,True,focused_or_regression_tests
TIME_714,120817,Chrono-Lord Epoch,TIME_TRAVEL,WARRIOR,MINION,True,BATTLECRY,Battlecry: Destroy all minions that your opponent played last turn.,d5b4ba39f36cf2d540164059f656ef767cc8ae7c02ece32e18ff406e1f183eba,legacy_compatibility,True,focused_or_regression_tests
TIME_715,120828,For Glory!,TIME_TRAVEL,WARRIOR,SPELL,True,,Draw 2 cards. Costs (1) less for each minion your opponent controls.,a2e16a05b01db84e47eb2c75be0ba20fa3f0fc7e5f5986a35a613b224e16a4d7,not_implemented,False,missing
TIME_716,120829,Slow Motion,TIME_TRAVEL,WARRIOR,SPELL,True,,Your opponent's cards cost (1) more next turn.,7fb39faeb6832feb820b0cb4f0491ed852e93ac56dc2e44a0a25fd812afe16a0,not_implemented,False,missing
TIME_716e,120830,Sloooowwedd Dooowwwnnn,TIME_TRAVEL,WARRIOR,ENCHANTMENT,False,,Costs (1) more.,89830855da472a102e35e4f26fba2e33f9073795fd58579d828d8eccecd19b46,not_implemented,False,missing
TIME_716e3,122836,Slowed Down,TIME_TRAVEL,WARRIOR,ENCHANTMENT,False,,Your cards cost (1) more this turn.,bc9325e404ab2d6b7e307c8930e50eb0a632f39b0be86b92211ac5c8de254e83,not_implemented,False,missing
TIME_720,120847,Soldier of the Bronze,TIME_TRAVEL,NEUTRAL,MINION,True,"BATTLECRY,TAUNT",Taunt Battlecry: Double this minion's Health.,885745ca59d3c79ace583881c8aae1ac6b8b51437955f5048854aab78900144b,declarative,True,focused_or_regression_tests
TIME_720e,121744,Bronze Scales,TIME_TRAVEL,NEUTRAL,ENCHANTMENT,False,,Doubled Health.,192166d6607f7dca1c539c3caac1119014d930a8892a573c37ced87ec9bc0ffc,not_implemented,False,missing
TIME_730,121460,Kaldorei Cultivator,TIME_TRAVEL,DRUID,MINION,True,"BATTLECRY,DISCOVER",Battlecry: Discover 2 Beasts. Put them on the bottom of your deck with +5/+5.,bdee2a0ab7d527f6cd5120b61440de9ba076faaef92c42378c1771faa25dff59,not_implemented,False,missing
TIME_730e,122835,Nurtured,TIME_TRAVEL,DRUID,ENCHANTMENT,False,,+5/+5.,96c2da060cc4cc95b680ff54aa5da2770aad57b28a975232f41679704bce410a,not_implemented,False,missing
TIME_750,120975,Precursory Strike,TIME_TRAVEL,WARRIOR,SPELL,True,,"Deal $3 damage. If you're holding a minion that costs (5) or more, draw a minion.",f4f09682384451cc23bd510b3ca9de401f179224f75b988f38c6be27f17bbba5,not_implemented,False,missing
TIME_770,121142,Fast Forward,TIME_TRAVEL,ROGUE,SPELL,True,,Draw 2 cards. Pick one to have its Cost reduced by (2).,af9256c2ab2b084528216ce81b20ac7bf8ce4a586abe2248384b349a152b50f7,not_implemented,False,missing
TIME_810,119166,Past Silvermoon,TIME_TRAVEL,HUNTER,LOCATION,True,,Deal 5 damage to a random enemy minion. Advance to the present!,4a85c921cd1bc8d2b06bb5d4110b7bac8029f62260541ecc7d67bfebbc45c4df,not_implemented,False,missing
TIME_810t1,119168,Present Silvermoon,TIME_TRAVEL,HUNTER,LOCATION,False,,Deal 5 damage to a random enemy minion. Excess hits the enemy hero. Advance to the future!,32f32e291a153ed3609a727d1dd6e111a51fc919568b755bf9f60bbeffe73b8c,not_implemented,False,missing
TIME_810t2,119169,Future Silvermoon,TIME_TRAVEL,HUNTER,LOCATION,False,,Deal 5 damage to the lowest Health enemy minion. Excess damage hits the enemy hero.,9dd8c2b728d095dbb53b0cab748ddf3ce8212136fdf01adb1dfd97f694b50da7,not_implemented,False,missing
TIME_850,119451,"Lo'Gosh, Blood Fighter",TIME_TRAVEL,WARRIOR,MINION,True,"DEATHRATTLE,RUSH","Fabled, Rush. Deathrattle: Summon a Blood Fighter from your hand. It gains +5/+5 and attacks a random enemy.",79225f997b2b0c6102f59a2accc4f2e821add7af29bb886674b3fb9cc2f463fc,not_implemented,False,missing
TIME_850e,119452,Crimson Blood,TIME_TRAVEL,WARRIOR,ENCHANTMENT,False,,+5/+5.,96c2da060cc4cc95b680ff54aa5da2770aad57b28a975232f41679704bce410a,not_implemented,False,missing
TIME_850t,119453,"Broll, Blood Fighter",TIME_TRAVEL,WARRIOR,MINION,False,"DEATHRATTLE,TAUNT",Taunt Deathrattle: Summon a Blood Fighter from your hand. Give it +5/+5 and Taunt.,623a4642f138c48ffcf11e0158579e12f583d5d5339d8daea6fd9d9c5dada0db,not_implemented,False,missing
TIME_850t1,119454,"Valeera, Blood Fighter",TIME_TRAVEL,WARRIOR,MINION,False,"DEATHRATTLE,ELUSIVE",Elusive Deathrattle: Summon a Blood Fighter from your hand. Give it +5/+5 and Elusive.,302566b1de638b588b74321343078f6a0a502f1be68a15af61e9fd2a5ecb9c54,not_implemented,False,missing
TIME_852,119524,Azure Queen Sindragosa,TIME_TRAVEL,MAGE,MINION,True,AURA,"Fabled If you control another Dragon, your Arcane spells cost (2) less.",543904c031978b38aeadd39e77ec8cb8492bfd3fd6197cb5c06d667d86f94035,legacy_compatibility,True,focused_or_regression_tests
TIME_852t1,119527,Azure King Malygos,TIME_TRAVEL,MAGE,MINION,False,AURA,"If you control another Dragon, your Arcane spells cast twice.",d1c2ad3a899d61fcfdb4b54bb1f1c17c13f4cf79a3ac4d0c23c34bfa29e24636,not_implemented,False,missing
TIME_852t3,119525,Azure Oathstone,TIME_TRAVEL,MAGE,SPELL,False,,Summon your Dragons that died this game.,eac66ef4224c4411ee1b8ae55f5aca19c4802c9a000a68dd55420095cd21a7e6,not_implemented,False,missing
TIME_855,119528,Arcane Barrage,TIME_TRAVEL,MAGE,SPELL,True,,Deal $3 damage to an enemy and $2 damage to two other random ones.,40f0010d405f31140700d161289fa07a0020494b73a65b494396151578cc5fe0,not_implemented,False,missing
TIME_856,119632,Algeth'ar Instructor,TIME_TRAVEL,MAGE,MINION,True,SPELLPOWER,Spell Damage +2,1074759cead3afd2655ea42cc461d6c8932dffab19dc96a9509051cb6ef41c2f,not_implemented,False,missing
TIME_857,119633,Alter Time,TIME_TRAVEL,MAGE,SPELL,True,DISCOVER,Discover two Arcane spells from the past. They cost (2) less.,a8764c98bf4962a104042477688fa74cf3236d15bbc16ed8a566d8d0f5ed6d43,not_implemented,False,missing
TIME_858,119649,Temporal Construct,TIME_TRAVEL,MAGE,MINION,True,BATTLECRY,Battlecry: Deal 5 damage to an enemy minion. Draw cards equal to the excess damage.,0c6be4f52fd49e0ea0dfedebf0fa6bd91cb169957ca7cab4dba3d4274833f3c2,not_implemented,False,missing
TIME_859,119691,Anomalize,TIME_TRAVEL,MAGE,SPELL,True,,Summon a random 10 and 1-Cost minion. Scramble their stats.,ea237e9b9b3d037c0f93f615d09c8d50febf0cb3017856beb623b864216f3eef,not_implemented,False,missing
TIME_859e,119692,Anomalized,TIME_TRAVEL,MAGE,ENCHANTMENT,False,,Attack and Health scrambled.,c18c9402fdb992dfca30bdb1867cfcf091e5906ebf53f018260ee8db00a731db,not_implemented,False,missing
TIME_860,119740,Faceless Enigma,TIME_TRAVEL,MAGE,MINION,True,BATTLECRY,Battlecry: Look at 2 random Secrets. Pick one to cast for yourself. The other casts for your opponent.,77335ebe51a700c880572cae475152601e8e02c90de645df8b0ca8b5d781bb5d,not_implemented,False,missing
TIME_861,119741,Timelooper Toki,TIME_TRAVEL,MAGE,MINION,True,BATTLECRY,"Battlecry: Get 3 random spells from the past. When you play ALL 3, get another Timelooper Toki.",2be8f70d5c1a230ca72009e0dd8217b831ccfb3078b6d77932bf42c6cf11670e,not_implemented,False,missing
TIME_861e1,122364,Looping Time,TIME_TRAVEL,MAGE,ENCHANTMENT,False,,Play the 4 spells created by Toki to create Toki.,56de8e0359daa792cfe491c3a578b2b5631bfe4473a9ca6873b4d5a4c077e684,not_implemented,False,missing
TIME_861e2,131268,Looping Time Target,TIME_TRAVEL,MAGE,ENCHANTMENT,False,,,e3b0c44298fc1c149afbf4c8996fb92427ae41e4649b934ca495991b7852b855,not_implemented,False,missing
TIME_870,119778,Gladiatorial Combat,TIME_TRAVEL,WARRIOR,SPELL,True,,Summon a random minion from your deck. Summon a 5/5 Tiger with Stealth for your opponent.,dd60ba747a5471380e7f51591750078fcfdf6c9d8caea38a197fa36180f409e7,not_implemented,False,missing
TIME_870t,122348,Coliseum Tiger,TIME_TRAVEL,WARRIOR,MINION,False,STEALTH,Stealth,526a40a447ddd7aa52d34bb62dbf1da04dc4aba8403769d239ade80893ffef7a,not_implemented,False,missing
TIME_871,119780,Heir of Hereafter,TIME_TRAVEL,WARRIOR,MINION,True,"BATTLECRY,TAUNT",Taunt Battlecry: Gain +2/+2 for each damaged minion.,d1284bff4cf544cb066f35f30bf791fb3eef769d0e5cb11ede93bba2d786dacd,legacy_compatibility,True,focused_or_regression_tests
TIME_871e,126730,Bloodthirsty,TIME_TRAVEL,WARRIOR,ENCHANTMENT,False,,+2/+2.,6496ac6ee3bdc68621e62fed137957624c2b0bd825dd961051f0d8c2f5e4eb44,not_implemented,False,missing
TIME_872,119783,Undefeated Champion,TIME_TRAVEL,WARRIOR,MINION,True,"BATTLECRY,RUSH",Rush. Battlecry: Fill your opponent's board with random 1-Cost minions.,633a9e7cb36ad1c31aeb8ea14999256870c9e79e35b0839ceedb6046d1861a31,not_implemented,False,missing
TIME_873,119786,Unleash the Crocolisks,TIME_TRAVEL,WARRIOR,SPELL,True,,Gain 10 Armor. Summon two 2/3 Beasts for your opponent.,01d22ae09c456c90795fe2a5a4502886f452f12f465a16b9a3fe64b75cc484db,not_implemented,False,missing
TIME_873t,119787,Coliseum Crocolisk,TIME_TRAVEL,WARRIOR,MINION,False,,,e3b0c44298fc1c149afbf4c8996fb92427ae41e4649b934ca495991b7852b855,not_implemented,False,missing
TIME_875,119814,Garona Halforcen,TIME_TRAVEL,ROGUE,MINION,True,BATTLECRY,"Fabled. Battlecry: If your opponent is holding King Llane, destroy him and cut their Health in half.",9eeca01654de673c20c8c66554fcb214519f74c4e049dbfb2eb907347ef2cc6c,not_implemented,False,missing
TIME_875t,119815,King Llane,TIME_TRAVEL,ROGUE,MINION,False,"BATTLECRY,START_OF_GAME_KEYWORD",Start of Game: Hide from Garona in the enemy's deck. Battlecry: Draw a card. Shuffle this back into your deck.,289b1cce05d20ffd0ef88ccdbda49f6ac5bd56c123c3978a9f928a06d04225f6,not_implemented,False,missing
TIME_875t1,119816,The Kingslayers,TIME_TRAVEL,ROGUE,WEAPON,False,TRIGGER_VISUAL,"After your hero attacks, both players draw a Legendary card.",7b19fdc5cc99023da2f25e97c4fc48b69e158e6a1a7b6ad6e582f0aa7bd3b441,not_implemented,False,missing
TIME_876,119841,Shapeshifter,TIME_TRAVEL,ROGUE,MINION,True,,"Each turn this is in your hand, transform into a random minion in your opponent's hand.",20ed45a841e3b86bb6eccb12c5391b1cf8b2cf76f415c0997ab8c898078eadf5,legacy_compatibility,True,focused_or_regression_tests
TIME_876e,119842,Shapeshifting,TIME_TRAVEL,ROGUE,ENCHANTMENT,False,,Transforming into a random minion in your opponent's hand.,5b022906d6fcbace78ef8282b9b921027513095853e1ab322aa91c54b2b7d5e6,not_implemented,False,missing
TIME_890,120060,Medivh the Hallowed,TIME_TRAVEL,PRIEST,MINION,True,BATTLECRY,Fabled. Costs (0) if you control Karazhan. Battlecry: Silence and destroy all other minions.,f6a17a55b2c7f07e8bc9df44ea6a882fcd6add0d870bf3b9c9a6205389fa3ede,declarative,True,focused_or_regression_tests
TIME_890t,120064,Atiesh the Greatstaff,TIME_TRAVEL,PRIEST,WEAPON,False,,Costs (0) if you control Medivh. Double the damage and healing of your spells.,8be81cfc67bba8c18c94f14acf425c3badaa1e94688e9e90122eefa84873f703,declarative,True,focused_or_regression_tests
TIME_890t2,120068,Karazhan the Sanctum,TIME_TRAVEL,PRIEST,LOCATION,False,,Costs (0) if you're wielding Atiesh. Summon two random 8-Cost minions.,47944b666bab48ba2e4916afbb6e5e25468112d4a11215413afc8d076bef33ac,declarative,True,focused_or_regression_tests
TIME_COIN1,121673,The Coin,TIME_TRAVEL,NEUTRAL,SPELL,False,,Gain 1 Mana Crystal this turn only.,7e0b9838c71ab2fca09f4defa0790398e06cf2d4f4f0c10ea1634a74b712d126,not_implemented,False,missing
TIME_COIN2,121674,The Coin,TIME_TRAVEL,NEUTRAL,SPELL,False,,Gain 1 Mana Crystal this turn only.,7e0b9838c71ab2fca09f4defa0790398e06cf2d4f4f0c10ea1634a74b712d126,not_implemented,False,missing
TIME_COIN3,123319,The Coin,TIME_TRAVEL,NEUTRAL,SPELL,False,,Gain 1 Mana Crystal this turn only.,7e0b9838c71ab2fca09f4defa0790398e06cf2d4f4f0c10ea1634a74b712d126,not_implemented,False,missing
TIME_COIN4,123650,The Coin,TIME_TRAVEL,NEUTRAL,SPELL,False,,Gain 1 Mana Crystal this turn only.,7e0b9838c71ab2fca09f4defa0790398e06cf2d4f4f0c10ea1634a74b712d126,not_implemented,False,missing
TIME_EVENT_997e,123417,New Resident,TIME_TRAVEL,NEUTRAL,ENCHANTMENT,False,,Deathrattle: Summon a random 3-Cost minion.,34c891ecc02cd819eba74e40be1a5d2cff09025050583d3148f69221760ecf0d,not_implemented,False,missing
TIME_EVENT_998e1,123414,Temporal Traversal,TIME_TRAVEL,PALADIN,ENCHANTMENT,False,,Sending a minion 2 turns into the future. It returns with +5/+5.,98c94ce42e0f3903d44d92f731b78968c4b961b6f2e9cda2b14392979877e100,not_implemented,False,missing
TIME_EVENT_998e2,123415,When Am I?,TIME_TRAVEL,PALADIN,ENCHANTMENT,False,,+5/+5.,96c2da060cc4cc95b680ff54aa5da2770aad57b28a975232f41679704bce410a,not_implemented,False,missing
TIME_EVENT_COIN,121677,The Coin,TIME_TRAVEL,NEUTRAL,SPELL,False,,Gain 1 Mana Crystal this turn only.,7e0b9838c71ab2fca09f4defa0790398e06cf2d4f4f0c10ea1634a74b712d126,not_implemented,False,missing
TLC_100,117762,Elise the Navigator,THE_LOST_CITY,NEUTRAL,MINION,True,BATTLECRY,"Battlecry: If your deck started with 10 cards of different Costs, craft a custom location.",b521c6d9ad8421d6591654cb33fef030d9efa3e3a4a9bc8a27ca7742a629b5ca,not_implemented,False,missing
TLC_100t1,117761,Un'Goro Jungle,THE_LOST_CITY,NEUTRAL,LOCATION,False,,{0} {1},10866a9df5f8be5be75c79314de01412b0b35db060b06fdc333c1d9cd82d73c0,not_implemented,False,missing
TLC_100t11,117765,Bursting Geyser,THE_LOST_CITY,NEUTRAL,SPELL,False,DEATHRATTLE,Deathrattle: Deal 1 damage to all enemies.,96e1f9c3a7b9b0b79252173cdd13db52d12b2817321e1da44575fb8874ec4cd7,not_implemented,False,missing
TLC_100t12,117774,Shining Moonlight,THE_LOST_CITY,NEUTRAL,SPELL,False,,Your next spell has Spell Damage +1.,d9861decefcab9e2d085c4c92c04d713c6811f00c790d08afb566b04aed758a4,not_implemented,False,missing
TLC_100t12e,117773,Shining Moonlight Enchant Player,THE_LOST_CITY,NEUTRAL,ENCHANTMENT,False,,Your next spell has Spell Damage +1.,d9861decefcab9e2d085c4c92c04d713c6811f00c790d08afb566b04aed758a4,not_implemented,False,missing
TLC_100t13,117779,Runic Inscriptions,THE_LOST_CITY,NEUTRAL,SPELL,False,DISCOVER,Discover a spell. It costs (1) less.,22ef2341f0460d6ae60b1377679a687d1df939e7ef88715257c3af0da0a7e49e,not_implemented,False,missing
TLC_100t14,117784,Snapping Plants,THE_LOST_CITY,NEUTRAL,SPELL,False,,Give your characters +1 Attack this turn.,26d40800a3fd83a20a69e0f4533604e9a3cb2a2257c59d8d225120fd09537259,not_implemented,False,missing
TLC_100t14e,117782,Snap!,THE_LOST_CITY,NEUTRAL,ENCHANTMENT,False,TAG_ONE_TURN_EFFECT,Your characters have +1 Attack this turn.,f537c4b4124b0ee7a778b9c10e64fef3715a1b032174f49b81e2ec5a7f403e4d,not_implemented,False,missing
TLC_100t14e2,117783,Snap!,THE_LOST_CITY,NEUTRAL,ENCHANTMENT,False,TAG_ONE_TURN_EFFECT,+1 Attack this turn.,ede41a2244b0f986992bb6880306b6c21a90c30b43211b86f124b970ecc9fac8,not_implemented,False,missing
TLC_100t15,117768,Nesting Grounds,THE_LOST_CITY,NEUTRAL,SPELL,False,,Summon a 2/1 Raptor with Rush.,c713d508f9d61f0d1b4fcedacc5ed1e572c1ecaa95f1ab6dee4cfa56eeb2dfb5,not_implemented,False,missing
TLC_100t16,117793,Lava Stream,THE_LOST_CITY,NEUTRAL,SPELL,False,,Gain 3 Armor.,ebd71c201ebd60de96636b5c60b7d4185e0cde184a661ae6c42fb6e18125513d,not_implemented,False,missing
TLC_100t17,117842,Radiant Crystals,THE_LOST_CITY,NEUTRAL,SPELL,False,,Summon a 1/1 copy of a friendly minion.,14b9e5d5149944fb421a51dbeee78ca73a02c1b161442bf0790b5a0def190255,not_implemented,False,missing
TLC_100t17e,117838,Radiant Reflection,THE_LOST_CITY,NEUTRAL,ENCHANTMENT,False,,1/1.,83cde5738c0b14bb76d23434a8ee4ae3018405f3441ad9f57eeee1e47c2bf620,not_implemented,False,missing
TLC_100t2,117760,Terror Run,THE_LOST_CITY,NEUTRAL,LOCATION,False,,{0} {1},10866a9df5f8be5be75c79314de01412b0b35db060b06fdc333c1d9cd82d73c0,not_implemented,False,missing
TLC_100t21,117764,Bursting Geyser,THE_LOST_CITY,NEUTRAL,SPELL,False,DEATHRATTLE,Deathrattle: Deal 3 damage to all enemies.,e3822385922c026074a6ad52a12495d93bd1c4ab2b22043e29f696337b65f0c9,not_implemented,False,missing
TLC_100t22,117778,Shining Moonlight,THE_LOST_CITY,NEUTRAL,SPELL,False,,Your next spell has Spell Damage +2.,92a34aa30cd9a56bbc6810a092084abeacc0867d74d85fce790c7cdd4c29f5ce,not_implemented,False,missing
TLC_100t22e,117775,Shining Moonlight Enchant Player,THE_LOST_CITY,NEUTRAL,ENCHANTMENT,False,,Your next spell has Spell Damage +2.,92a34aa30cd9a56bbc6810a092084abeacc0867d74d85fce790c7cdd4c29f5ce,not_implemented,False,missing
TLC_100t23,117780,Runic Inscriptions,THE_LOST_CITY,NEUTRAL,SPELL,False,DISCOVER,Discover a spell. It costs (4) less.,1e02fdac0d439095a741977b6fb836ac64aeb3837eb18c9b10cebe042d882c3f,not_implemented,False,missing
TLC_100t24,117785,Snapping Plants,THE_LOST_CITY,NEUTRAL,SPELL,False,,Give your characters +2 Attack this turn.,aae646e97eb08906e911c3df151e3b677dc63526f951f6c109f17e4ae9e7dea8,not_implemented,False,missing
TLC_100t24e,117789,Snap!,THE_LOST_CITY,NEUTRAL,ENCHANTMENT,False,TAG_ONE_TURN_EFFECT,Your characters have +2 Attack this turn.,1e3f6c151c4a93bccab6059e9c29afc1cc3fbb60600c5d668023d20db5eb9d9d,not_implemented,False,missing
TLC_100t24e2,117787,Snap!,THE_LOST_CITY,NEUTRAL,ENCHANTMENT,False,TAG_ONE_TURN_EFFECT,+2 Attack this turn.,7e6adecaa454292141cace245784519a7519cabe4c5f622ea91deb319c0d6991,not_implemented,False,missing
TLC_100t25,117769,Nesting Grounds,THE_LOST_CITY,NEUTRAL,SPELL,False,,Summon two 2/1 Raptors with Rush.,e2af93ed578519470b82df495ebfcf9c4a60f7394e2a68ac4fe3e42d2d6db67f,not_implemented,False,missing
TLC_100t26,117808,Lava Stream,THE_LOST_CITY,NEUTRAL,SPELL,False,,Gain 6 Armor.,1cb598aa73ff628de6c74efb98594b913b3d3b2ba5738e40960c60a5d6862800,not_implemented,False,missing
TLC_100t27,117843,Radiant Crystals,THE_LOST_CITY,NEUTRAL,SPELL,False,,Summon a 3/3 copy of a friendly minion.,569574d630fcf05643979db4663c51a5151c44a121c696bf93a3c1cb08cb1669,not_implemented,False,missing
TLC_100t27e,117840,Radiant Reflection,THE_LOST_CITY,NEUTRAL,ENCHANTMENT,False,,3/3.,b985591a2645ba0743193e424ca8cc626e5f960b69dd3bf90025a9435893852b,not_implemented,False,missing
TLC_100t3,117759,Fire Plume Ridge,THE_LOST_CITY,NEUTRAL,LOCATION,False,,{0} {1},10866a9df5f8be5be75c79314de01412b0b35db060b06fdc333c1d9cd82d73c0,not_implemented,False,missing
TLC_100t31,117763,Bursting Geyser,THE_LOST_CITY,NEUTRAL,SPELL,False,DEATHRATTLE,Deathrattle: Deal 5 damage to all enemies.,2a0d0bd70eca2854bf9609e244ec8a6b427a1ffdc14354c908149109f84a251a,not_implemented,False,missing
TLC_100t32,117777,Shining Moonlight,THE_LOST_CITY,NEUTRAL,SPELL,False,,Your next spell has Spell Damage +4.,fff21cd8e72e3a834acfd538bad2b9f3671baedd63ebf0cb627f1c15172a66a0,not_implemented,False,missing
TLC_100t32e,117776,Shining Moonlight Enchant Player,THE_LOST_CITY,NEUTRAL,ENCHANTMENT,False,,Your next spell has Spell Damage +4.,fff21cd8e72e3a834acfd538bad2b9f3671baedd63ebf0cb627f1c15172a66a0,not_implemented,False,missing
TLC_100t33,117781,Runic Inscriptions,THE_LOST_CITY,NEUTRAL,SPELL,False,DISCOVER,Discover a spell. It costs (7) less.,78a0260e6796a3b25a22ae210f6107e3c02fde322a82272ab6854bea082964a6,not_implemented,False,missing
TLC_100t34,117786,Snapping Plants,THE_LOST_CITY,NEUTRAL,SPELL,False,,Give your characters +4 Attack this turn.,fc2b51daf1ac30cafe74bda69818b05e4784e117b854f96fe5a6701d4cdd8333,not_implemented,False,missing
TLC_100t34e,117790,Snap!,THE_LOST_CITY,NEUTRAL,ENCHANTMENT,False,TAG_ONE_TURN_EFFECT,Your characters have +4 Attack this turn.,c20f84e74d7c976979f4cc07e3ebe8802fb33c6712952703daf6e9aa12587ea9,not_implemented,False,missing
TLC_100t34e2,117788,Snap!,THE_LOST_CITY,NEUTRAL,ENCHANTMENT,False,TAG_ONE_TURN_EFFECT,+4 Attack this turn.,c049daebae4d77732e49411a4cc849cddcefd38a902588d3696970981e9bedb7,not_implemented,False,missing
TLC_100t35,117770,Nesting Grounds,THE_LOST_CITY,NEUTRAL,SPELL,False,,Summon four 2/1 Raptors with Rush.,d7452780f39b9fc383a0867f00a3c074223c71a2eaa1c64360a6da4facd42f7d,not_implemented,False,missing
TLC_100t36,117809,Lava Stream,THE_LOST_CITY,NEUTRAL,SPELL,False,,Gain 12 Armor.,af4e43de3b9290377b49b313208157d7d2d155eb2bd032c45bf80a626a2b8bb7,not_implemented,False,missing
TLC_100t37,117844,Radiant Crystals,THE_LOST_CITY,NEUTRAL,SPELL,False,,Summon a 5/5 copy of a friendly minion.,40f8793653c210b07b70b3d1ea252b42a11cb0b17571108b2e1ae445acd9e99a,not_implemented,False,missing
TLC_100t37e,117841,Radiant Reflection,THE_LOST_CITY,NEUTRAL,ENCHANTMENT,False,,5/5.,d91b2ebf341525438399dd59235d4d840703bd785665a0dbe1125a81f9c2bcaf,not_implemented,False,missing
TLC_101,119781,Undercover Cultist,THE_LOST_CITY,NEUTRAL,MINION,True,"ENRAGED,REBORN,TAUNT","Taunt, Reborn Has +3 Attack while damaged.",5eca33cf43976739ffd6c57d28dff3bcc89fe754ee626893f61f264a0cc7b6f6,not_implemented,False,missing
TLC_101e,119782,Enraged,THE_LOST_CITY,NEUTRAL,ENCHANTMENT,False,,+3 Attack.,9ff6ca718148527a960800a10bab5d2aff98ca656a0f9545a47002e4188f2dd2,not_implemented,False,missing
TLC_101t,122797,Nesting Raptor,THE_LOST_CITY,NEUTRAL,MINION,False,RUSH,Rush,34ebcd9fcba8b65689b051c3005a425f2d253adfaf42ff0f9cf99487762df7de,not_implemented,False,missing
TLC_102,117848,Torga,THE_LOST_CITY,NEUTRAL,MINION,True,BATTLECRY,Battlecry: Draw a Kindred card and another card that activates it.,0dad29401eb738c33aae0853639d05e2c1d147d83babb097688298a4e5dd3608,legacy_compatibility,True,focused_or_regression_tests
TLC_106,117877,Endbringer Umbra,THE_LOST_CITY,NEUTRAL,MINION,True,BATTLECRY,Battlecry: Trigger the Deathrattles of 5 friendly minions that died this game.,679d7138a82a92aa185cd9a92db946a98f81aacb2f0003fb23c61e504300f66e,not_implemented,False,missing
TLC_107,117885,Stormbrewer,THE_LOST_CITY,NEUTRAL,MINION,True,TRIGGER_VISUAL,"Whenever this attacks, deal 3 damage to the target first. Kindred: Gain Rush.",144996e897f3ca8af5ff3439c5ce4d5f92431f178c2d15367c11a69cbc859044,not_implemented,False,missing
TLC_109,117889,Relic Miner,THE_LOST_CITY,NEUTRAL,MINION,True,"BATTLECRY,DISCOVER",Battlecry: Destroy the top card of your deck. Discover a card of the same Rarity.,4585bdf255cf9fd0e3310bbfbdb8eef1061a0916cbfa99dfcc2140e1af91f6ef,not_implemented,False,missing
TLC_110,121026,City Chief Esho,THE_LOST_CITY,NEUTRAL,MINION,True,BATTLECRY,"Battlecry: If every minion in your deck shares a minion type, give your other minions +2/+2 (wherever they are).",16536192458c72c466daa85e6e47cb720f01f98ce187eedae7f2bde55716df5d,legacy_compatibility,True,focused_or_regression_tests
TLC_110e,121467,Kin,THE_LOST_CITY,NEUTRAL,ENCHANTMENT,False,,+2/+2.,6496ac6ee3bdc68621e62fed137957624c2b0bd825dd961051f0d8c2f5e4eb44,not_implemented,False,missing
TLC_220,117531,Windswept Pageturner,THE_LOST_CITY,MAGE,MINION,True,TRIGGER_VISUAL,"After you summon an Elemental, deal 3 damage to a random enemy.",9483655af1be6dd7c67cbfabdeaef90a55a3079cd663fd2c2cd276c10e527214,not_implemented,False,missing
TLC_221,117532,Sizzling Swarm,THE_LOST_CITY,SHAMAN,SPELL,True,,Deal $3 damage. Summon that many 2/1 Sizzling Cinders.,e41dad70b433e7d7188edaef21717cbc128941daa34e203cb1268aff02b9bea7,declarative,True,focused_or_regression_tests
TLC_222,117606,Flight of the Firehawk,THE_LOST_CITY,SHAMAN,SPELL,True,,Draw two minions of different minion types. Give them +1/+1.,87fdb0721a960906f23413df09a23a4a33dc1957ea2a74b386c0da08d2942332,declarative,True,focused_or_regression_tests
TLC_222e,119670,Ignited,THE_LOST_CITY,SHAMAN,ENCHANTMENT,False,,+1/+1.,afc89c2ca41679d8ca8a2c52feea4637bb75b326ab9a2cdeac23cd43d9259603,not_implemented,False,missing
TLC_223,117533,Volcanic Thrasher,THE_LOST_CITY,SHAMAN,MINION,True,BATTLECRY,Battlecry: Draw a Fire spell. Kindred: Give it Spell Damage +2.,ac3319de7f8d22a76b1ad4c2dcd9b0512753c7399d31c8d8cf3c1cfec569b58b,legacy_compatibility,True,focused_or_regression_tests
TLC_223e,117607,Volcanic,THE_LOST_CITY,SHAMAN,ENCHANTMENT,False,,Spell Damage +2.,3c246513c43c7a98ec845d00c890f8f93c235c6c901f98f8710a5c4dd9311fbf,not_implemented,False,missing
TLC_224,117534,Mechanized Magma,THE_LOST_CITY,SHAMAN,MINION,True,TRIGGER_VISUAL,"Whenever you play a Fire spell, gain stats equal to its Cost.",5babd669dc8afff656a3e4098a5682cf179373fbad25557901fc2a293604610b,legacy_compatibility,True,focused_or_regression_tests
TLC_224e,117611,Fanned Flame,THE_LOST_CITY,SHAMAN,ENCHANTMENT,False,,Increased stats.,86366dffd9632c41254a7086bccc8785950a645bfec07910fece2646282f81be,not_implemented,False,missing
TLC_225,117612,Cinderfin,THE_LOST_CITY,SHAMAN,MINION,True,DEATHRATTLE,Deathrattle: Summon a 2/1 Sizzling Cinder.,e858847af745741b9c84094ca0a0fcd0187f8bf24aa1150c5315c539cd01752c,declarative,True,focused_or_regression_tests
TLC_226,117535,Conjured Bookkeeper,THE_LOST_CITY,MAGE,MINION,True,DEATHRATTLE,Deathrattle: Draw a spell. Kindred: Summon a copy of this.,65cee92ec77c824e59223d1ef3877efe4ea615b4735fbadc002fe311b6bac097,not_implemented,False,missing
TLC_227,117536,Lava Flow,THE_LOST_CITY,SHAMAN,SPELL,True,OVERLOAD,"Deal $2 damage to the lowest Health enemy, three times. Overload: (1)",ae86e8a23aef927f03de346c87923771bda82941d3b4bbde18d8780e3d1743d1,declarative,True,focused_or_regression_tests
TLC_228,117617,Bralma Searstone,THE_LOST_CITY,SHAMAN,MINION,True,AURA,Your Elementals deal 1 extra damage.,545308a3da89e2fc2bbda03d767c1970f79e1d86396cdf93e87f4789e116410d,legacy_compatibility,True,focused_or_regression_tests
TLC_229,117538,Spirit of the Mountain,THE_LOST_CITY,SHAMAN,SPELL,True,QUEST,Quest: Play 6 minions of unique types. Reward: Ashalon.,ca0342b7ef76d5038ad87303cba7e1d12299335a0b4b34a7dd70c04e0ed62ee0,not_implemented,False,missing
TLC_229t14,120778,"Ashalon, Ridge Guardian",THE_LOST_CITY,SHAMAN,MINION,False,"BATTLECRY,RUSH","Rush. Battlecry: Adapt twice. For the rest of the game, give minions you play those Adaptations.",88e99828cf31b2c3e3acd2706e5c8b9b2ccc1f0cf2e86a5e5543932682f74ffe,not_implemented,False,missing
TLC_229t14e,120779,Perfect Evolution,THE_LOST_CITY,SHAMAN,ENCHANTMENT,False,TRIGGER_VISUAL,"For the rest of the game, give minions you play those Adaptations.",2bbe4669c3af288a44ae74b896bdcefa443a8b5b81d31e9e8457b98a23c3093c,not_implemented,False,missing
TLC_230,117646,TREEEES!!!,THE_LOST_CITY,DRUID,SPELL,True,,Choose a minion. Summon four 2/2 Treants that attack it.,f941015358f54e75317d636ced36c0dd08bc028f3ab12cfce51b9b96b38b2149,not_implemented,False,missing
TLC_230t,118492,Treant,THE_LOST_CITY,DRUID,MINION,False,,,e3b0c44298fc1c149afbf4c8996fb92427ae41e4649b934ca495991b7852b855,not_implemented,False,missing
TLC_231,117648,Story of Barnabus,THE_LOST_CITY,DRUID,SPELL,True,,"Draw a minion. If it has 5 or more Attack, give it +5 Health and gain 5 Armor.",4528157482e83feed717ba0df75634a2a46a1d1e3bd592d104a5800ad8b8f001,not_implemented,False,missing
TLC_231e,122955,Might of Barnabus,THE_LOST_CITY,DRUID,ENCHANTMENT,False,,+5 Health.,01b76fb2fccdae0262e84f203cb16e4aabf01d8c440f7541b20f02fd170f142e,not_implemented,False,missing
TLC_232,117650,Ravenous Flock,THE_LOST_CITY,DRUID,SPELL,True,,"At the start of your next turn, summon three 2/1 Hatchlings.",c7e34625c4feff496e7899a1852f4a7d12666cda8fc55bfafdd9e0dc31f7b9ee,not_implemented,False,missing
TLC_232e,117651,Ravenous Flock Player Enchant,THE_LOST_CITY,DRUID,ENCHANTMENT,False,,"At the start of your next turn, summon three 2/1 Hatchlings.",c7e34625c4feff496e7899a1852f4a7d12666cda8fc55bfafdd9e0dc31f7b9ee,not_implemented,False,missing
TLC_233,117652,Hatchery Helper,THE_LOST_CITY,DRUID,MINION,True,BATTLECRY,Battlecry: Give your other minions with 2 or less Attack +1/+1 and Taunt.,3ae9a20b3b8c2c1e495a9800cb4286ef2b7cbbef7d85f7e8a0203df7175b29bd,not_implemented,False,missing
TLC_233e,117647,Incubate,THE_LOST_CITY,DRUID,ENCHANTMENT,False,,+1/+1 and Taunt.,df3fbd4b005c3897e285f3ce5141c875040aec4d8673e91527c478f5ca16ff91,not_implemented,False,missing
TLC_234,117653,Eternal Bloodpetal,THE_LOST_CITY,DRUID,MINION,True,DEATHRATTLE,Deathrattle: Summon a 0/1 Eternal Seedling.,ce78dfa3bc90c36d009fa82623ff4122c1a9538446410fcda6b830ee31b1e9ec,not_implemented,False,missing
TLC_234t,118003,Eternal Seedling,THE_LOST_CITY,DRUID,MINION,False,DEATHRATTLE,Deathrattle: Summon a 5/1 Eternal Bloodpetal.,40185f09b57912c5dc1ee1ba3668a9141078b4407526f0c20dd8d060acd1e38e,not_implemented,False,missing
TLC_235,117655,Life Cycle,THE_LOST_CITY,DRUID,SPELL,True,,Destroy a minion. Summon a random minion of the same Cost to replace it.,c62957a22f03e0bb575bbd0223eb349f4727874f8462140cf6c04888f685bbe6,not_implemented,False,missing
TLC_236,117656,Hybridization,THE_LOST_CITY,DRUID,SPELL,True,,"Draw a 1, 2, 3, and 4-Cost minion. Kindred: They cost (1) less.",6d7d0dd119b9d142682c5395c4ef168b1fd2cc0048e0f176f0f868b714310c3e,not_implemented,False,missing
TLC_237,117657,Skyscreamer Eggs,THE_LOST_CITY,DRUID,MINION,True,DEATHRATTLE,Deathrattle: Summon four 2/1 Hatchlings.,ee79db3668fb5b4e8e7603b7bb31720058b2b6e9a80995e5927a2d2664c426ba,not_implemented,False,missing
TLC_237t,118658,Skyscreamer Hatchling,THE_LOST_CITY,DRUID,MINION,False,,,e3b0c44298fc1c149afbf4c8996fb92427ae41e4649b934ca495991b7852b855,not_implemented,False,missing
TLC_239,117661,Restore the Wild,THE_LOST_CITY,DRUID,SPELL,True,QUEST,Quest: Fill your board on 3 of your turns. Reward: The Everbloom.,ed468bdcffde7049622934bf7768dccab2571fe3e2802b8db0fb16f421b3d972,not_implemented,False,missing
TLC_239e,122816,Full Bloom,THE_LOST_CITY,DRUID,ENCHANTMENT,False,,+2/+2.,6496ac6ee3bdc68621e62fed137957624c2b0bd825dd961051f0d8c2f5e4eb44,not_implemented,False,missing
TLC_239t,117662,The Everbloom,THE_LOST_CITY,DRUID,WEAPON,False,TRIGGER_VISUAL,"After your hero attacks, give your minions +2/+2.",0dcf448c27fcdb245516059a44d6b614b0be49d23ee1bf61f956d8553a98e6cf,not_implemented,False,missing
TLC_240,117949,Tyrannogill,THE_LOST_CITY,PALADIN,MINION,True,"DEATHRATTLE,RUSH",Rush Deathrattle: Summon three 2/1 Murlocs. Give them each a random Bonus Effect.,b053004e9128b165e366ff6c37f809355cde6da1124f519bfbe858ed7018c2a8,legacy_compatibility,True,focused_or_regression_tests
TLC_240t,120586,Dinoloc,THE_LOST_CITY,PALADIN,MINION,False,,,e3b0c44298fc1c149afbf4c8996fb92427ae41e4649b934ca495991b7852b855,not_implemented,False,missing
TLC_240t2,120587,Dinoloc,THE_LOST_CITY,PALADIN,MINION,False,,,e3b0c44298fc1c149afbf4c8996fb92427ae41e4649b934ca495991b7852b855,not_implemented,False,missing
TLC_240t3,120588,Dinoloc,THE_LOST_CITY,PALADIN,MINION,False,,,e3b0c44298fc1c149afbf4c8996fb92427ae41e4649b934ca495991b7852b855,not_implemented,False,missing
TLC_241,117951,Ido of the Threshfleet,THE_LOST_CITY,PALADIN,MINION,True,AURA,"While this is alive, you get a 2-Cost Holy spell that gives a minion +2/+2 and Divine Shield.",0040cd117ff323c888d6fca0fc130e27dd190ddba89e6bc4da3150d75ee27489,legacy_compatibility,True,focused_or_regression_tests
TLC_241e,119685,Threshrider,THE_LOST_CITY,PALADIN,ENCHANTMENT,False,,+2/+2.,6496ac6ee3bdc68621e62fed137957624c2b0bd825dd961051f0d8c2f5e4eb44,not_implemented,False,missing
TLC_241e2,123688,Threshrider Tracker,THE_LOST_CITY,PALADIN,ENCHANTMENT,False,,+2/+2.,6496ac6ee3bdc68621e62fed137957624c2b0bd825dd961051f0d8c2f5e4eb44,not_implemented,False,missing
TLC_241t,117953,Call the Threshfleet!,THE_LOST_CITY,PALADIN,SPELL,False,,Give a minion +2/+2 and Divine Shield. (This stays in your hand while Ido is alive!),42108ba47944e8fdfba1503cdb6860e059d015aca0ca98e424a182d69637763e,legacy_compatibility,True,focused_or_regression_tests
TLC_242,118220,Ancient Stegodon,THE_LOST_CITY,NEUTRAL,MINION,True,BATTLECRY,"Battlecry: Choose to gain Taunt, Poisonous, or +1/+1.",b6f61dd65e4a99a3bbba715d3de76a22b18115e10bbe88c5b1d96f15a0804f1b,not_implemented,False,missing
TLC_243,118221,Whirling Stormdrake,THE_LOST_CITY,NEUTRAL,MINION,True,"RUSH,WINDFURY","Rush, Windfury Kindred: Gain Immune this turn.",d0008753c8fce57921d42b643d013c718a9585cba824690d5e56c83975cec6a9,legacy_compatibility,True,focused_or_regression_tests
TLC_243e,122319,Storm Clouds,THE_LOST_CITY,NEUTRAL,ENCHANTMENT,False,TAG_ONE_TURN_EFFECT,Immune this turn.,b4a8b191668b1036197019d3060e76faa6c9dde10c5b9301b94239b714ca0a63,not_implemented,False,missing
TLC_244,118223,Curious Explorer,THE_LOST_CITY,NEUTRAL,MINION,True,DEATHRATTLE,Deathrattle: Reduce the Cost of a minion in your opponent's hand by (2).,d08b80f9b7ac503f1ed6a2a4ded3db5e4667770c982b84d37a3e0b263ba55bed,not_implemented,False,missing
TLC_245,118224,Ancient Raptor,THE_LOST_CITY,NEUTRAL,MINION,True,BATTLECRY,"Battlecry: Choose to gain +3 Attack, Divine Shield, or ""Deathrattle: Summon two 1/1 Plants.""",1f6c3cae3ec6ae2c407efb5707a6dc9bba6d7d4e54cc0d2613f40a7d3c04bbd5,not_implemented,False,missing
TLC_246,118232,Ancient Pterrordax,THE_LOST_CITY,NEUTRAL,MINION,True,BATTLECRY,"Battlecry: Choose to gain Stealth until your next turn, Elusive, or Windfury.",97db46da720d15d4357abf4e431225520e7709061e4f320dcfbd693b8cac491b,not_implemented,False,missing
TLC_247,118235,Primal Sabretooth,THE_LOST_CITY,NEUTRAL,MINION,True,"STEALTH,TRIGGER_VISUAL","Stealth After this attacks and kills a minion, get a copy of it.",c47213f3ebd6cfee60a9ad937bcd112d6b70e1e25263e95009b4a5a10b058096,not_implemented,False,missing
TLC_248,118238,Ultragigasaur,THE_LOST_CITY,NEUTRAL,MINION,True,,,e3b0c44298fc1c149afbf4c8996fb92427ae41e4649b934ca495991b7852b855,not_implemented,False,missing
TLC_249,118222,Sizzling Cinder,THE_LOST_CITY,NEUTRAL,MINION,True,DEATHRATTLE,Deathrattle: Deal 2 damage randomly split among all enemies.,9fc4b1441e7cc5942e343cb41bda4876318ea03beb3fb0fb4baf393b176a4d40,legacy_compatibility,True,focused_or_regression_tests
TLC_250,118247,Crater Gator,THE_LOST_CITY,NEUTRAL,MINION,True,BATTLECRY,"Battlecry: Until the start of your next turn, the enemy hero can't be healed.",f5e9f4552472d2e34aff7d2f8bfd043ce45b466407b12fc25ac1913f9ca8d796,not_implemented,False,missing
TLC_250e,118248,Crater Gator Player Enchant,THE_LOST_CITY,NEUTRAL,ENCHANTMENT,False,,"Until the start of your next turn, the opponent's hero can't restore health.",21fd4ed0643af3cf22b879bb0d16de09cd3607242c16aaf3ea38181f81732c18,not_implemented,False,missing
TLC_251,118251,Primalfin Challenger,THE_LOST_CITY,NEUTRAL,MINION,True,BATTLECRY,Battlecry: Your next Kindred triggers twice.,36384ef262d67e2b694cc527733c06a445785a15114e17e98e33c26220072fdc,not_implemented,False,missing
TLC_251e,121022,Challenger's Enchantment,THE_LOST_CITY,NEUTRAL,ENCHANTMENT,False,,Your next Kindred triggers twice.,9031b3a97b239cd849e65d2d02656bb4197fce7d81876b53e43f0295064c42a8,not_implemented,False,missing
TLC_252,118252,Dissolving Ooze,THE_LOST_CITY,NEUTRAL,MINION,True,BATTLECRY,Battlecry: Destroy a friendly minion. Spit out the Bones of its Attack and Health into your hand.,daa5ca7b944fa37cd430edec86ef383b7260ac5eb6c17535fad25c0d127ea477,not_implemented,False,missing
TLC_253,118254,Petrified Ogre,THE_LOST_CITY,NEUTRAL,MINION,True,,"Starts Dormant. While Dormant, gain +2/+2 at the start of your turn. (50% chance to awaken instead.)",10cfbb0f289bfbfe67711d81b40f101d760eff01c88d590668a0a8fd7580bec1,not_implemented,False,missing
TLC_253e,118255,Petrified,THE_LOST_CITY,NEUTRAL,ENCHANTMENT,False,TRIGGER_VISUAL,Dormant. 50% chance to awaken.,877be7ff641bcbc25ff750c51d81bb3ba30ef0d5cab117d6d51a8d6d2619da58,not_implemented,False,missing
TLC_253e1,126033,Petrified Powerup,THE_LOST_CITY,NEUTRAL,ENCHANTMENT,False,"ENCHANTMENT_INVISIBLE,TRIGGER_VISUAL",Apply +2/+2 while dormant,1357600be3d67f2085c12d8fcf51d7ee1bca96e14f78cf8877fb83fc7a605c22,not_implemented,False,missing
TLC_253e2,118256,Petrified Strength,THE_LOST_CITY,NEUTRAL,ENCHANTMENT,False,,+2/+2.,6496ac6ee3bdc68621e62fed137957624c2b0bd825dd961051f0d8c2f5e4eb44,not_implemented,False,missing
TLC_254,118257,Tortollan Storyteller,THE_LOST_CITY,NEUTRAL,MINION,True,TRIGGER_VISUAL,"At the end of your turn, give +1/+1 to each friendly minion of a different type.",906ad67539723df691d905cb6a47fa1745537c8bc2a4e914fbf1199c5dc54d0d,not_implemented,False,missing
TLC_254e,118258,Immersed,THE_LOST_CITY,NEUTRAL,ENCHANTMENT,False,,+1/+1.,afc89c2ca41679d8ca8a2c52feea4637bb75b326ab9a2cdeac23cd43d9259603,not_implemented,False,missing
TLC_255,118259,Crystal Tender,THE_LOST_CITY,NEUTRAL,MINION,True,"BATTLECRY,TRADEABLE",Tradeable Battlecry: Gain empty Mana Crystals until both players have the same Mana.,eca4c8c24353600dcbb1a8409e8aa967757f2538ccc12fa985cfa21469c4ced2,not_implemented,False,missing
TLC_256,118260,Marshland Thresher,THE_LOST_CITY,NEUTRAL,MINION,True,TRIGGER_VISUAL,"After you cast a spell, gain Divine Shield.",c639c9d4488ccf7c6634ad77c10f293459e2191ca62f61101a98534a0d3fda3b,not_implemented,False,missing
TLC_257,118575,"Loh, the Living Legend",THE_LOST_CITY,DRUID,MINION,True,BATTLECRY,Battlecry: Your minions cost (5) this game.,01aee511c18311f11e908bad76313e17eb88cf838d328b6adfc9d040f384cc10,not_implemented,False,missing
TLC_257e1,122956,Living Legend,THE_LOST_CITY,DRUID,ENCHANTMENT,False,,Your minions cost (5) this game.,6d857f50e4b78d7907e719a9a5fb9f4fb06ea255734e23be204f1136eeaba787,not_implemented,False,missing
TLC_334,118616,Relic of Kings,THE_LOST_CITY,MAGE,SPELL,True,DISCOVER,Discover a spell from any class that costs (8) or more. It costs (1).,8dbcedb8bd4306489f4e454bf6efb98c36f33e162b7c44932bcc1224bc2b48d1,not_implemented,False,missing
TLC_364,118265,Story of the Waygate,THE_LOST_CITY,MAGE,SPELL,True,,Reduce the Cost of cards in your hand that didn't start in your deck by (1).,3cd03058ccd6d642243a1dabfe6f9c85724b3ea37c874e7d532154111a925975,not_implemented,False,missing
TLC_365,118266,Storage Scuffle,THE_LOST_CITY,MAGE,SPELL,True,,Deal $3 damage to a minion. Costs (0) if you've Discovered this turn.,8ab8cd02748ae19323f72b158cd25e6e279517a045bdaf02a2f99f1b98925799,not_implemented,False,missing
TLC_366,118269,Pterrorwing Ravager,THE_LOST_CITY,HUNTER,MINION,True,RUSH,Rush Kindred: Costs (2) less.,5c6d272fec6a12cd660b24a76af982b1a525a7a8efd6a992fdca178a53f3cf93,not_implemented,False,missing
TLC_401,116376,Bonechill Stegodon,THE_LOST_CITY,DEATHKNIGHT,MINION,True,DEATHRATTLE,Deathrattle: Deal 6 damage to three random enemies.,bd1677e7967a598512f9cf9d81c42d9fecaca9180b34a3de0977008b73740bf3,legacy_compatibility,True,focused_or_regression_tests
TLC_426,117341,Dive the Golakka Depths,THE_LOST_CITY,PALADIN,SPELL,True,"QUEST,TRIGGER_VISUAL",Repeatable Quest: Summon 6 Murlocs. Reward: Murlocs you summon gain +1/+1.,3b97026add4adb71452c4ec9bb3f61838e94804da883845448fcf275645788d8,not_implemented,False,missing
TLC_426e,119456,Golakka Quest Player Enchant,THE_LOST_CITY,PALADIN,ENCHANTMENT,False,TRIGGER_VISUAL,Murlocs you summon gain +1/+1.,72b9c64d3fb1741d0ff077dfa5486117b26952686e889e2301ac92b9fdeb9018,not_implemented,False,missing
TLC_426e2,117378,Sacred,THE_LOST_CITY,PALADIN,ENCHANTMENT,False,,+{0}/+{1}.,47b8a3ec218af5a134c7b7cdef809950b21187cb9aef77ad4d73b8cd5d193d81,not_implemented,False,missing
TLC_426t,121956,The Sacred Cave,THE_LOST_CITY,PALADIN,SPELL,False,,"Whenever you summon a Murloc, give it +1/+1.",ca9737d2db5bfc4401923f40a2dea1e73bab36a5862bf259befc21fa0a1d3ddf,not_implemented,False,missing
TLC_427,117381,Rockskipper,THE_LOST_CITY,NEUTRAL,MINION,True,BATTLECRY,Battlecry: Get a 1-Cost Rock that deals $3 damage.,bbe3b787c4b12cb0fa7d3899078548685d76dbfe80fa4ba8556f024f31e9b4b1,not_implemented,False,missing
TLC_428,117382,Hot Spring Glider,THE_LOST_CITY,PALADIN,MINION,True,BATTLECRY,Battlecry: Your next Murloc costs (1) less. Kindred: And gains Divine Shield.,49f134da796630cf22ebe765a23e3f50c8aa263fa54d5b0e255f10b5b1ff60fb,not_implemented,False,missing
TLC_428e,122735,Weeeee!,THE_LOST_CITY,PALADIN,ENCHANTMENT,False,,Your next Murloc this turn costs (1) less.,e140a5b3e83d1e47cf08dcbc0bac51e444e4a546cbdc9bcb1b63172e12b1c97a,not_implemented,False,missing
TLC_429,117383,Steamfin Thief,THE_LOST_CITY,NEUTRAL,MINION,True,,Kindred: Summon two 1/1 Murlocs with Rush.,738066b25aed6a1f0aff1962e57853a03ba202c66cfc023113694e29eacad7bc,not_implemented,False,missing
TLC_429t,118184,Juvenile Steamfin,THE_LOST_CITY,NEUTRAL,MINION,False,RUSH,Rush,34ebcd9fcba8b65689b051c3005a425f2d253adfaf42ff0f9cf99487762df7de,not_implemented,False,missing
TLC_430,117384,Creature of the Sacred Cave,THE_LOST_CITY,PALADIN,MINION,True,TRIGGER_VISUAL,"At the end of your turn, recast a random Holy spell you cast this turn (targets this if possible).",68dcebba4145a8f65d154dc2e0d5f6e57f8673624540f7f786bb5dfc4ec4f08b,not_implemented,False,missing
TLC_432,117423,Dread Raptor,THE_LOST_CITY,DEATHKNIGHT,MINION,True,BATTLECRY,Battlecry: Draw a Deathrattle minion that costs (3) or less. Kindred: It costs (0).,7fe1524d144c8ca35a9d5aa9344ba34430a38bb10e3d58f46ca5638caa57a28e,legacy_compatibility,True,focused_or_regression_tests
TLC_433,117427,Reanimate the Terror,THE_LOST_CITY,DEATHKNIGHT,SPELL,True,QUEST,"Quest: Spend 15 Corpses. Reward: Tyrax, Bone Terror.",f01123e85b6b6e52a467e136a5dd17df3a53aae8450c6aed89167905eaad0512,not_implemented,False,missing
TLC_433t,117707,"Tyrax, Bone Terror",THE_LOST_CITY,DEATHKNIGHT,MINION,False,DEATHRATTLE,"Deathrattle: Open Terror's Grave. It has ""Deathrattle: Resummon Tyrax.""",539f48cc27d8be7e0a4d0505851014a2fd3ea393bae48c3d0f8b59b5e5d344a5,not_implemented,False,missing
TLC_433t2,119897,Terror's Grave,THE_LOST_CITY,DEATHKNIGHT,LOCATION,False,DEATHRATTLE,"Deal 4 damage. Deathrattle: Resummon Tyrax, Bone Terror.",913396675165f1ecc3f16a5b13f2876e3739668ae3520095f5e016c48e13b811,not_implemented,False,missing
TLC_434,117430,Paleomancy,THE_LOST_CITY,DEATHKNIGHT,SPELL,True,DISCOVER,Discover an Undead. Spend 5 Corpses to keep all 3 instead.,7867b67060154187c2295a4c488636d22eb6f530652867ebd3accb772f58d304,not_implemented,False,missing
TLC_435,117431,Crypt Map,THE_LOST_CITY,DEATHKNIGHT,SPELL,True,DISCOVER,"Discover a Frost Rune card. If you play it this turn, also pick one of the others.",2bb2d7411294c1505ddbafb62dc01c8c1bda0962c5744885a020150c92c179e8,not_implemented,False,missing
TLC_435e,120240,Crypt Map Player Enchant,THE_LOST_CITY,DEATHKNIGHT,ENCHANTMENT,False,TAG_ONE_TURN_EFFECT,"If you play the Discovered card this turn, also choose one of the other two options.",659c970c8342820787af28ce17b3ac426efc888882c72edc9c8555b647cdf251,not_implemented,False,missing
TLC_436,117434,Reanimated Pterrordax,THE_LOST_CITY,DEATHKNIGHT,MINION,True,"LIFESTEAL,RUSH","Rush, Lifesteal Costs Corpses instead of Mana.",131d06f587f0cdffcb217790b29ab2c4cce579a5008234187a0985a755005bad,legacy_compatibility,True,focused_or_regression_tests
TLC_438,117562,Violet Treasuregill,THE_LOST_CITY,PALADIN,MINION,True,BATTLECRY,Battlecry: Cast a random spell from your deck that costs (2) or less (targets this if possible).,bdf2360b266beec250418e6c9363aecd9a56dd65f1d290dd9e1989bc1bc99ca0,not_implemented,False,missing
TLC_439,117604,Wave of Tar,THE_LOST_CITY,DEATHKNIGHT,SPELL,True,,Deal $2 damage to all enemy minions. Enemy minions cost (2) more next turn.,95e16e1371cb0d4e5df06b949df80e04d6118dbb54e292c802a63611b011c5b7,not_implemented,False,missing
TLC_439e2,120589,Stuck,THE_LOST_CITY,DEATHKNIGHT,ENCHANTMENT,False,,Costs (2) more.,ff808c35db6a4b21debf4dd72513691d578e2f2debd3d67c5720936f3c12b85a,not_implemented,False,missing
TLC_440,117622,Cryosleep,THE_LOST_CITY,DEATHKNIGHT,SPELL,True,,Deal $4 damage and draw a card. Kindred: Draw another.,8b1edf8f833ff9433cc56e2162ba155e452378d5640adcd1ee6cb080a04d86af,not_implemented,False,missing
TLC_441,117664,Ready the Fleet,THE_LOST_CITY,PALADIN,SPELL,True,,Give +1/+2 to a friendly minion and your other minions that share a type with it.,8b0f3575b036d11f68ab2e32fe99f232cd44a9bad55d642e368f53951c22eb30,not_implemented,False,missing
TLC_441e,119591,Fleet Formation,THE_LOST_CITY,PALADIN,ENCHANTMENT,False,TRIGGER_VISUAL,"When this minion attacks, it gains +1/+1.",87a336d330313cc2f8371feb31e9d58f220651a85ee075852d58e01e9fea4e59,not_implemented,False,missing
TLC_441e2,122935,Fleet Footed,THE_LOST_CITY,PALADIN,ENCHANTMENT,False,,+1/+2,1fa94ee90c43fd9488ff7741363ea117c0ecc94904221b5af508a9b84b826f17,not_implemented,False,missing
TLC_442,117665,Submerged Map,THE_LOST_CITY,PALADIN,SPELL,True,DISCOVER,"Discover a Murloc. If you play it this turn, also pick one of the others.",0d5fc0906ec0a2846acd8cf08d79596fc8f5a2718f7d010b4586045e81417740,not_implemented,False,missing
TLC_442e,117678,Submerged Map Player Enchant,THE_LOST_CITY,PALADIN,ENCHANTMENT,False,TAG_ONE_TURN_EFFECT,"If you play the Discovered card this turn, also choose one of the other two options.",659c970c8342820787af28ce17b3ac426efc888882c72edc9c8555b647cdf251,not_implemented,False,missing
TLC_443,117666,Reluctant Wrangler,THE_LOST_CITY,DEATHKNIGHT,MINION,True,"DEATHRATTLE,REBORN",Reborn Deathrattle: Summon a 2/2 Undead Beast with Taunt.,9741a262ed838cdae1e6a93c72cc86247be4285bc6f86eae5a0a031c7ddd2f87,not_implemented,False,missing
TLC_443t,117711,Reanimated Ossodon,THE_LOST_CITY,DEATHKNIGHT,MINION,False,TAUNT,Taunt,aa1c342daeb99a7dd8a63d75bed9ad127b763c6cd74891b0ce1a090898c7534e,not_implemented,False,missing
TLC_444,117679,Story of Galvadon,THE_LOST_CITY,PALADIN,SPELL,True,,Give a minion three random Bonus Effects.,7d9b1b3728142ea10fca05c6095d478b6edbee754babf50ce13c06ace32afe52,not_implemented,False,missing
TLC_446,117827,Escape the Underfel,THE_LOST_CITY,WARLOCK,SPELL,True,QUEST,Quest: Play 6 Temporary cards. Reward: Underfel Rift.,92b6f3568181cbeaf39445b7ca632652b57e3fe455d1c0492cdd46ed191d0329,not_implemented,False,missing
TLC_446e,118230,Underfel Rift Enchantment,THE_LOST_CITY,WARLOCK,ENCHANTMENT,False,,,e3b0c44298fc1c149afbf4c8996fb92427ae41e4649b934ca495991b7852b855,not_implemented,False,missing
TLC_446t,118227,Underfel Rift,THE_LOST_CITY,WARLOCK,SPELL,False,,Open a Rift to the Underfel. Throw a card in to summon 2 random Fel Beasts. (Once per turn.),9fdd92dd4957970d3ae714132e9754e55284060fdfaf0982ca0d39b5b35adfa1,not_implemented,False,missing
TLC_446t1,120968,Underfel Rift,THE_LOST_CITY,WARLOCK,MINION,False,UNTOUCHABLE,Select the Rift to activate. Throw a card in to summon 2 random Fel Beasts. (Once per turn.),3739d100d73224840f669af565506b82521393c5f9849a646e776ff457f46dfe,not_implemented,False,missing
TLC_446t2,118228,Felscreamer,THE_LOST_CITY,WARLOCK,MINION,False,"LIFESTEAL,RUSH",Rush Lifesteal,4497ca4053e4e84af22c4bc912ec661a6aa531245f251a7ad5cbe11854540ecd,not_implemented,False,missing
TLC_446t3,120037,Felraptor,THE_LOST_CITY,WARLOCK,MINION,False,"CHARGE,ELUSIVE",Charge Elusive,93198c7d436800a515943f503157f9db3232ca3ce9e2dd90f71b1b0bf3cb6597,not_implemented,False,missing
TLC_446t4,120038,Felhorn,THE_LOST_CITY,WARLOCK,MINION,False,"REBORN,TAUNT",Taunt Reborn,e373b26c137e234956e95871e6aabc7cce73b77b0e9bff50ac5b6c111ca3755e,not_implemented,False,missing
TLC_447,117830,Caustic Fumes,THE_LOST_CITY,WARLOCK,SPELL,True,,Destroy an enemy minion. Kindred: Deal $2 damage to all minions.,f0105d86698f9698d1b7561436870272dbb851347bd19b5960176ff578d10c9a,not_implemented,False,missing
TLC_449,117837,Bloodpetal Biome,THE_LOST_CITY,WARLOCK,LOCATION,True,DISCOVER,Discover a Temporary 1-Cost minion.,db939e3cf837b135b3aa0fe4fa442be300791b39ec294263ac62e98628ebb399,not_implemented,False,missing
TLC_450,117890,Spelunker,THE_LOST_CITY,WARLOCK,MINION,True,BATTLECRY,Battlecry: Your next Temporary card costs (2) less.,2b73a935f686716f653ba1b3e73a67cfeb6b4b629cdb1338f7f0cd7bf689a407,not_implemented,False,missing
TLC_450e,117891,Spelunker Enchant Player,THE_LOST_CITY,WARLOCK,ENCHANTMENT,False,,Your next Temporary card costs (2) less.,4641744484ed8feb00357023880e994076e9ea198d3e641a738080e0250129c5,not_implemented,False,missing
TLC_451,117892,Cursed Catacombs,THE_LOST_CITY,WARLOCK,SPELL,True,DISCOVER,Discover another card from your deck. Make it Temporary.,9c9b45b40fc7481daaa393d0930859746c4ec589ed1930875517c0af248774f1,declarative,True,focused_or_regression_tests
TLC_452,117956,Titanographer Osk,THE_LOST_CITY,MAGE,MINION,True,,Gains a random Titan ability in your hand that changes each turn.,0846e3ee01813120cd244285169de0c094ea5077248efa491bf24d6076c7ec67,not_implemented,False,missing
TLC_452t1,120714,Titanographer Osk,THE_LOST_CITY,MAGE,MINION,False,BATTLECRY,Battlecry: Destroy an enemy minion. This minion and your hero gain its Health.,b5fa90b697d3e307c043ba9a5824458b03429585d6b36c848ce2e6161ae51858,not_implemented,False,missing
TLC_452t13,121308,Titanographer Osk,THE_LOST_CITY,MAGE,MINION,False,BATTLECRY,Battlecry: Deal 5 damage.,e1bb6e142e875210cc4ce59258a3b60bfe7b278ddb44491a5a12bf8b2957bcbd,not_implemented,False,missing
TLC_452t14,121309,Titanographer Osk,THE_LOST_CITY,MAGE,MINION,False,BATTLECRY,Battlecry: Cast 1 random Mage Secret.,ea47eeeabfc18630677545bbfd5d42f8c78cb1ee4c9a18257fa998e0a9cf9441,not_implemented,False,missing
TLC_452t15,121310,Titanographer Osk,THE_LOST_CITY,MAGE,MINION,False,BATTLECRY,Battlecry: Enemy cards cost (1) more next turn.,f1f20f58fd26973f12042c0195dbefd21955de26308032d3e89b3518d802c901,not_implemented,False,missing
TLC_452t16,121311,Titanographer Osk,THE_LOST_CITY,MAGE,MINION,False,BATTLECRY,Battlecry: Set the Attack and Health of all enemy minions to 2.,c919a0fe64c14f638ee9497450c5d42785c4a77cb5039f2c7471985a6299d358,not_implemented,False,missing
TLC_452t17,121312,Titanographer Osk,THE_LOST_CITY,MAGE,MINION,False,BATTLECRY,Battlecry: Give your other minions +2/+2.,6173b8d922ce75c411cae79e43da3b6fa9f6e563c893e6751aa28e4a3a63641c,not_implemented,False,missing
TLC_452t18,121313,Titanographer Osk,THE_LOST_CITY,MAGE,MINION,False,BATTLECRY,"Battlecry: Draw 2 minions. Set their Attack, Health, and Cost to 2.",46834ce4c7f1fef3fca84b9f076c41e67b2d871b10f0356b45a55a7ca7474419,not_implemented,False,missing
TLC_452t19,121314,Titanographer Osk,THE_LOST_CITY,MAGE,MINION,False,BATTLECRY,Battlecry: Choose a non-Titan minion. Summon a copy of it with +2/+2.,6bfb37fce5e244cd8aeb209426596be8205098ae998cb4d14751a3cff6cf44d9,not_implemented,False,missing
TLC_452t2,121297,Titanographer Osk,THE_LOST_CITY,MAGE,MINION,False,BATTLECRY,Battlecry: The next spell you cast costs (3) less and has Spell Damage +3.,61150d4b8bd94630f1c53c796d5096db893b1707234667a26a22f57baec0bcc1,not_implemented,False,missing
TLC_452t20,121315,Titanographer Osk,THE_LOST_CITY,MAGE,MINION,False,BATTLECRY,Battlecry: Summon a random 6-Cost minion. Give it Taunt and Lifesteal.,4f8e00f689c68c253c9bd53f69f8ab0b56f20224c0ef4093eb9e08cd7069d88a,not_implemented,False,missing
TLC_452t21,121316,Titanographer Osk,THE_LOST_CITY,MAGE,MINION,False,BATTLECRY,Battlecry: Choose two enemy minions. Remove them from the game.,2bc2e7d1b3fb2c4e7dfabc387cd73cae8b5f728255d239d0448f22ad4bfaa9c8,not_implemented,False,missing
TLC_452t22,121317,Titanographer Osk,THE_LOST_CITY,MAGE,MINION,False,BATTLECRY,Battlecry: Gain +2/+1. Deal 4 damage to a random enemy.,3fbb31d57640c8ca4ee633831d333ef5a284b4ec7a2fe7204c69aaaf4f52709f,not_implemented,False,missing
TLC_452t23,121318,Titanographer Osk,THE_LOST_CITY,MAGE,MINION,False,BATTLECRY,Battlecry: Gain +1/+2. Draw a card.,3ab8450f3fddf0e16f9a7b29f732de912a79b2474d10a525624cd06cf01c665a,not_implemented,False,missing
TLC_452t24,121319,Titanographer Osk,THE_LOST_CITY,MAGE,MINION,False,BATTLECRY,Battlecry: Gain +3 Health and Elusive.,7fb2a05e0d9dec033047c3d36d16ee7ba5749cab7530e9dbc11eb6bd64d3ba8e,not_implemented,False,missing
TLC_452t26,121321,Titanographer Osk,THE_LOST_CITY,MAGE,MINION,False,BATTLECRY,Battlecry: Deal 20 damage to another minion.,e71002afbb609718d3af818cfa906553bff41b64b00fdcd45cd67156193c70ae,not_implemented,False,missing
TLC_452t27,121322,Titanographer Osk,THE_LOST_CITY,MAGE,MINION,False,BATTLECRY,Battlecry: Deal 3 damage to all enemies and restore 6 Health to all friendly characters.,334f291ce05c976588ddbb8ce0ef2e2896050b23be852511b5cfc9de3b3e0451,not_implemented,False,missing
TLC_452t28,121323,Titanographer Osk,THE_LOST_CITY,MAGE,MINION,False,BATTLECRY,Battlecry: Summon two 6/6 Infernals.,e821e51ae0c811d12a98bf0558ebdd7900076eb26a7e70e789c58446fa43d1a6,not_implemented,False,missing
TLC_452t29,121324,Titanographer Osk,THE_LOST_CITY,MAGE,MINION,False,BATTLECRY,Battlecry: Send all other minions into the Twisting Nether.,f3d46af7641b056a425e42eb4ce11e7e04a6dc4412948368d7e76e63c54232a1,not_implemented,False,missing
TLC_452t3,121298,Titanographer Osk,THE_LOST_CITY,MAGE,MINION,False,BATTLECRY,Battlecry: Summon two 3/3 Undead with Taunt and Reborn.,b60fd79722a7b9e5aa2f2df2f8f3a4ee66cc29f880664d50f3a7209242122d35,not_implemented,False,missing
TLC_452t30,121325,Titanographer Osk,THE_LOST_CITY,MAGE,MINION,False,BATTLECRY,Battlecry: Gain +5 Health. Give your hero 5 Armor.,11872c3a69f63ca2dc383e59b98848a4d624d1c70bdfbbb7edcaa694f04adfe0,not_implemented,False,missing
TLC_452t31,121326,Titanographer Osk,THE_LOST_CITY,MAGE,MINION,False,BATTLECRY,Battlecry: Gain +5 Attack. Give your hero +5 Attack this turn.,07bfa08c0a706448faff464c52cf7960bbce04417b833fc43af86bf9da063ef4,not_implemented,False,missing
TLC_452t32,121327,Titanographer Osk,THE_LOST_CITY,MAGE,MINION,False,BATTLECRY,Battlecry: Gain +2/+2. Draw a weapon.,18df3aa37650d38238e977d7cdda28e43c3af180c8a086416c6cb901267ff7a8,not_implemented,False,missing
TLC_452t33,121328,Titanographer Osk,THE_LOST_CITY,MAGE,MINION,False,BATTLECRY,Battlecry: Fill your hand with 1/1 Chaotic Tendrils.,1b3acdaabece32c8bc4a9be88f129a698aa724a36067726374d928207a40732d,not_implemented,False,missing
TLC_452t34,121329,Titanographer Osk,THE_LOST_CITY,MAGE,MINION,False,BATTLECRY,Battlecry: Force each enemy minion to attack a random enemy minion.,f40e45f633bb22a60e6441d95a6ca6bca7fff91ebaa11c3d3a6b0a6222ff06c9,not_implemented,False,missing
TLC_452t35,121330,Titanographer Osk,THE_LOST_CITY,MAGE,MINION,False,BATTLECRY,Battlecry: Take control of an enemy minion.,4d73139485ed965f8f6b0d7432df646d4f63712098bcd25a4d7aecc2df4067ee,not_implemented,False,missing
TLC_452t4,121299,Titanographer Osk,THE_LOST_CITY,MAGE,MINION,False,"BATTLECRY,DISCOVER",Battlecry: Discover a Deathrattle minion. It costs (3) less.,19ba9e7ce6e80cbe20fa40096b5a7ed08a1930fc4b5c7ef69cdd8fecce9f2e1d,not_implemented,False,missing
TLC_452t5,121300,Titanographer Osk,THE_LOST_CITY,MAGE,MINION,False,BATTLECRY,Battlecry: Reduce the Cost of all minions in your hand by (2).,e249d03cda5b4ac8f00cfe172ccd0b931b3601bc105390dce5d44b5f6bb734ad,not_implemented,False,missing
TLC_452t6,121301,Titanographer Osk,THE_LOST_CITY,MAGE,MINION,False,BATTLECRY,Battlecry: Summon four 2/2 Elementals with Taunt.,7aeb99f64e084ae4092bd205e95b2208ddd73ab294d53d98fd77385b3ed58101,not_implemented,False,missing
TLC_452t7,121302,Titanographer Osk,THE_LOST_CITY,MAGE,MINION,False,BATTLECRY,Battlecry: Draw cards until your hand is full.,6357d3ad3cb12d884b01a5a1fec23d3736d07a33644ef8986118bbbed166a54b,not_implemented,False,missing
TLC_452t8,121303,Titanographer Osk,THE_LOST_CITY,MAGE,MINION,False,BATTLECRY,Battlecry: Restore your hero to full Health.,de0d7fd69c9fca097e9719bf4f0f75b3b941cf77b0bc72fd2fb6dfa54c9928c5,not_implemented,False,missing
TLC_452t9,121304,Titanographer Osk,THE_LOST_CITY,MAGE,MINION,False,BATTLECRY,Battlecry: Refresh your Mana Crystals.,6af3caa7eafea8c81ad421e74be7b00835a302da6cb6d80953bc14eee3d0eb3a,not_implemented,False,missing
TLC_454,118182,Scalehide Kodo,THE_LOST_CITY,NEUTRAL,MINION,True,BATTLECRY,Battlecry: Destroy the lowest Attack enemy minion. Kindred: The highest Attack instead.,c6edaaf2cdd0fc8a6cca187e92ed4d4bf651437e9bfdbb47230fbaf473692d62,not_implemented,False,missing
TLC_460,118183,The Forbidden Sequence,THE_LOST_CITY,MAGE,SPELL,True,QUEST,Quest: Discover 8 cards. Reward: The Origin Stone.,c6f90acfcfba674bbafec5ffcc2d8704fcf8d418a99668e722708233d7243135,not_implemented,False,missing
TLC_460t,118191,The Origin Stone,THE_LOST_CITY,MAGE,WEAPON,False,TRIGGER_VISUAL,"After you Discover a card, this plays the other options. Lose 1 Durability.",9fb39b3ed262b596e0a0f12a7adb80a9f2adae015cedb6b556b663d5ef648c77,not_implemented,False,missing
TLC_461,118192,Scrappy Scavenger,THE_LOST_CITY,MAGE,MINION,True,"BATTLECRY,DISCOVER",Battlecry: Discover a card with Cost equal to your remaining Mana Crystals.,b6d853aac5b169377a0cbf7df3ddb88f12dc1a4ef167c1c77fd493af687a9ec1,legacy_compatibility,True,focused_or_regression_tests
TLC_462,118199,Unearthed Artifacts,THE_LOST_CITY,MAGE,SPELL,True,,"Summon a random 2-Cost minion. If you've Discovered this turn, summon a random 4-Cost minion instead.",c0ba05320b508829cefae998a027c3bbaee051f7e7c9c3ae42754a375eb19344,not_implemented,False,missing
TLC_463,118210,Razidir,THE_LOST_CITY,WARLOCK,MINION,True,BATTLECRY,Battlecry: Discard a random card from your hand. Kindred: Your opponent's hand instead.,8c732b3ab16a91fc7fa0bbb41f62165b365aa75edc73a7935612e7629e611faf,legacy_compatibility,True,focused_or_regression_tests
TLC_464,118225,Mountain Map,THE_LOST_CITY,SHAMAN,SPELL,True,DISCOVER,"Discover a minion with a type you haven't played. If you play it this turn, also pick one of the others.",7b1cb3771c846281868ec82ec926df14f82d2c95d2f5751ac6750251641215e2,not_implemented,False,missing
TLC_464e,118226,Mountaineering Map Player Enchant,THE_LOST_CITY,SHAMAN,ENCHANTMENT,False,TAG_ONE_TURN_EFFECT,"If you play the Discovered card this turn, also choose one of the other two options.",659c970c8342820787af28ce17b3ac426efc888882c72edc9c8555b647cdf251,not_implemented,False,missing
TLC_465,118241,Stranglevine,THE_LOST_CITY,NEUTRAL,MINION,True,DEATHRATTLE,Deathrattle: Give a random friendly minion a random Bonus Effect and this Deathrattle.,4dbe41d5193ba18d58dd0c9b5d425bef071a525c82f33c9c73fca4f22d0ae57a,not_implemented,False,missing
TLC_465e,118242,Twining Tendrils,THE_LOST_CITY,NEUTRAL,ENCHANTMENT,False,,Deathrattle: Give a random friendly minion a random Bonus Effect and this Deathrattle.,4dbe41d5193ba18d58dd0c9b5d425bef071a525c82f33c9c73fca4f22d0ae57a,not_implemented,False,missing
TLC_466,118243,Story of Lakkari,THE_LOST_CITY,WARLOCK,SPELL,True,,"At the end of your turn, discard a card and fill your board with 3/2 Imps. Lasts 3 turns.",bb745f387ebcb7064c5e2067140f19f0cfc871abe2ae4656b95de84b93ce0187,not_implemented,False,missing
TLC_467,118277,Whispering Stone,THE_LOST_CITY,WARLOCK,MINION,True,"DEATHRATTLE,TAUNT",Taunt Deathrattle: Get 2 random Fel spells. They cost Health instead of Mana.,fe649010cd949dbf20e1741a7d171b606d8c62819be318aaea73ae242c050551,not_implemented,False,missing
TLC_467e,118278,The Stone's Whispers,THE_LOST_CITY,WARLOCK,ENCHANTMENT,False,,Costs Health instead of Mana.,1f46521bc0779ac9a90794999209cae672255d2e2544699856907d9cd85296eb,not_implemented,False,missing
TLC_468,118279,Blob of Tar,THE_LOST_CITY,NEUTRAL,MINION,True,"DEATHRATTLE,POISONOUS,TAUNT","Poisonous, Taunt Deathrattle: Summon a 2/2 Blob with Poisonous and a 2/2 Blob with Taunt.",b39c469a78ec3ca37a55c7afd0cba73ee2638df92467d8811ab740bde6b9ddd7,not_implemented,False,missing
TLC_468t1,118280,Lanky Blob,THE_LOST_CITY,NEUTRAL,MINION,False,POISONOUS,Poisonous,573c8b628420891981b2eb72fec57c17cfa2cade0f4010bcd47c87c019783164,not_implemented,False,missing
TLC_468t2,118281,Robust Blob,THE_LOST_CITY,NEUTRAL,MINION,False,TAUNT,Taunt,aa1c342daeb99a7dd8a63d75bed9ad127b763c6cd74891b0ce1a090898c7534e,not_implemented,False,missing
TLC_469,118282,Tunnel Terror,THE_LOST_CITY,WARLOCK,MINION,True,DEATHRATTLE,Deathrattle: Get two random Temporary 2-Cost minions.,b137cb3fcd1ce08d3c72911c32688bb594bd74a275803853ea87a99c8671d24e,not_implemented,False,missing
TLC_477,119587,Threshrider's Blessing,THE_LOST_CITY,PALADIN,SPELL,True,,"Give a friendly minion +4/+4 and ""Deathrattle: Summon a random 4-Cost minion.""",f74f437f0d501831b22b9d0bc3eb0ce89c5eeb50c31b5d995ae85db68619181a,not_implemented,False,missing
TLC_477e,119679,Thresher Saddle,THE_LOST_CITY,PALADIN,ENCHANTMENT,False,,+4/+4 and Deathrattle: Summon a random 4-Cost minion.,249cad73b7166dfb3733032310ff325fe715f30fdc963acab3fbee665c6dde2c,not_implemented,False,missing
TLC_478,119637,Axe of the Forefathers,THE_LOST_CITY,WARRIOR,WEAPON,True,TRIGGER_VISUAL,"After your hero attacks, deal 1 damage to all minions.",f31e35704b228f857b85320f57c0e8eb6d13da6d992a98d0cfbc0d2c65d7d3d5,not_implemented,False,missing
TLC_479,119789,Deathrot Maw,THE_LOST_CITY,WARLOCK,MINION,True,"DEATHRATTLE,TAUNT",Taunt Deathrattle: Summon a random Fel Beast.,10f387217789fc23574fcc9c74de7b8fe415b26f56d993dd8647a511a447eb5b,not_implemented,False,missing
TLC_480,119809,"Krog, Crater King",THE_LOST_CITY,NEUTRAL,MINION,True,TRIGGER_VISUAL,"At the end of your turn, set the Attack and Health of all enemy minions to 1.",25245df1e2f958522330dbd5fa80278e55dc81a855ce447e87291fc6a377eace,legacy_compatibility,True,focused_or_regression_tests
TLC_480e2,120840,Kroginated,THE_LOST_CITY,NEUTRAL,ENCHANTMENT,False,,1/1.,83cde5738c0b14bb76d23434a8ee4ae3018405f3441ad9f57eeee1e47c2bf620,not_implemented,False,missing
TLC_482,120344,Slagclaw,THE_LOST_CITY,SHAMAN,MINION,True,BATTLECRY,Battlecry: Summon two 2/1 Sizzling Cinders. Kindred: Trigger your Sizzling Cinders' Deathrattles.,c20552be40f442b748f8535c0c25f2e2e86a5864dc68f5bb0792feebde120264,legacy_compatibility,True,focused_or_regression_tests
TLC_483,120582,Vault Breaker,THE_LOST_CITY,MAGE,MINION,True,TRIGGER_VISUAL,"After you Discover a card, reduce its Cost by (1).",5627baf8c92614476d57580121076f4323c51dba365076e18a9d05ec59057a68,not_implemented,False,missing
TLC_513,117222,Lie in Wait,THE_LOST_CITY,ROGUE,SPELL,True,QUEST,"Quest: Shuffle cards into your deck, 5 times. Reward: Master Dusk.",37a9a0f7d8903cef271dc06e1f9dc062ec0a7fcaea6995418343d294416ef9b4,not_implemented,False,missing
TLC_513e1,123420,Sneaky!,THE_LOST_CITY,ROGUE,ENCHANTMENT,False,,"When this dies, shuffle it into your deck.",947db37a0a0b5dd253d690549dfcccbb44a9097e4f05102924a9ff83628cddc5,not_implemented,False,missing
TLC_513e2,120950,Master Dusk Reshuffle Player Enchant,THE_LOST_CITY,ROGUE,ENCHANTMENT,False,,"When a Ninja dies, shuffle it into your deck.",ba1c25cecb963e0b41f39ff30314cb9f121e5aae57e6777f594290eba64a1c13,not_implemented,False,missing
TLC_513hp,119197,Way of the Shell,THE_LOST_CITY,ROGUE,HERO_POWER,False,,Draw 2 cards that didn't start in your deck.,ca718748f9cc5492dafdf4f4d9f186a2f8ac51ea5a5b69b4c6aa1235c25fb155,not_implemented,False,missing
TLC_513t,117224,Master Dusk,THE_LOST_CITY,ROGUE,HERO,False,BATTLECRY,Battlecry: Summon two 3/3 Ninjas with Stealth. Your Ninjas now shuffle back into your deck when they die.,08faaf3e008efdb49a98ccea91f9f02ee525e84d9f534e15755eb6e154e2e3cc,not_implemented,False,missing
TLC_513t2,119563,Tortollan Ninja,THE_LOST_CITY,ROGUE,MINION,False,STEALTH,Summoned When Drawn Stealth,c24ea4853b5c7363ef1103bc3fb44538d3b37e4bb08b5a7244538179051c920d,not_implemented,False,missing
TLC_514,117691,Merchant of Legend,THE_LOST_CITY,ROGUE,MINION,True,"BATTLECRY,DISCOVER",Battlecry: Discover a Legendary minion. Shuffle the other two into your deck.,4b46958ab3df0ff3460e41eddacb4cd2f86998b209885e79d1abd9625687d0f5,legacy_compatibility,True,focused_or_regression_tests
TLC_515,117697,Cultist Map,THE_LOST_CITY,ROGUE,SPELL,True,DISCOVER,"Discover a card from your deck. If you play it this turn, also pick one of the others.",0bad022dea4d652597e67ee8e8d2c7107fdea2613f444d1cab526870b19f99ca,not_implemented,False,missing
TLC_515e,121756,Cultist Map Player Enchant,THE_LOST_CITY,ROGUE,ENCHANTMENT,False,TAG_ONE_TURN_EFFECT,"If you play the Discovered card this turn, also choose one of the other two options.",659c970c8342820787af28ce17b3ac426efc888882c72edc9c8555b647cdf251,not_implemented,False,missing
TLC_516,117698,Neferset Weaponsmith,THE_LOST_CITY,ROGUE,MINION,True,"BATTLECRY,COMBO",Battlecry: Get a random weapon from another class. Combo: Give it +2 Attack.,3148590b632f7e00427047566dd62d164f402dc31f6d2b71c1bd47da36231cd4,not_implemented,False,missing
TLC_516e,117899,Wicked Weaponry,THE_LOST_CITY,ROGUE,ENCHANTMENT,False,,+2 Attack.,ad58756f20b83ed958edf6687782c09403fe9f5c401f6a1b3fcab1861ae44ebb,not_implemented,False,missing
TLC_517,117699,Knockback,THE_LOST_CITY,ROGUE,SPELL,True,,Deal $1 damage to a minion (improved for each time you've shuffled cards into your deck).,2f83519e5d124db1d1a9fd47a00e0e1f5788cc239dcc00ad1fd390d2f7180063,not_implemented,False,missing
TLC_518,117700,Interrogation,THE_LOST_CITY,ROGUE,SPELL,True,,Shuffle three 3/3 Ninjas with Stealth into your deck that are Summoned When Drawn.,a4d91392ad94d26f85fe3aacf8ac6d03c05556267207590cbcfaf67a7e1f5485,not_implemented,False,missing
TLC_519,118580,Ambush Predators,THE_LOST_CITY,ROGUE,SPELL,True,,Summon a 1/1 Spitter with Stealth and Poisonous. Kindred: Do it again.,27a468ba79588e51f41cc8306c6c03530a95beb75b2d40f5b33e9be7dbc2a395,not_implemented,False,missing
TLC_519t,119664,Venomous Spitter,THE_LOST_CITY,ROGUE,MINION,False,"POISONOUS,STEALTH",Stealth Poisonous,e253180a34872c4f411a9e7f55f5f5b6743575ef61f53ff2dae1ec17d3469708,not_implemented,False,missing
TLC_520,117702,Underbrush Tracker,THE_LOST_CITY,ROGUE,MINION,True,RUSH,Rush Costs (1) less for each time you've shuffled cards into your deck.,7f128337c33d5606516af9d9ba1815f11b1b77816e0f9524410bb63075c0cfb1,not_implemented,False,missing
TLC_521,117703,Eyes in the Sky,THE_LOST_CITY,ROGUE,MINION,True,BATTLECRY,Battlecry: Look at 3 cards in your enemy's deck. Pick one to put on top.,7eaad975c5567cb941888572bed22e85466c261a0ad4512dc3c8b1ff5dec2786,not_implemented,False,missing
TLC_522,119532,Opu the Unseen,THE_LOST_CITY,ROGUE,MINION,True,"BATTLECRY,COMBO,DEATHRATTLE,STEALTH","Stealth. Battlecry, Combo, and Deathrattle: Cast 'Fan of Knives'.",ff5ad0f9ce38d941232191f1655cc0128713c541e347545bad0dd94e8fdbe9da,not_implemented,False,missing
TLC_600,117714,Windpeak Wyrm,THE_LOST_CITY,WARRIOR,MINION,True,BATTLECRY,Battlecry: Deal 5 damage and gain 5 Armor. Kindred: Costs (3) less.,eccf8d2e4eba653f97735e682c1a0e68f55031d5a4756882c10efb873d5efa2b,declarative,True,focused_or_regression_tests
TLC_601,117715,Shellnado,THE_LOST_CITY,WARRIOR,SPELL,True,,"Spend up to 5 Armor. For each spent, deal $1 damage to all minions.",a2602c8bd90b83e95fbd47cd31ad9e7dd55898959d5dbfd480af451a989c16e3,not_implemented,False,missing
TLC_602,117716,Enter the Lost City,THE_LOST_CITY,WARRIOR,SPELL,True,"QUEST,TRIGGER_VISUAL","Quest: Survive 10 turns. Reward: Latorvius, Gaze of the City.",f7074ac83b44a534fd17383c8a07ef365495e352b43d353f1611cb0cd76fc4f6,not_implemented,False,missing
TLC_602t,117717,"Latorvius, Gaze of the City",THE_LOST_CITY,WARRIOR,MINION,False,BATTLECRY,Battlecry: Get 2 random 'Journey to Un'Goro' Quest Rewards. Shuffle the rest into your deck.,f49df0f728283f462d548900d52bbd67f77866539e3d84abbc7fdab2eb41e67f,not_implemented,False,missing
TLC_603,117719,Platysaur,THE_LOST_CITY,NEUTRAL,MINION,True,"BATTLECRY,DEATHRATTLE",Battlecry: Draw a card. Deathrattle: Discard it.,ab7e364bb1cc4ca86681f9ce2d92e911b210c520eae96d851539349e0287c77b,legacy_compatibility,True,focused_or_regression_tests
TLC_603e,119499,Platysaur,THE_LOST_CITY,NEUTRAL,ENCHANTMENT,False,,"When this dies, discard the card it drew.",9f857311fc1bc75cb62412b7d59dbb80be90268ddd3c6165d4c028d876aae37e,not_implemented,False,missing
TLC_603e2,123404,Platysaur,THE_LOST_CITY,NEUTRAL,ENCHANTMENT,False,,Discard when Platysaur dies.,2a7b2cffec24d9700eab73406e74c484f70754128197fa2413492e1ab7dc4c91,not_implemented,False,missing
TLC_603e3,123664,Platysaur,THE_LOST_CITY,NEUTRAL,ENCHANTMENT,False,,Deathrattle: Discard {0}.,a43fe5d6935fdf1c361169a71fb388e7abf29c04e45040f9922bbaf7da860d4b,not_implemented,False,missing
TLC_605,117733,Tar Tyrant,THE_LOST_CITY,NEUTRAL,MINION,True,"LIFESTEAL,TAUNT","Taunt, Lifesteal Has +6 Attack during your opponent's turn.",91828d6a1eccc22cb0d9fc6ae39495c3d0e7b88f419811e955e64a78b0c0dc88,not_implemented,False,missing
TLC_606,117771,Latorvian Armorer,THE_LOST_CITY,WARRIOR,MINION,True,BATTLECRY,"Battlecry: Deal 2 damage to an enemy minion. If it dies, gain 5 Armor.",9a1d9d3d41b5a30cd798906d46f6558b05d898e0b34628b2e796e3cc50a0f042,legacy_compatibility,True,focused_or_regression_tests
TLC_620,117835,Fortify,THE_LOST_CITY,WARRIOR,SPELL,True,AFFECTED_BY_SPELL_POWER,Gain 3 Armor. Deal damage equal to your Armor to an enemy minion.,b99c9a907d204e1be4d27a1d1176fb2085a2723ecc21365bd367aaf578446c47,not_implemented,False,missing
TLC_621,117916,Willful Watcher,THE_LOST_CITY,NEUTRAL,MINION,True,"DEATHRATTLE,TAUNT",Taunt Deathrattle: Destroy the top 3 cards of your deck.,0f5fba1c74810d78fed5d17e93ad6e245a07aabe2d8bab90c157df8331a7ac4a,not_implemented,False,missing
TLC_622,117917,City Defenses,THE_LOST_CITY,WARRIOR,SPELL,True,,Summon two 0/6 Security with Taunt. They gain +1 Attack when damaged.,d82480fd41997eb3159651497ac79a42542b772dff139f91064e98e0a8582b79,not_implemented,False,missing
TLC_622e,123407,Stand Strong,THE_LOST_CITY,WARRIOR,ENCHANTMENT,False,,Increased Attack.,465f4dac097f321da78f34baa353d65664d6207924cee5b059a5dc22448009be,not_implemented,False,missing
TLC_622t,116796,Steadfast Security,THE_LOST_CITY,WARRIOR,MINION,False,"TAUNT,TRIGGER_VISUAL","Taunt After this takes damage, gain +1 Attack.",84c0b0e3e3b15338f2346b3a4c3d08649222473070d551a49fb1c2dd90c85935,not_implemented,False,missing
TLC_623,117918,Stonecarver,THE_LOST_CITY,WARRIOR,MINION,True,TRIGGER_VISUAL,"At the end of your turn, give another friendly damaged minion +2/+2.",9c8ae8a80c0d4cd5bb528b2f898e0801859799a43025bfe48f7525b897c60d93,legacy_compatibility,True,focused_or_regression_tests
TLC_623e,119662,Tortollan Carving,THE_LOST_CITY,WARRIOR,ENCHANTMENT,False,,+2/+2.,6496ac6ee3bdc68621e62fed137957624c2b0bd825dd961051f0d8c2f5e4eb44,not_implemented,False,missing
TLC_624,117919,"Nablya, the Watcher",THE_LOST_CITY,WARRIOR,MINION,True,BATTLECRY,Battlecry: Summon copies of your damaged minions. Give the copies Rush.,41f9f6c54603795467d03596454284e69f78860d1fcc0bd3ced97ca4923ad087,legacy_compatibility,True,focused_or_regression_tests
TLC_630,117869,Gorishi Wasp,THE_LOST_CITY,DEMONHUNTER,MINION,True,"RUSH,TRIGGER_VISUAL","Rush. Whenever this takes damage, get a 1-Cost Gorishi Stinger.",1db567caed396009a7cedfb3cbf186e470f720700f73761f7eab763a76854daf,not_implemented,False,missing
TLC_630t,117870,Gorishi Stinger,THE_LOST_CITY,DEMONHUNTER,SPELL,False,,Deal $2 damage. Summon a 2/1 Grub with Rush.,427376161d120fc6dbd68f782e924c5d9ba1d7b1434c12f2ed066fe9b598a22a,not_implemented,False,missing
TLC_631,117871,Unleash the Colossus,THE_LOST_CITY,DEMONHUNTER,SPELL,True,"QUEST,TRIGGER_VISUAL","Quest: Deal exactly 2 damage to an enemy on your turn, 12 times. Reward: Gorishi Colossus.",c748e7a5239b5aae7dba0f5fe30139829505e90fea4bf3b591d82c1508ceac8f,not_implemented,False,missing
TLC_631e,123168,Gorishi's Favor,THE_LOST_CITY,DEMONHUNTER,ENCHANTMENT,False,TRIGGER_VISUAL,,e3b0c44298fc1c149afbf4c8996fb92427ae41e4649b934ca495991b7852b855,not_implemented,False,missing
TLC_631t,117872,Gorishi Colossus,THE_LOST_CITY,DEMONHUNTER,MINION,False,BATTLECRY,"Battlecry: For the rest of the game, whenever you deal exactly 2 damage to an enemy, deal 2 more.",73a37cc0bafa1e110edce76ddb32e2dc154f692bb6fa8f1d58b32656a6675794,not_implemented,False,missing
TLC_632,117874,Story of Sulfuras,THE_LOST_CITY,WARRIOR,SPELL,True,,"Swap your Hero Power to ""Deal 8 damage to a random enemy."" After 2 uses, swap back.",ef7fd520b6c9ca1940f55046265962459e59dcbae4cc3ba8d9ce0056462bf0e0,declarative,True,focused_or_regression_tests
TLC_632t,119639,"DIE, INSECT!",THE_LOST_CITY,WARRIOR,HERO_POWER,False,,Deal $8 damage to a random enemy. (Two uses left!),958062025917ff2ab2fbccaa53e3b8da52d0ef793eb059853538dbb467a32139,declarative,True,focused_or_regression_tests
TLC_632t2,119640,"DIE, INSECT!",THE_LOST_CITY,WARRIOR,HERO_POWER,False,,Deal $8 damage to a random enemy. (Last use!),38d2eff44ca3824d210f39207a6f28f190397ff53d70782f58955bf48cb3396d,declarative,True,focused_or_regression_tests
TLC_633,117950,Bugsquasher,THE_LOST_CITY,DEMONHUNTER,MINION,True,BATTLECRY,Battlecry: Deal 6 damage to an enemy minion with a minion type.,11b9882021d92b63e06b004f1e49bf5afff2bb85e8643add48c142a056bff5ce,not_implemented,False,missing
TLC_810,117231,High Cultist Herenn,THE_LOST_CITY,DEATHKNIGHT,MINION,True,BATTLECRY,Battlecry: Summon two Deathrattle minions from your deck. They fight!,6bfca4c41fedad7df74ede42861dd1c4f4f349e5d42b31cee6099dd650299b2f,not_implemented,False,missing
TLC_811,117232,Archaios,THE_LOST_CITY,PRIEST,MINION,True,TRIGGER_VISUAL,"Whenever another friendly minion attacks, set its Health equal to this minion's Health.",0a76881f64069beebc819160f210409f8bf12d2abecc5453fe1b5ca74485ccf9,not_implemented,False,missing
TLC_813,117310,Purifying Vines,THE_LOST_CITY,PRIEST,SPELL,False,,"Choose a minion. If it's friendly, give it +2 Health. If it's an enemy, give it -2 Health.",6ffb46f19d09da8ca697e47f4ebee4eca01a5ca330c7c1afc0906706ef935d21,legacy_compatibility,True,focused_or_regression_tests
TLC_813e,117311,Verdant Vines,THE_LOST_CITY,PRIEST,ENCHANTMENT,False,,+2 Health.,4537d2f8b2241fa9afe523e83498ca53ffec37f32e64a1e49622488d8416d655,not_implemented,False,missing
TLC_813e2,120091,Withering Vines,THE_LOST_CITY,PRIEST,ENCHANTMENT,False,,-2 Health.,2e004013111a04607c2bc59c16bdfd9fdcb0ccbd06b71144be0bbfc8b4fcc9d0,not_implemented,False,missing
TLC_814,117312,Twilight Mender,THE_LOST_CITY,PRIEST,MINION,True,DEATHRATTLE,Deathrattle: Get a random Holy and Shadow spell.,7d3fcb17455249aa828e5609e37080a55482106b1fe567165999c13249558616,not_implemented,False,missing
TLC_815,117316,Gravedawn Voidbulb,THE_LOST_CITY,PRIEST,SPELL,True,,Summon a random 4-Cost minion and give it Taunt. Kindred: Do it again.,b56ab0e9731b5c9c2dabe77997c221d0a29e9e182bb3385d074e2efc8fb788cb,not_implemented,False,missing
TLC_815e,117550,Void Touched,THE_LOST_CITY,PRIEST,ENCHANTMENT,False,,Taunt.,9023fa273474d81b46de0f00c33b47226be03e19983da61de5110a2db723c362,not_implemented,False,missing
TLC_816,117317,Gravedawn Sunbloom,THE_LOST_CITY,PRIEST,SPELL,True,,Draw 2 cards. Kindred: This costs (2) less.,399bfb8bc49915e2e516e27c4f25d7e5e3df46d4c136e16ba584fbd40706d10c,not_implemented,False,missing
TLC_817,117544,Reach Equilibrium,THE_LOST_CITY,PRIEST,SPELL,True,QUEST,Quest: Cast 4 Holy spells Reward: Life's Breath. Quest: Cast 4 Shadow spells. Reward: Death's Touch.,08f8829dd148299b04f1c0be1cba259904aedbd90a7af9e44eadf39c201eed43,not_implemented,False,missing
TLC_817t,117545,Cleanse the Shadow,THE_LOST_CITY,PRIEST,SPELL,False,QUEST,Quest: Cast 4 Holy spells. Reward: Life's Breath.,1666fe121c4964789df7d6bb213f29fb6d2743227a08df0e9101eff6e12fbe12,not_implemented,False,missing
TLC_817t2,119726,Corrupt the Light,THE_LOST_CITY,PRIEST,SPELL,False,QUEST,Quest: Cast 4 Shadow spells. Reward: Death's Touch.,f2a8f281af399857004abbc9f743d231650d45a3f1d77d2d05af44af35a32bf3,not_implemented,False,missing
TLC_817t3,118551,"Sol'etos, Life's Breath",THE_LOST_CITY,PRIEST,MINION,False,"BATTLECRY,TAUNT","Taunt. Battlecry: Summon a copy of this. If you're holding both halves of Sol'etos, combine!",aa349e023527c4e1c26d131cf51a621361ca750255533c8f0bb51ae133dd60c4,not_implemented,False,missing
TLC_817t4,118552,"Sol'etos, Death's Touch",THE_LOST_CITY,PRIEST,MINION,False,"DEATHRATTLE,REBORN","Reborn. Deathrattle: Deal 5 damage to a random enemy. If you're holding both halves of Sol'etos, combine!",83d3a6fb0bb33979ba04af430434f427b71e274d666c6fb93cb72d91714e9912,not_implemented,False,missing
TLC_817t5,119879,"Sol'etos, Cycle's Rebirth",THE_LOST_CITY,PRIEST,MINION,False,"BATTLECRY,DEATHRATTLE,REBORN,TAUNT","Taunt, Reborn. Battlecry: Summon a copy of this. Deathrattle: Deal 5 damage to a random enemy.",67f624f36fab4d1fe642556b70ea741831fb6a831612f23b88e0ddf0d81e69ea,not_implemented,False,missing
TLC_818,117557,Resuscitate,THE_LOST_CITY,PRIEST,SPELL,True,,"Resurrect a 1, 2, and 3-Cost minion. Give them Reborn.",0b660023fb9ed9a1ec6346420e6b8fdd22a3db5973a0045fb64ddad5bffe2096,not_implemented,False,missing
TLC_819,117563,Gladesong Siren,THE_LOST_CITY,PRIEST,MINION,True,LIFESTEAL,Lifesteal Costs (1) if you've cast a Holy and Shadow spell this turn.,a9c89e5647fe186243192eaab2586294bcca463b72286d1d7e4be9e74b912598,not_implemented,False,missing
TLC_820,117565,Glade Ecologist,THE_LOST_CITY,PRIEST,MINION,True,DEATHRATTLE,Deathrattle: Get a 1-Cost Holy spell that gives a minion +2 or -2 Health.,9f29105839f1991433d24579429b689d7f8ff6c5afd0c007fa95d690b9df06af,declarative,True,focused_or_regression_tests
TLC_821,117566,Wilted Shadow,THE_LOST_CITY,PRIEST,MINION,True,"LIFESTEAL,TRIGGER_VISUAL","Lifesteal Whenever you heal an enemy, this attacks it.",c6ba66193e3096bd645510994966d96a76301fdfd93a71191a582ff950e6a04c,not_implemented,False,missing
TLC_822,117574,Dinositter,THE_LOST_CITY,HUNTER,MINION,True,TRIGGER_VISUAL,"At the end of your turn, reduce the Cost of a random Beast in your hand by (1).",f8fbafce6b6c3942e8cb3ff75c98120c7d72e019f1c642345fcc7d91cc55ff8c,not_implemented,False,missing
TLC_823,117580,Cower in Fear,THE_LOST_CITY,HUNTER,SPELL,True,,Deal $3 damage to a minion. The next Beast you play this turn costs (2) less.,b19d9e548f5463f1cae0a81aa1681f62a88d83eefe32e1cc52c9389234d6a3f6,not_implemented,False,missing
TLC_823e1,118270,Cower in Fear Player Enchant,THE_LOST_CITY,HUNTER,ENCHANTMENT,False,"CANT_BE_SILENCED,TAG_ONE_TURN_EFFECT",The next Beast you play this turn costs (2) less.,fe51e22232554f13ae661c4f0a8deadf3587616d8ab60e6bb37937bc40bc9845,not_implemented,False,missing
TLC_824,117596,Odd Map,THE_LOST_CITY,HUNTER,SPELL,True,DISCOVER,"Discover an odd-Attack Beast. If you play it this turn, also pick one of the others.",ddf8b9b31a056b65e77ad28cdcc738632a165d51ca32e961c986aeb7f7d7f34a,not_implemented,False,missing
TLC_824e,117597,Odd Map Player Enchant,THE_LOST_CITY,HUNTER,ENCHANTMENT,False,TAG_ONE_TURN_EFFECT,"If you play the Discovered card this turn, also choose one of the other two options.",659c970c8342820787af28ce17b3ac426efc888882c72edc9c8555b647cdf251,not_implemented,False,missing
TLC_825,117598,Ravasaur Matriarch,THE_LOST_CITY,HUNTER,MINION,True,,Kindred: Deal damage to an enemy minion equal to this minion's Attack.,4d3ed782723a37e23ecdebc8c42dd71240766e7bcb8300db5f52f46ed97d5237,not_implemented,False,missing
TLC_826,117599,Story of Carnassa,THE_LOST_CITY,HUNTER,SPELL,True,,"Shuffle ten 1-Cost 3/2 Raptors into your deck with ""Battlecry: Draw a card.""",2f512ef976ab3e7063f53af3acde36bf921ebd61cc9898400327614fe853759e,not_implemented,False,missing
TLC_827,117600,Grazing Stegodon,THE_LOST_CITY,HUNTER,MINION,True,TRIGGER_VISUAL,"At the end of your turn, gain +1 Attack (even while in hand or deck).",5973cd70d8225e4afda5f999169352d134bbfb70c68201201e8cf0f9570590b6,not_implemented,False,missing
TLC_827e,117601,Nom nom nom,THE_LOST_CITY,HUNTER,ENCHANTMENT,False,,+1 Attack.,da9702f303d6e735aba7c40477f38a1b7f086b28e4b9a0ae105228e6b77720fe,not_implemented,False,missing
TLC_828,117602,Supreme Dinomancy,THE_LOST_CITY,HUNTER,SPELL,True,,"Give +2/+2 to all Beasts in your hand, deck, and battlefield.",d8201f0020c5fad6bdaaa4305f39defdbafc18cf3ca2401712da156aa33b9730,not_implemented,False,missing
TLC_828e,117608,Supremely Dinomanced,THE_LOST_CITY,HUNTER,ENCHANTMENT,False,,+2/+2.,6496ac6ee3bdc68621e62fed137957624c2b0bd825dd961051f0d8c2f5e4eb44,not_implemented,False,missing
TLC_829,117610,Ravenous Devilsaur,THE_LOST_CITY,NEUTRAL,MINION,True,BATTLECRY,Battlecry: Destroy a minion. Kindred: Gain its stats.,2c94ff23c34e295e5b76d85eb77dbf18595bb69ba2c32b6b6e07d8085bbf5af3,not_implemented,False,missing
TLC_829t,117614,Bones,THE_LOST_CITY,NEUTRAL,SPELL,False,,Give a minion +{0}/+{1}.,c44506755732c554e2cf04fc1b0487e00ee6478829837825450a1512abd37e2c,not_implemented,False,missing
TLC_829te,117621,Bones of Prey,THE_LOST_CITY,NEUTRAL,ENCHANTMENT,False,,Increased stats.,86366dffd9632c41254a7086bccc8785950a645bfec07910fece2646282f81be,not_implemented,False,missing
TLC_829te2,121750,Ravenous,THE_LOST_CITY,NEUTRAL,ENCHANTMENT,False,,Increased stats.,86366dffd9632c41254a7086bccc8785950a645bfec07910fece2646282f81be,not_implemented,False,missing
TLC_830,117672,The Food Chain,THE_LOST_CITY,HUNTER,SPELL,True,QUEST,"Quest: Play a 1, 3, 5, and 7-Attack Beast. Reward: Shokk.",c001cc379b0a35ddf13735be4e95eea8cd6c58c9366df3482f35c60175aa3b1d,not_implemented,False,missing
TLC_830t,117673,"Shokk, Jungle Tyrant",THE_LOST_CITY,HUNTER,MINION,False,"BATTLECRY,RUSH","Rush Battlecry: Discover any 8, 6, and 4-Attack Beast. Set their Costs to (2).",eaf54a2206ddaf5ee4bec899fd6afb7a5bdbafcc67256c3401a9ec323eb76af2,not_implemented,False,missing
TLC_831,117674,Pterrordax Egg,THE_LOST_CITY,NEUTRAL,MINION,True,DEATHRATTLE,Deathrattle: Summon a 3/3 Pterrordax that steals 1 Health from all other minions.,335b56f028bcd766ba2b7804ff323ead42e9ff179de41f7559375cf8e9149f59,not_implemented,False,missing
TLC_831e,121751,Pterrified,THE_LOST_CITY,NEUTRAL,ENCHANTMENT,False,,Reduced Health.,4dd4acb85099f9188ad0e06e8b4da63b7d0f83b53d93b6dd3aa4a3051acc95a1,not_implemented,False,missing
TLC_831e2,121752,Pterrifying,THE_LOST_CITY,NEUTRAL,ENCHANTMENT,False,,Increased Health.,0a095116cbb96492ee4587258e88f9f9ab41df735339655f8787bdaa56f08dd0,not_implemented,False,missing
TLC_831t,117675,Juvenile Pterrordax,THE_LOST_CITY,NEUTRAL,MINION,False,,,e3b0c44298fc1c149afbf4c8996fb92427ae41e4649b934ca495991b7852b855,not_implemented,False,missing
TLC_833,117813,Insect Claw,THE_LOST_CITY,DEMONHUNTER,WEAPON,True,TRIGGER_VISUAL,"After your hero attacks, summon a 2/1 Grub with Rush.",aa1d5d1a923f79c36a9b4d121b7426f9a3765173ed439b20c8a40e1281f13642,not_implemented,False,missing
TLC_835,120593,Story of Amara,THE_LOST_CITY,PRIEST,SPELL,True,,Set your hero's Health to 40.,f2ffcd2dbb96288ba8aea8e8ca3729c71518eddfb205ef7fc15920ee208f2908,not_implemented,False,missing
TLC_835e,120595,Warded By Amara,THE_LOST_CITY,PRIEST,ENCHANTMENT,False,,Increased Health.,0a095116cbb96492ee4587258e88f9f9ab41df735339655f8787bdaa56f08dd0,not_implemented,False,missing
TLC_836,121029,Niri of the Crater,THE_LOST_CITY,HUNTER,MINION,True,TRIGGER_VISUAL,"Whenever you play a 1-Cost minion, double its stats. Whenever you cast a 1-Cost spell, cast it twice.",bf6434e85f606d3feefa1210bb116d937618575b39cfd380b0057c22f1c4598c,not_implemented,False,missing
TLC_836e,121267,Endemic Fauna,THE_LOST_CITY,HUNTER,ENCHANTMENT,False,,Stats Doubled.,3e4db15e6ee22454a5e7efa75836df6e020bfe2b988959e2fa2b5ab5fc8eae29,not_implemented,False,missing
TLC_836e2,121269,Niri of the Crater Player Ench,THE_LOST_CITY,HUNTER,ENCHANTMENT,False,,1-Cost spells cast twice,ee711b761b799ad53a779649932590bfd434a98592f4a5e6b000305e7e512fde,not_implemented,False,missing
TLC_840,119754,Gorishi Tunneler,THE_LOST_CITY,DEMONHUNTER,MINION,True,"STEALTH,TRIGGER_VISUAL","Stealth After this attacks, deal 2 damage to the enemy hero.",6ed5922769ef802f8c1cbbe885674809fb97bd8070ddd304c1f3ffeaaf914ff3,not_implemented,False,missing
TLC_841,119755,Entomologist Toru,THE_LOST_CITY,DEMONHUNTER,MINION,True,BATTLECRY,Battlecry: Put each minion in your hand into 0/1 Jars that cost (1). Break them to release the minions!,ed4c60830982533a96c6e74bdff40c737c2c37dc7065d7030f0eaf0e46825795,not_implemented,False,missing
TLC_841e,120602,Jarring,THE_LOST_CITY,DEMONHUNTER,ENCHANTMENT,False,,Deathrattle: Free {0}!,7b432e7481086564590785591e919b77f4fe49a4bb5316d6b852cbcdc0cc6546,not_implemented,False,missing
TLC_841t,120598,Specimen Jar,THE_LOST_CITY,DEMONHUNTER,MINION,False,,Deathrattle: Release nothing. (It's just an empty jar.),4d7fecd401def05ab04363f0287d0a8773a9f96e905a92c57a2f0b3dac1940ca,not_implemented,False,missing
TLC_888,122318,Cloud Serpent,THE_LOST_CITY,NEUTRAL,MINION,True,BATTLECRY,Battlecry: Get a copy of another Elemental or Dragon in your hand.,c688ef9c077630ad1c90e1aa6be00f414873138a32da438c9d5ef81afdd1c4c4,legacy_compatibility,True,focused_or_regression_tests
TLC_900,117684,Hive Map,THE_LOST_CITY,DEMONHUNTER,SPELL,True,DISCOVER,"Discover a Fel spell. If you play it this turn, also pick one of the others.",bf43af642eba55caed4cb0b95f507fcf763431db30f5f6c2696301b57b0bcd58,not_implemented,False,missing
TLC_900e,120583,Hive Map,THE_LOST_CITY,DEMONHUNTER,ENCHANTMENT,False,TAG_ONE_TURN_EFFECT,"If you play the Discovered card this turn, also choose one of the other two options.",659c970c8342820787af28ce17b3ac426efc888882c72edc9c8555b647cdf251,not_implemented,False,missing
TLC_901,117685,Fumigate,THE_LOST_CITY,DEMONHUNTER,SPELL,True,,Deal $3 damage to a minion and all others of the same minion type.,8a121c295286eafba4dd7454331aceb278f47fda242727ed43a501227e58fa02,not_implemented,False,missing
TLC_902,117686,Infestation,THE_LOST_CITY,DEMONHUNTER,SPELL,True,,Get two 1-Cost Gorishi Stingers. Each one deals $2 damage and summons a 2/1 Grub with Rush.,2f29f034fc780a95ab6969134e5447f882150bef59680a421990df87be060478,not_implemented,False,missing
TLC_903,117687,Silithid Queen,THE_LOST_CITY,DEMONHUNTER,MINION,True,RUSH,Rush Kindred: Give your hero +5 Attack this turn.,e0746229db8a3867cef70d1b08fd94b879ec3d2c757faf99ed001caa17684192,not_implemented,False,missing
TLC_903e,123335,Queen's Stinger,THE_LOST_CITY,DEMONHUNTER,ENCHANTMENT,False,TAG_ONE_TURN_EFFECT,+5 Attack this turn.,73b13b94f8f330c4cfa16c6f98cc9ec83c4b6bd846c1c75a4028ac21b9b71e08,not_implemented,False,missing
TLC_903t,117689,Silithid Grub,THE_LOST_CITY,DEMONHUNTER,MINION,False,RUSH,Rush,34ebcd9fcba8b65689b051c3005a425f2d253adfaf42ff0f9cf99487762df7de,not_implemented,False,missing
TLC_987,118177,Questing Assistant,THE_LOST_CITY,NEUTRAL,MINION,True,BATTLECRY,"Battlecry: If you played a Quest this game, deal 3 damage to an enemy minion.",8a97ecaa48e2e77c19b7201906f885c0d12b6983c73877c8d22ddfcdd2229013,not_implemented,False,missing
TLC_COIN1,122529,The Coin,THE_LOST_CITY,NEUTRAL,SPELL,False,,Gain 1 Mana Crystal this turn only.,7e0b9838c71ab2fca09f4defa0790398e06cf2d4f4f0c10ea1634a74b712d126,declarative,True,focused_or_regression_tests
TLC_COIN2,122530,The Coin,THE_LOST_CITY,NEUTRAL,SPELL,False,,Gain 1 Mana Crystal this turn only.,7e0b9838c71ab2fca09f4defa0790398e06cf2d4f4f0c10ea1634a74b712d126,not_implemented,False,missing
TTN_851,98053,Resistance Aura,CORE,PALADIN,SPELL,True,TRIGGER_VISUAL,Your opponent's spells cost (1) more. Lasts 2 enemy turns.,590d88635e1741245252ce5d15150a1844e20252a860b761332bb5eafcd0c5ff,not_implemented,False,missing
TTN_851e,98065,Resistance,CORE,PALADIN,ENCHANTMENT,False,,Your opponent's spells cost (1) more.,867f889488ef7fabb76d90c7894270ba44609635703d6c8836aaf9bd04b6dcb3,not_implemented,False,missing
TTN_908e,96918,Crusader Aura,CORE,NEUTRAL,ENCHANTMENT,False,,"Whenever a friendly minion Attacks, give it +2/+1.",cf00d7b7f5df7e2c5e6eb8b024ebc414ecf06969f35d0e541866ea31a596a656,not_implemented,False,missing
